[{"fields": {"codelist_iati_version": "2.01", "name": "Afar", "codelist_successor": null, "description": ""}, "model": "iati_codelists.language", "pk": "aa"}, {"fields": {"codelist_iati_version": "2.01", "name": "Abkhazian", "codelist_successor": null, "description": ""}, "model": "iati_codelists.language", "pk": "ab"}, {"fields": {"codelist_iati_version": "2.01", "name": "Avestan", "codelist_successor": null, "description": ""}, "model": "iati_codelists.language", "pk": "ae"}, {"fields": {"codelist_iati_version": "2.01", "name": "Afrikaans", "codelist_successor": null, "description": ""}, "model": "iati_codelists.language", "pk": "af"}, {"fields": {"codelist_iati_version": "2.01", "name": "Akan", "codelist_successor": null, "description": ""}, "model": "iati_codelists.language", "pk": "ak"}, {"fields": {"codelist_iati_version": "2.01", "name": "Amharic", "codelist_successor": null, "description": ""}, "model": "iati_codelists.language", "pk": "am"}, {"fields": {"codelist_iati_version": "2.01", "name": "Aragonese", "codelist_successor": null, "description": ""}, "model": "iati_codelists.language", "pk": "an"}, {"fields": {"codelist_iati_version": "2.01", "name": "Arabic", "codelist_successor": null, "description": ""}, "model": "iati_codelists.language", "pk": "ar"}, {"fields": {"codelist_iati_version": "2.01", "name": "Assamese", "codelist_successor": null, "description": ""}, "model": "iati_codelists.language", "pk": "as"}, {"fields": {"codelist_iati_version": "2.01", "name": "Avaric", "codelist_successor": null, "description": ""}, "model": "iati_codelists.language", "pk": "av"}, {"fields": {"codelist_iati_version": "2.01", "name": "Aymara", "codelist_successor": null, "description": ""}, "model": "iati_codelists.language", "pk": "ay"}, {"fields": {"codelist_iati_version": "2.01", "name": "Azerbaijani", "codelist_successor": null, "description": ""}, "model": "iati_codelists.language", "pk": "az"}, {"fields": {"codelist_iati_version": "2.01", "name": "Bashkir", "codelist_successor": null, "description": ""}, "model": "iati_codelists.language", "pk": "ba"}, {"fields": {"codelist_iati_version": "2.01", "name": "Belarusian", "codelist_successor": null, "description": ""}, "model": "iati_codelists.language", "pk": "be"}, {"fields": {"codelist_iati_version": "2.01", "name": "Bulgarian", "codelist_successor": null, "description": ""}, "model": "iati_codelists.language", "pk": "bg"}, {"fields": {"codelist_iati_version": "2.01", "name": "Bihari languages", "codelist_successor": null, "description": ""}, "model": "iati_codelists.language", "pk": "bh"}, {"fields": {"codelist_iati_version": "2.01", "name": "Bislama", "codelist_successor": null, "description": ""}, "model": "iati_codelists.language", "pk": "bi"}, {"fields": {"codelist_iati_version": "2.01", "name": "Bambara", "codelist_successor": null, "description": ""}, "model": "iati_codelists.language", "pk": "bm"}, {"fields": {"codelist_iati_version": "2.01", "name": "Bengali", "codelist_successor": null, "description": ""}, "model": "iati_codelists.language", "pk": "bn"}, {"fields": {"codelist_iati_version": "2.01", "name": "Tibetan", "codelist_successor": null, "description": ""}, "model": "iati_codelists.language", "pk": "bo"}, {"fields": {"codelist_iati_version": "2.01", "name": "Breton", "codelist_successor": null, "description": ""}, "model": "iati_codelists.language", "pk": "br"}, {"fields": {"codelist_iati_version": "2.01", "name": "Bosnian", "codelist_successor": null, "description": ""}, "model": "iati_codelists.language", "pk": "bs"}, {"fields": {"codelist_iati_version": "2.01", "name": "Catalan; Valencian", "codelist_successor": null, "description": ""}, "model": "iati_codelists.language", "pk": "ca"}, {"fields": {"codelist_iati_version": "2.01", "name": "Chechen", "codelist_successor": null, "description": ""}, "model": "iati_codelists.language", "pk": "ce"}, {"fields": {"codelist_iati_version": "2.01", "name": "Chamorro", "codelist_successor": null, "description": ""}, "model": "iati_codelists.language", "pk": "ch"}, {"fields": {"codelist_iati_version": "2.01", "name": "Corsican", "codelist_successor": null, "description": ""}, "model": "iati_codelists.language", "pk": "co"}, {"fields": {"codelist_iati_version": "2.01", "name": "Cree", "codelist_successor": null, "description": ""}, "model": "iati_codelists.language", "pk": "cr"}, {"fields": {"codelist_iati_version": "2.01", "name": "Czech", "codelist_successor": null, "description": ""}, "model": "iati_codelists.language", "pk": "cs"}, {"fields": {"codelist_iati_version": "2.01", "name": "Chuvash", "codelist_successor": null, "description": ""}, "model": "iati_codelists.language", "pk": "cv"}, {"fields": {"codelist_iati_version": "2.01", "name": "Welsh", "codelist_successor": null, "description": ""}, "model": "iati_codelists.language", "pk": "cy"}, {"fields": {"codelist_iati_version": "2.01", "name": "Danish", "codelist_successor": null, "description": ""}, "model": "iati_codelists.language", "pk": "da"}, {"fields": {"codelist_iati_version": "2.01", "name": "German", "codelist_successor": null, "description": ""}, "model": "iati_codelists.language", "pk": "de"}, {"fields": {"codelist_iati_version": "2.01", "name": "Divehi; Dhivehi; Maldivian", "codelist_successor": null, "description": ""}, "model": "iati_codelists.language", "pk": "dv"}, {"fields": {"codelist_iati_version": "2.01", "name": "Dzongkha", "codelist_successor": null, "description": ""}, "model": "iati_codelists.language", "pk": "dz"}, {"fields": {"codelist_iati_version": "2.01", "name": "Ewe", "codelist_successor": null, "description": ""}, "model": "iati_codelists.language", "pk": "ee"}, {"fields": {"codelist_iati_version": "2.01", "name": "Greek", "codelist_successor": null, "description": ""}, "model": "iati_codelists.language", "pk": "el"}, {"fields": {"codelist_iati_version": "2.01", "name": "English", "codelist_successor": null, "description": ""}, "model": "iati_codelists.language", "pk": "en"}, {"fields": {"codelist_iati_version": "2.01", "name": "Esperanto", "codelist_successor": null, "description": ""}, "model": "iati_codelists.language", "pk": "eo"}, {"fields": {"codelist_iati_version": "2.01", "name": "Spanish; Castilian", "codelist_successor": null, "description": ""}, "model": "iati_codelists.language", "pk": "es"}, {"fields": {"codelist_iati_version": "2.01", "name": "Estonian", "codelist_successor": null, "description": ""}, "model": "iati_codelists.language", "pk": "et"}, {"fields": {"codelist_iati_version": "2.01", "name": "Basque", "codelist_successor": null, "description": ""}, "model": "iati_codelists.language", "pk": "eu"}, {"fields": {"codelist_iati_version": "2.01", "name": "Persian", "codelist_successor": null, "description": ""}, "model": "iati_codelists.language", "pk": "fa"}, {"fields": {"codelist_iati_version": "2.01", "name": "Fulah", "codelist_successor": null, "description": ""}, "model": "iati_codelists.language", "pk": "ff"}, {"fields": {"codelist_iati_version": "2.01", "name": "Finnish", "codelist_successor": null, "description": ""}, "model": "iati_codelists.language", "pk": "fi"}, {"fields": {"codelist_iati_version": "2.01", "name": "Fijian", "codelist_successor": null, "description": ""}, "model": "iati_codelists.language", "pk": "fj"}, {"fields": {"codelist_iati_version": "2.01", "name": "Faroese", "codelist_successor": null, "description": ""}, "model": "iati_codelists.language", "pk": "fo"}, {"fields": {"codelist_iati_version": "2.01", "name": "French", "codelist_successor": null, "description": ""}, "model": "iati_codelists.language", "pk": "fr"}, {"fields": {"codelist_iati_version": "2.01", "name": "Western Frisian", "codelist_successor": null, "description": ""}, "model": "iati_codelists.language", "pk": "fy"}, {"fields": {"codelist_iati_version": "2.01", "name": "Irish", "codelist_successor": null, "description": ""}, "model": "iati_codelists.language", "pk": "ga"}, {"fields": {"codelist_iati_version": "2.01", "name": "Gaelic; Scottish Gaelic", "codelist_successor": null, "description": ""}, "model": "iati_codelists.language", "pk": "gd"}, {"fields": {"codelist_iati_version": "2.01", "name": "Galician", "codelist_successor": null, "description": ""}, "model": "iati_codelists.language", "pk": "gl"}, {"fields": {"codelist_iati_version": "2.01", "name": "Guarani", "codelist_successor": null, "description": ""}, "model": "iati_codelists.language", "pk": "gn"}, {"fields": {"codelist_iati_version": "2.01", "name": "Gujarati", "codelist_successor": null, "description": ""}, "model": "iati_codelists.language", "pk": "gu"}, {"fields": {"codelist_iati_version": "2.01", "name": "Manx", "codelist_successor": null, "description": ""}, "model": "iati_codelists.language", "pk": "gv"}, {"fields": {"codelist_iati_version": "2.01", "name": "Hausa", "codelist_successor": null, "description": ""}, "model": "iati_codelists.language", "pk": "ha"}, {"fields": {"codelist_iati_version": "2.01", "name": "Hebrew", "codelist_successor": null, "description": ""}, "model": "iati_codelists.language", "pk": "he"}, {"fields": {"codelist_iati_version": "2.01", "name": "Hindi", "codelist_successor": null, "description": ""}, "model": "iati_codelists.language", "pk": "hi"}, {"fields": {"codelist_iati_version": "2.01", "name": "Hiri Motu", "codelist_successor": null, "description": ""}, "model": "iati_codelists.language", "pk": "ho"}, {"fields": {"codelist_iati_version": "2.01", "name": "Croatian", "codelist_successor": null, "description": ""}, "model": "iati_codelists.language", "pk": "hr"}, {"fields": {"codelist_iati_version": "2.01", "name": "Haitian; Haitian Creole", "codelist_successor": null, "description": ""}, "model": "iati_codelists.language", "pk": "ht"}, {"fields": {"codelist_iati_version": "2.01", "name": "Hungarian", "codelist_successor": null, "description": ""}, "model": "iati_codelists.language", "pk": "hu"}, {"fields": {"codelist_iati_version": "2.01", "name": "Armenian", "codelist_successor": null, "description": ""}, "model": "iati_codelists.language", "pk": "hy"}, {"fields": {"codelist_iati_version": "2.01", "name": "Herero", "codelist_successor": null, "description": ""}, "model": "iati_codelists.language", "pk": "hz"}, {"fields": {"codelist_iati_version": "2.01", "name": "Indonesian", "codelist_successor": null, "description": ""}, "model": "iati_codelists.language", "pk": "id"}, {"fields": {"codelist_iati_version": "2.01", "name": "Igbo", "codelist_successor": null, "description": ""}, "model": "iati_codelists.language", "pk": "ig"}, {"fields": {"codelist_iati_version": "2.01", "name": "Sichuan Yi; Nuosu", "codelist_successor": null, "description": ""}, "model": "iati_codelists.language", "pk": "ii"}, {"fields": {"codelist_iati_version": "2.01", "name": "Inupiaq", "codelist_successor": null, "description": ""}, "model": "iati_codelists.language", "pk": "ik"}, {"fields": {"codelist_iati_version": "2.01", "name": "Ido", "codelist_successor": null, "description": ""}, "model": "iati_codelists.language", "pk": "io"}, {"fields": {"codelist_iati_version": "2.01", "name": "Icelandic", "codelist_successor": null, "description": ""}, "model": "iati_codelists.language", "pk": "is"}, {"fields": {"codelist_iati_version": "2.01", "name": "Italian", "codelist_successor": null, "description": ""}, "model": "iati_codelists.language", "pk": "it"}, {"fields": {"codelist_iati_version": "2.01", "name": "Inuktitut", "codelist_successor": null, "description": ""}, "model": "iati_codelists.language", "pk": "iu"}, {"fields": {"codelist_iati_version": "2.01", "name": "Japanese", "codelist_successor": null, "description": ""}, "model": "iati_codelists.language", "pk": "ja"}, {"fields": {"codelist_iati_version": "2.01", "name": "Javanese", "codelist_successor": null, "description": ""}, "model": "iati_codelists.language", "pk": "jv"}, {"fields": {"codelist_iati_version": "2.01", "name": "Georgian", "codelist_successor": null, "description": ""}, "model": "iati_codelists.language", "pk": "ka"}, {"fields": {"codelist_iati_version": "2.01", "name": "Kongo", "codelist_successor": null, "description": ""}, "model": "iati_codelists.language", "pk": "kg"}, {"fields": {"codelist_iati_version": "2.01", "name": "Kikuyu; Gikuyu", "codelist_successor": null, "description": ""}, "model": "iati_codelists.language", "pk": "ki"}, {"fields": {"codelist_iati_version": "2.01", "name": "Kuanyama; Kwanyama", "codelist_successor": null, "description": ""}, "model": "iati_codelists.language", "pk": "kj"}, {"fields": {"codelist_iati_version": "2.01", "name": "Kazakh", "codelist_successor": null, "description": ""}, "model": "iati_codelists.language", "pk": "kk"}, {"fields": {"codelist_iati_version": "2.01", "name": "Kalaallisut; Greenlandic", "codelist_successor": null, "description": ""}, "model": "iati_codelists.language", "pk": "kl"}, {"fields": {"codelist_iati_version": "2.01", "name": "Central Khmer", "codelist_successor": null, "description": ""}, "model": "iati_codelists.language", "pk": "km"}, {"fields": {"codelist_iati_version": "2.01", "name": "Kannada", "codelist_successor": null, "description": ""}, "model": "iati_codelists.language", "pk": "kn"}, {"fields": {"codelist_iati_version": "2.01", "name": "Korean", "codelist_successor": null, "description": ""}, "model": "iati_codelists.language", "pk": "ko"}, {"fields": {"codelist_iati_version": "2.01", "name": "Kanuri", "codelist_successor": null, "description": ""}, "model": "iati_codelists.language", "pk": "kr"}, {"fields": {"codelist_iati_version": "2.01", "name": "Kashmiri", "codelist_successor": null, "description": ""}, "model": "iati_codelists.language", "pk": "ks"}, {"fields": {"codelist_iati_version": "2.01", "name": "Kurdish", "codelist_successor": null, "description": ""}, "model": "iati_codelists.language", "pk": "ku"}, {"fields": {"codelist_iati_version": "2.01", "name": "Komi", "codelist_successor": null, "description": ""}, "model": "iati_codelists.language", "pk": "kv"}, {"fields": {"codelist_iati_version": "2.01", "name": "Cornish", "codelist_successor": null, "description": ""}, "model": "iati_codelists.language", "pk": "kw"}, {"fields": {"codelist_iati_version": "2.01", "name": "Kirghiz; Kyrgyz", "codelist_successor": null, "description": ""}, "model": "iati_codelists.language", "pk": "ky"}, {"fields": {"codelist_iati_version": "2.01", "name": "Latin", "codelist_successor": null, "description": ""}, "model": "iati_codelists.language", "pk": "la"}, {"fields": {"codelist_iati_version": "2.01", "name": "Luxembourgish; Letzeburgesch", "codelist_successor": null, "description": ""}, "model": "iati_codelists.language", "pk": "lb"}, {"fields": {"codelist_iati_version": "2.01", "name": "Ganda", "codelist_successor": null, "description": ""}, "model": "iati_codelists.language", "pk": "lg"}, {"fields": {"codelist_iati_version": "2.01", "name": "Limburgan; Limburger; Limburgish", "codelist_successor": null, "description": ""}, "model": "iati_codelists.language", "pk": "li"}, {"fields": {"codelist_iati_version": "2.01", "name": "Lingala", "codelist_successor": null, "description": ""}, "model": "iati_codelists.language", "pk": "ln"}, {"fields": {"codelist_iati_version": "2.01", "name": "Lao", "codelist_successor": null, "description": ""}, "model": "iati_codelists.language", "pk": "lo"}, {"fields": {"codelist_iati_version": "2.01", "name": "Lithuanian", "codelist_successor": null, "description": ""}, "model": "iati_codelists.language", "pk": "lt"}, {"fields": {"codelist_iati_version": "2.01", "name": "Luba-Katanga", "codelist_successor": null, "description": ""}, "model": "iati_codelists.language", "pk": "lu"}, {"fields": {"codelist_iati_version": "2.01", "name": "Latvian", "codelist_successor": null, "description": ""}, "model": "iati_codelists.language", "pk": "lv"}, {"fields": {"codelist_iati_version": "2.01", "name": "Malagasy", "codelist_successor": null, "description": ""}, "model": "iati_codelists.language", "pk": "mg"}, {"fields": {"codelist_iati_version": "2.01", "name": "Marshallese", "codelist_successor": null, "description": ""}, "model": "iati_codelists.language", "pk": "mh"}, {"fields": {"codelist_iati_version": "2.01", "name": "Maori", "codelist_successor": null, "description": ""}, "model": "iati_codelists.language", "pk": "mi"}, {"fields": {"codelist_iati_version": "2.01", "name": "Macedonian", "codelist_successor": null, "description": ""}, "model": "iati_codelists.language", "pk": "mk"}, {"fields": {"codelist_iati_version": "2.01", "name": "Malayalam", "codelist_successor": null, "description": ""}, "model": "iati_codelists.language", "pk": "ml"}, {"fields": {"codelist_iati_version": "2.01", "name": "Mongolian", "codelist_successor": null, "description": ""}, "model": "iati_codelists.language", "pk": "mn"}, {"fields": {"codelist_iati_version": "2.01", "name": "Marathi", "codelist_successor": null, "description": ""}, "model": "iati_codelists.language", "pk": "mr"}, {"fields": {"codelist_iati_version": "2.01", "name": "Malay", "codelist_successor": null, "description": ""}, "model": "iati_codelists.language", "pk": "ms"}, {"fields": {"codelist_iati_version": "2.01", "name": "Maltese", "codelist_successor": null, "description": ""}, "model": "iati_codelists.language", "pk": "mt"}, {"fields": {"codelist_iati_version": "2.01", "name": "Burmese", "codelist_successor": null, "description": ""}, "model": "iati_codelists.language", "pk": "my"}, {"fields": {"codelist_iati_version": "2.01", "name": "Nauru", "codelist_successor": null, "description": ""}, "model": "iati_codelists.language", "pk": "na"}, {"fields": {"codelist_iati_version": "2.01", "name": "Bokm\u00e5l, Norwegian; Norwegian Bokm\u00e5l", "codelist_successor": null, "description": ""}, "model": "iati_codelists.language", "pk": "nb"}, {"fields": {"codelist_iati_version": "2.01", "name": "Ndebele, North; North Ndebele", "codelist_successor": null, "description": ""}, "model": "iati_codelists.language", "pk": "nd"}, {"fields": {"codelist_iati_version": "2.01", "name": "Nepali", "codelist_successor": null, "description": ""}, "model": "iati_codelists.language", "pk": "ne"}, {"fields": {"codelist_iati_version": "2.01", "name": "Ndonga", "codelist_successor": null, "description": ""}, "model": "iati_codelists.language", "pk": "ng"}, {"fields": {"codelist_iati_version": "2.01", "name": "Dutch; Flemish", "codelist_successor": null, "description": ""}, "model": "iati_codelists.language", "pk": "nl"}, {"fields": {"codelist_iati_version": "2.01", "name": "Norwegian Nynorsk; Nynorsk, Norwegian", "codelist_successor": null, "description": ""}, "model": "iati_codelists.language", "pk": "nn"}, {"fields": {"codelist_iati_version": "2.01", "name": "Norwegian", "codelist_successor": null, "description": ""}, "model": "iati_codelists.language", "pk": "no"}, {"fields": {"codelist_iati_version": "2.01", "name": "Ndebele, South; South Ndebele", "codelist_successor": null, "description": ""}, "model": "iati_codelists.language", "pk": "nr"}, {"fields": {"codelist_iati_version": "2.01", "name": "Navajo; Navaho", "codelist_successor": null, "description": ""}, "model": "iati_codelists.language", "pk": "nv"}, {"fields": {"codelist_iati_version": "2.01", "name": "Chichewa; Chewa; Nyanja", "codelist_successor": null, "description": ""}, "model": "iati_codelists.language", "pk": "ny"}, {"fields": {"codelist_iati_version": "2.01", "name": "Occitan (post 1500)", "codelist_successor": null, "description": ""}, "model": "iati_codelists.language", "pk": "oc"}, {"fields": {"codelist_iati_version": "2.01", "name": "Ojibwa", "codelist_successor": null, "description": ""}, "model": "iati_codelists.language", "pk": "oj"}, {"fields": {"codelist_iati_version": "2.01", "name": "Oromo", "codelist_successor": null, "description": ""}, "model": "iati_codelists.language", "pk": "om"}, {"fields": {"codelist_iati_version": "2.01", "name": "Oriya", "codelist_successor": null, "description": ""}, "model": "iati_codelists.language", "pk": "or"}, {"fields": {"codelist_iati_version": "2.01", "name": "Ossetian; Ossetic", "codelist_successor": null, "description": ""}, "model": "iati_codelists.language", "pk": "os"}, {"fields": {"codelist_iati_version": "2.01", "name": "Panjabi; Punjabi", "codelist_successor": null, "description": ""}, "model": "iati_codelists.language", "pk": "pa"}, {"fields": {"codelist_iati_version": "2.01", "name": "Pali", "codelist_successor": null, "description": ""}, "model": "iati_codelists.language", "pk": "pi"}, {"fields": {"codelist_iati_version": "2.01", "name": "Polish", "codelist_successor": null, "description": ""}, "model": "iati_codelists.language", "pk": "pl"}, {"fields": {"codelist_iati_version": "2.01", "name": "Pushto; Pashto", "codelist_successor": null, "description": ""}, "model": "iati_codelists.language", "pk": "ps"}, {"fields": {"codelist_iati_version": "2.01", "name": "Portuguese", "codelist_successor": null, "description": ""}, "model": "iati_codelists.language", "pk": "pt"}, {"fields": {"codelist_iati_version": "2.01", "name": "Quechua", "codelist_successor": null, "description": ""}, "model": "iati_codelists.language", "pk": "qu"}, {"fields": {"codelist_iati_version": "2.01", "name": "Romansh", "codelist_successor": null, "description": ""}, "model": "iati_codelists.language", "pk": "rm"}, {"fields": {"codelist_iati_version": "2.01", "name": "Rundi", "codelist_successor": null, "description": ""}, "model": "iati_codelists.language", "pk": "rn"}, {"fields": {"codelist_iati_version": "2.01", "name": "Romanian; Moldavian; Moldovan", "codelist_successor": null, "description": ""}, "model": "iati_codelists.language", "pk": "ro"}, {"fields": {"codelist_iati_version": "2.01", "name": "Russian", "codelist_successor": null, "description": ""}, "model": "iati_codelists.language", "pk": "ru"}, {"fields": {"codelist_iati_version": "2.01", "name": "Kinyarwanda", "codelist_successor": null, "description": ""}, "model": "iati_codelists.language", "pk": "rw"}, {"fields": {"codelist_iati_version": "2.01", "name": "Sanskrit", "codelist_successor": null, "description": ""}, "model": "iati_codelists.language", "pk": "sa"}, {"fields": {"codelist_iati_version": "2.01", "name": "Sardinian", "codelist_successor": null, "description": ""}, "model": "iati_codelists.language", "pk": "sc"}, {"fields": {"codelist_iati_version": "2.01", "name": "Sindhi", "codelist_successor": null, "description": ""}, "model": "iati_codelists.language", "pk": "sd"}, {"fields": {"codelist_iati_version": "2.01", "name": "Northern Sami", "codelist_successor": null, "description": ""}, "model": "iati_codelists.language", "pk": "se"}, {"fields": {"codelist_iati_version": "2.01", "name": "Sango", "codelist_successor": null, "description": ""}, "model": "iati_codelists.language", "pk": "sg"}, {"fields": {"codelist_iati_version": "2.01", "name": "Sinhala; Sinhalese", "codelist_successor": null, "description": ""}, "model": "iati_codelists.language", "pk": "si"}, {"fields": {"codelist_iati_version": "2.01", "name": "Slovak", "codelist_successor": null, "description": ""}, "model": "iati_codelists.language", "pk": "sk"}, {"fields": {"codelist_iati_version": "2.01", "name": "Slovenian", "codelist_successor": null, "description": ""}, "model": "iati_codelists.language", "pk": "sl"}, {"fields": {"codelist_iati_version": "2.01", "name": "Samoan", "codelist_successor": null, "description": ""}, "model": "iati_codelists.language", "pk": "sm"}, {"fields": {"codelist_iati_version": "2.01", "name": "Shona", "codelist_successor": null, "description": ""}, "model": "iati_codelists.language", "pk": "sn"}, {"fields": {"codelist_iati_version": "2.01", "name": "Somali", "codelist_successor": null, "description": ""}, "model": "iati_codelists.language", "pk": "so"}, {"fields": {"codelist_iati_version": "2.01", "name": "Albanian", "codelist_successor": null, "description": ""}, "model": "iati_codelists.language", "pk": "sq"}, {"fields": {"codelist_iati_version": "2.01", "name": "Serbian", "codelist_successor": null, "description": ""}, "model": "iati_codelists.language", "pk": "sr"}, {"fields": {"codelist_iati_version": "2.01", "name": "Swati", "codelist_successor": null, "description": ""}, "model": "iati_codelists.language", "pk": "ss"}, {"fields": {"codelist_iati_version": "2.01", "name": "Sotho, Southern", "codelist_successor": null, "description": ""}, "model": "iati_codelists.language", "pk": "st"}, {"fields": {"codelist_iati_version": "2.01", "name": "Sundanese", "codelist_successor": null, "description": ""}, "model": "iati_codelists.language", "pk": "su"}, {"fields": {"codelist_iati_version": "2.01", "name": "Swedish", "codelist_successor": null, "description": ""}, "model": "iati_codelists.language", "pk": "sv"}, {"fields": {"codelist_iati_version": "2.01", "name": "Swahili", "codelist_successor": null, "description": ""}, "model": "iati_codelists.language", "pk": "sw"}, {"fields": {"codelist_iati_version": "2.01", "name": "Tamil", "codelist_successor": null, "description": ""}, "model": "iati_codelists.language", "pk": "ta"}, {"fields": {"codelist_iati_version": "2.01", "name": "Telugu", "codelist_successor": null, "description": ""}, "model": "iati_codelists.language", "pk": "te"}, {"fields": {"codelist_iati_version": "2.01", "name": "Tajik", "codelist_successor": null, "description": ""}, "model": "iati_codelists.language", "pk": "tg"}, {"fields": {"codelist_iati_version": "2.01", "name": "Thai", "codelist_successor": null, "description": ""}, "model": "iati_codelists.language", "pk": "th"}, {"fields": {"codelist_iati_version": "2.01", "name": "Tigrinya", "codelist_successor": null, "description": ""}, "model": "iati_codelists.language", "pk": "ti"}, {"fields": {"codelist_iati_version": "2.01", "name": "Turkmen", "codelist_successor": null, "description": ""}, "model": "iati_codelists.language", "pk": "tk"}, {"fields": {"codelist_iati_version": "2.01", "name": "Tagalog", "codelist_successor": null, "description": ""}, "model": "iati_codelists.language", "pk": "tl"}, {"fields": {"codelist_iati_version": "2.01", "name": "Tswana", "codelist_successor": null, "description": ""}, "model": "iati_codelists.language", "pk": "tn"}, {"fields": {"codelist_iati_version": "2.01", "name": "Tonga (Tonga Islands)", "codelist_successor": null, "description": ""}, "model": "iati_codelists.language", "pk": "to"}, {"fields": {"codelist_iati_version": "2.01", "name": "Turkish", "codelist_successor": null, "description": ""}, "model": "iati_codelists.language", "pk": "tr"}, {"fields": {"codelist_iati_version": "2.01", "name": "Tsonga", "codelist_successor": null, "description": ""}, "model": "iati_codelists.language", "pk": "ts"}, {"fields": {"codelist_iati_version": "2.01", "name": "Tatar", "codelist_successor": null, "description": ""}, "model": "iati_codelists.language", "pk": "tt"}, {"fields": {"codelist_iati_version": "2.01", "name": "Twi", "codelist_successor": null, "description": ""}, "model": "iati_codelists.language", "pk": "tw"}, {"fields": {"codelist_iati_version": "2.01", "name": "Tahitian", "codelist_successor": null, "description": ""}, "model": "iati_codelists.language", "pk": "ty"}, {"fields": {"codelist_iati_version": "2.01", "name": "Uighur; Uyghur", "codelist_successor": null, "description": ""}, "model": "iati_codelists.language", "pk": "ug"}, {"fields": {"codelist_iati_version": "2.01", "name": "Ukrainian", "codelist_successor": null, "description": ""}, "model": "iati_codelists.language", "pk": "uk"}, {"fields": {"codelist_iati_version": "2.01", "name": "Urdu", "codelist_successor": null, "description": ""}, "model": "iati_codelists.language", "pk": "ur"}, {"fields": {"codelist_iati_version": "2.01", "name": "Uzbek", "codelist_successor": null, "description": ""}, "model": "iati_codelists.language", "pk": "uz"}, {"fields": {"codelist_iati_version": "2.01", "name": "Venda", "codelist_successor": null, "description": ""}, "model": "iati_codelists.language", "pk": "ve"}, {"fields": {"codelist_iati_version": "2.01", "name": "Vietnamese", "codelist_successor": null, "description": ""}, "model": "iati_codelists.language", "pk": "vi"}, {"fields": {"codelist_iati_version": "2.01", "name": "Volap\u00fck", "codelist_successor": null, "description": ""}, "model": "iati_codelists.language", "pk": "vo"}, {"fields": {"codelist_iati_version": "2.01", "name": "Walloon", "codelist_successor": null, "description": ""}, "model": "iati_codelists.language", "pk": "wa"}, {"fields": {"codelist_iati_version": "2.01", "name": "Wolof", "codelist_successor": null, "description": ""}, "model": "iati_codelists.language", "pk": "wo"}, {"fields": {"codelist_iati_version": "2.01", "name": "Xhosa", "codelist_successor": null, "description": ""}, "model": "iati_codelists.language", "pk": "xh"}, {"fields": {"codelist_iati_version": "2.01", "name": "Yiddish", "codelist_successor": null, "description": ""}, "model": "iati_codelists.language", "pk": "yi"}, {"fields": {"codelist_iati_version": "2.01", "name": "Yoruba", "codelist_successor": null, "description": ""}, "model": "iati_codelists.language", "pk": "yo"}, {"fields": {"codelist_iati_version": "2.01", "name": "Zhuang; Chuang", "codelist_successor": null, "description": ""}, "model": "iati_codelists.language", "pk": "za"}, {"fields": {"codelist_iati_version": "2.01", "name": "Chinese", "codelist_successor": null, "description": ""}, "model": "iati_codelists.language", "pk": "zh"}, {"fields": {"codelist_iati_version": "2.01", "name": "Zulu", "codelist_successor": null, "description": ""}, "model": "iati_codelists.language", "pk": "zu"}, {"fields": {"codelist_iati_version": "2.01", "name": "Planned start", "codelist_successor": null, "description": "The date on which the activity is planned to start, for example the date of the first planned disbursement or when physical activity starts."}, "model": "iati_codelists.activitydatetype", "pk": "1"}, {"fields": {"codelist_iati_version": "2.01", "name": "Actual start", "codelist_successor": null, "description": "The actual date the activity starts, for example the date of the first disbursement or when physical activity starts."}, "model": "iati_codelists.activitydatetype", "pk": "2"}, {"fields": {"codelist_iati_version": "2.01", "name": "Planned End", "codelist_successor": null, "description": "The date on which the activity is planned to end, for example the date of the last planned disbursement or when physical activity is complete."}, "model": "iati_codelists.activitydatetype", "pk": "3"}, {"fields": {"codelist_iati_version": "2.01", "name": "Actual end", "codelist_successor": null, "description": "The actual date the activity ends, for example the date of the last disbursement or when physical activity is complete."}, "model": "iati_codelists.activitydatetype", "pk": "4"}, {"fields": {"codelist_iati_version": "2.01", "name": "Pipeline/identification", "codelist_successor": null, "description": "The activity is being scoped or planned "}, "model": "iati_codelists.activitystatus", "pk": "1"}, {"fields": {"codelist_iati_version": "2.01", "name": "Implementation", "codelist_successor": null, "description": "The activity is currently being implemented"}, "model": "iati_codelists.activitystatus", "pk": "2"}, {"fields": {"codelist_iati_version": "2.01", "name": "Completion", "codelist_successor": null, "description": "Physical activity is complete or the final disbursement has been made."}, "model": "iati_codelists.activitystatus", "pk": "3"}, {"fields": {"codelist_iati_version": "2.01", "name": "Post-completion", "codelist_successor": null, "description": "Physical activity is complete or the final disbursement has been made, but the activity remains open pending financial sign off or M&E"}, "model": "iati_codelists.activitystatus", "pk": "4"}, {"fields": {"codelist_iati_version": "2.01", "name": "Cancelled", "codelist_successor": null, "description": "The activity has been cancelled"}, "model": "iati_codelists.activitystatus", "pk": "5"}, {"fields": {"codelist_iati_version": "2.01", "name": "Suspended", "codelist_successor": null, "description": "The activity has been temporarily suspended"}, "model": "iati_codelists.activitystatus", "pk": "6"}, {"fields": {"codelist_iati_version": "2.01", "name": "Budget support", "codelist_successor": null, "description": "For contributions under this category, the donor relinquishes the exclusive control of its funds by sharing the responsibility with the recipient."}, "model": "iati_codelists.aidtypecategory", "pk": "A"}, {"fields": {"codelist_iati_version": "2.01", "name": "Core contributions and pooled programmes and funds", "codelist_successor": null, "description": "For contributions under this category, the donor relinquishes the exclusive control of its funds by sharing the responsibility with other stakeholders (other donors, NGOs, multilateral institutions, Public Private Partnerships). The category covers both core contributions (B01 and B02), and pooled contributions with a specific earmarking (B03 and B04)."}, "model": "iati_codelists.aidtypecategory", "pk": "B"}, {"fields": {"codelist_iati_version": "2.01", "name": "Project-type interventions", "codelist_successor": null, "description": "N.B. Within this category, members able to do so are requested to report the aggregate amount used for financing donor experts/consultants on Table DAC1. Where the activity consists solely of experts' costs, report under category D."}, "model": "iati_codelists.aidtypecategory", "pk": "C"}, {"fields": {"codelist_iati_version": "2.01", "name": "Experts and other technical assistance", "codelist_successor": null, "description": "This category covers the provision, outside projects as described in category C, of know- how in the form of personnel, training and research."}, "model": "iati_codelists.aidtypecategory", "pk": "D"}, {"fields": {"codelist_iati_version": "2.01", "name": "Scholarships and student costs in donor countries", "codelist_successor": null, "description": ""}, "model": "iati_codelists.aidtypecategory", "pk": "E"}, {"fields": {"codelist_iati_version": "2.01", "name": "Debt relief", "codelist_successor": null, "description": ""}, "model": "iati_codelists.aidtypecategory", "pk": "F"}, {"fields": {"codelist_iati_version": "2.01", "name": "Administrative costs not included elsewhere", "codelist_successor": null, "description": ""}, "model": "iati_codelists.aidtypecategory", "pk": "G"}, {"fields": {"codelist_iati_version": "2.01", "name": "Other in-donor expenditures", "codelist_successor": null, "description": "Groups a number of contributions that do not give rise to a cross-border flow."}, "model": "iati_codelists.aidtypecategory", "pk": "H"}, {"fields": {"category": "A", "codelist_iati_version": "2.01", "name": "General budget support", "codelist_successor": null, "description": "Unearmarked contributions to the government budget including funding to support the implementation of macroeconomic reforms (structural adjustment programmes, poverty reduction strategies). Budget support is a method of financing a recipient country's budget through a transfer of resources from an external financing agency to the recipient government's national treasury. The funds thus transferred are managed in accordance with the recipient's budgetary procedures. Funds transferred to the national treasury for financing programmes or projects managed according to different budgetary procedures from those of the recipient country, with the intention of earmarking the resources for specific uses, are therefore excluded."}, "model": "iati_codelists.aidtype", "pk": "A01"}, {"fields": {"category": "A", "codelist_iati_version": "2.01", "name": "Sector budget support", "codelist_successor": null, "description": "Sector budget support, like general budget support, is a financial contribution to a recipient government\\'s budget. However, in sector budget support, the dialogue between donors and partner governments focuses on sector-specific concerns, rather than on overall policy and budget priorities"}, "model": "iati_codelists.aidtype", "pk": "A02"}, {"fields": {"category": "B", "codelist_iati_version": "2.01", "name": "Core support to NGOs, other private bodies, PPPs and research institutes", "codelist_successor": null, "description": "Funds are paid over to NGOs (local, national and international) for use at the latter's discretion, and contribute to programmes and activities which NGOs have developed themselves, and which they implement on their own authority and responsibility. Core contributions to PPPs, funds paid over to foundations (e.g. philanthropic foundations), and contributions to research institutes (public and private) are also recorded here. Annex 2 of the DAC Directives provides a list of INGOs, PPPs and networks core contributions to which may be reported under B01. This list is not exclusive."}, "model": "iati_codelists.aidtype", "pk": "B01"}, {"fields": {"category": "B", "codelist_iati_version": "2.01", "name": "Core contributions to multilateral institutions", "codelist_successor": null, "description": "These funds are classified as multilateral ODA (all other categories fall under bilateral ODA). The recipient multilateral institution pools contributions so that they lose their identity and become an integral part of its financial assets. See Annex 2 of the DAC Directives for a comprehensive list of agencies core contributions to which may be reported under B02 (Section I. Multilateral institutions)."}, "model": "iati_codelists.aidtype", "pk": "B02"}, {"fields": {"category": "B", "codelist_iati_version": "2.01", "name": "Contributions to specific-purpose programmes and funds managed by international organisations (multilateral, INGO)", "codelist_successor": null, "description": "In addition to their core-funded operations, international organisations set up and raise funds for specific programmes and funds with clearly identified sectoral, thematic or geographical focus. Donors' bilateral contributions to such programmes and funds are recorded here, e.g. \"UNICEF girls' education\", \"Education For All Fast Track Initiative\", various trust funds, including for reconstruction (e.g. Afghanistan Reconstruction Trust Fund)."}, "model": "iati_codelists.aidtype", "pk": "B03"}, {"fields": {"category": "B", "codelist_iati_version": "2.01", "name": "Basket funds/pooled funding", "codelist_successor": null, "description": "The donor contributes funds to an autonomous account, managed jointly with other donors and/or the recipient. The account will have specific purposes, modes of disbursement and accountability mechanisms, and a limited time frame. Basket funds are characterised by common project documents, common funding contracts and common reporting/audit procedures with all donors. Donors' contributions to funds managed autonomously by international organisations are recorded under B03."}, "model": "iati_codelists.aidtype", "pk": "B04"}, {"fields": {"category": "C", "codelist_iati_version": "2.01", "name": "Project-type interventions", "codelist_successor": null, "description": "A project is a set of inputs, activities and outputs, agreed with the partner country*, to reach specific objectives/outcomes within a defined time frame, with a defined budget and a defined geographical area. Projects can vary significantly in terms of objectives, complexity, amounts involved and duration. There are smaller projects that might involve modest financial resources and last only a few months, whereas large projects might involve more significant amounts, entail successive phases and last for many years. A large project with a number of different components is sometimes referred to as a programme, but should nevertheless be recorded here. Feasibility studies, appraisals and evaluations are included (whether designed as part of projects/programmes or dedicated funding arrangements). Aid channelled through NGOs or multilaterals is also recorded here. This includes payments for NGOs and multilaterals to implement donors' projects and programmes, and funding of specified NGOs projects. By contrast, core funding of NGOs and multilaterals as well as contributions to specific- purpose funds managed by international organisations are recorded under B. * In the cases of equity investments, humanitarian aid or aid channelled through NGOs, projects are recorded here even if there was no direct agreement between the donor and the partner country."}, "model": "iati_codelists.aidtype", "pk": "C01"}, {"fields": {"category": "D", "codelist_iati_version": "2.01", "name": "Donor country personnel", "codelist_successor": null, "description": "Experts, consultants, teachers, academics, researchers, volunteers and contributions to public and private bodies for sending experts to developing countries."}, "model": "iati_codelists.aidtype", "pk": "D01"}, {"fields": {"category": "D", "codelist_iati_version": "2.01", "name": "Other technical assistance", "codelist_successor": null, "description": "Provision, outside projects as described in category C01, of technical assistance in recipient countries (excluding technical assistance performed by donor experts reported under D01, and scholarships/training in donor country reported under E01). This includes training and research; language training; south-south studies; research studies; collaborative research between donor and recipient universities and organisations); local scholarships; development-oriented social and cultural programmes. This category also covers ad hoc contributions such as conferences, seminars and workshops, exchange visits, publications, etc."}, "model": "iati_codelists.aidtype", "pk": "D02"}, {"fields": {"category": "E", "codelist_iati_version": "2.01", "name": "Scholarships/training in donor country", "codelist_successor": null, "description": "Financial aid awards for individual students and contributions to trainees."}, "model": "iati_codelists.aidtype", "pk": "E01"}, {"fields": {"category": "E", "codelist_iati_version": "2.01", "name": "Imputed student costs", "codelist_successor": null, "description": "Indirect (\"imputed\") costs of tuition in donor countries."}, "model": "iati_codelists.aidtype", "pk": "E02"}, {"fields": {"category": "F", "codelist_iati_version": "2.01", "name": "Debt relief", "codelist_successor": null, "description": "Groups all actions relating to debt (forgiveness, conversions, swaps, buy-backs, rescheduling, refinancing)."}, "model": "iati_codelists.aidtype", "pk": "F01"}, {"fields": {"category": "G", "codelist_iati_version": "2.01", "name": "Administrative costs not included elsewhere", "codelist_successor": null, "description": "Administrative costs of development assistance programmes not already included under other ODA items as an integral part of the costs of delivering or implementing the aid provided. This category covers situation analyses and auditing activities. As regards the salaries component of administrative costs, it relates to in-house agency staff and contractors only; costs associated with donor experts/consultants are to be reported under category C or D01."}, "model": "iati_codelists.aidtype", "pk": "G01"}, {"fields": {"category": "H", "codelist_iati_version": "2.01", "name": "Development awareness", "codelist_successor": null, "description": "Funding of activities designed to increase public support, i.e. awareness in the donor country of development co-operation efforts, needs and issues."}, "model": "iati_codelists.aidtype", "pk": "H01"}, {"fields": {"category": "H", "codelist_iati_version": "2.01", "name": "Refugees in donor countries", "codelist_successor": null, "description": "Official sector expenditures for the sustenance of refugees in donor countries during the first twelve months of their stay."}, "model": "iati_codelists.aidtype", "pk": "H02"}, {"fields": {"codelist_iati_version": "2.01", "name": "Original", "codelist_successor": null, "description": "The original budget allocated to the activity"}, "model": "iati_codelists.budgettype", "pk": "1"}, {"fields": {"codelist_iati_version": "2.01", "name": "Revised", "codelist_successor": null, "description": "The updated budget for an activity"}, "model": "iati_codelists.budgettype", "pk": "2"}, {"fields": {"codelist_iati_version": "2.01", "name": "Bilateral", "codelist_successor": null, "description": "Bilateral transactions are those undertaken by a donor, excluding core contributions to other organisations (codes 2 and 3 below). It includes transactions channelled through other organisations."}, "model": "iati_codelists.collaborationtype", "pk": "1"}, {"fields": {"codelist_iati_version": "2.01", "name": "Multilateral", "codelist_successor": null, "description": "Multilateral contributions are those made to a recipient institution which: \n    i. conducts all or part of its activities in favour of development; \n    ii. is an international agency, institution or organisation whose members are governments, or a fund managed autonomously by such an agency; and \n    iii. pools contributions so that they lose their identity and become an integral part of its financial assets."}, "model": "iati_codelists.collaborationtype", "pk": "2"}, {"fields": {"codelist_iati_version": "2.01", "name": "Bilateral, core contributions to NGOs and other private bodies / PPPs", "codelist_successor": null, "description": "Bilateral funds paid over to national and international non-governmental organisations (NGOs), Public Private Partnerships (PPPs), or other private bodies for use at their discretion."}, "model": "iati_codelists.collaborationtype", "pk": "3"}, {"fields": {"codelist_iati_version": "2.01", "name": "Multilateral outflows", "codelist_successor": null, "description": "Aid activities financed from the multilateral institutions' regular budgets."}, "model": "iati_codelists.collaborationtype", "pk": "4"}, {"fields": {"codelist_iati_version": "2.01", "name": "Private sector outflow", "codelist_successor": null, "description": ""}, "model": "iati_codelists.collaborationtype", "pk": "6"}, {"fields": {"codelist_iati_version": "2.01", "name": "Bilateral, ex-post reporting on NGOs' activities funded through core contributions", "codelist_successor": null, "description": ""}, "model": "iati_codelists.collaborationtype", "pk": "7"}, {"fields": {"codelist_iati_version": "2.01", "name": "Policy", "codelist_successor": null, "description": "The condition attached requires a particular policy to be implemented by the recipient"}, "model": "iati_codelists.conditiontype", "pk": "1"}, {"fields": {"codelist_iati_version": "2.01", "name": "Performance", "codelist_successor": null, "description": "The condition attached requires certain outputs or outcomes to be achieved by the recipient"}, "model": "iati_codelists.conditiontype", "pk": "2"}, {"fields": {"codelist_iati_version": "2.01", "name": "Fiduciary", "codelist_successor": null, "description": "The condition attached requires use of certain public financial management or public accountability measures by the recipient"}, "model": "iati_codelists.conditiontype", "pk": "3"}, {"fields": {"codelist_iati_version": "2.01", "name": "UAE Dirham", "codelist_successor": null, "description": ""}, "model": "iati_codelists.currency", "pk": "AED"}, {"fields": {"codelist_iati_version": "2.01", "name": "Afghani", "codelist_successor": null, "description": ""}, "model": "iati_codelists.currency", "pk": "AFN"}, {"fields": {"codelist_iati_version": "2.01", "name": "Lek", "codelist_successor": null, "description": ""}, "model": "iati_codelists.currency", "pk": "ALL"}, {"fields": {"codelist_iati_version": "2.01", "name": "Armenian Dram", "codelist_successor": null, "description": ""}, "model": "iati_codelists.currency", "pk": "AMD"}, {"fields": {"codelist_iati_version": "2.01", "name": "Netherlands Antillian Guilder", "codelist_successor": null, "description": ""}, "model": "iati_codelists.currency", "pk": "ANG"}, {"fields": {"codelist_iati_version": "2.01", "name": "Kwanza", "codelist_successor": null, "description": ""}, "model": "iati_codelists.currency", "pk": "AOA"}, {"fields": {"codelist_iati_version": "2.01", "name": "Argentine Peso", "codelist_successor": null, "description": ""}, "model": "iati_codelists.currency", "pk": "ARS"}, {"fields": {"codelist_iati_version": "2.01", "name": "Australian Dollar", "codelist_successor": null, "description": ""}, "model": "iati_codelists.currency", "pk": "AUD"}, {"fields": {"codelist_iati_version": "2.01", "name": "Aruban Guilder", "codelist_successor": null, "description": ""}, "model": "iati_codelists.currency", "pk": "AWG"}, {"fields": {"codelist_iati_version": "2.01", "name": "Azerbaijanian Manat", "codelist_successor": null, "description": ""}, "model": "iati_codelists.currency", "pk": "AZN"}, {"fields": {"codelist_iati_version": "2.01", "name": "Convertible Marks", "codelist_successor": null, "description": ""}, "model": "iati_codelists.currency", "pk": "BAM"}, {"fields": {"codelist_iati_version": "2.01", "name": "Barbados Dollar", "codelist_successor": null, "description": ""}, "model": "iati_codelists.currency", "pk": "BBD"}, {"fields": {"codelist_iati_version": "2.01", "name": "Taka", "codelist_successor": null, "description": ""}, "model": "iati_codelists.currency", "pk": "BDT"}, {"fields": {"codelist_iati_version": "2.01", "name": "Bulgarian Lev", "codelist_successor": null, "description": ""}, "model": "iati_codelists.currency", "pk": "BGN"}, {"fields": {"codelist_iati_version": "2.01", "name": "Bahraini Dinar", "codelist_successor": null, "description": ""}, "model": "iati_codelists.currency", "pk": "BHD"}, {"fields": {"codelist_iati_version": "2.01", "name": "Burundi Franc", "codelist_successor": null, "description": ""}, "model": "iati_codelists.currency", "pk": "BIF"}, {"fields": {"codelist_iati_version": "2.01", "name": "Bermudian Dollar", "codelist_successor": null, "description": ""}, "model": "iati_codelists.currency", "pk": "BMD"}, {"fields": {"codelist_iati_version": "2.01", "name": "Brunei Dollar", "codelist_successor": null, "description": ""}, "model": "iati_codelists.currency", "pk": "BND"}, {"fields": {"codelist_iati_version": "2.01", "name": "Boliviano", "codelist_successor": null, "description": ""}, "model": "iati_codelists.currency", "pk": "BOB"}, {"fields": {"codelist_iati_version": "2.01", "name": "Mvdol", "codelist_successor": null, "description": ""}, "model": "iati_codelists.currency", "pk": "BOV"}, {"fields": {"codelist_iati_version": "2.01", "name": "Brazilian Real", "codelist_successor": null, "description": ""}, "model": "iati_codelists.currency", "pk": "BRL"}, {"fields": {"codelist_iati_version": "2.01", "name": "Bahamian Dollar", "codelist_successor": null, "description": ""}, "model": "iati_codelists.currency", "pk": "BSD"}, {"fields": {"codelist_iati_version": "2.01", "name": "Ngultrum", "codelist_successor": null, "description": ""}, "model": "iati_codelists.currency", "pk": "BTN"}, {"fields": {"codelist_iati_version": "2.01", "name": "Pula", "codelist_successor": null, "description": ""}, "model": "iati_codelists.currency", "pk": "BWP"}, {"fields": {"codelist_iati_version": "2.01", "name": "Belarussian Ruble", "codelist_successor": null, "description": ""}, "model": "iati_codelists.currency", "pk": "BYR"}, {"fields": {"codelist_iati_version": "2.01", "name": "Belize Dollar", "codelist_successor": null, "description": ""}, "model": "iati_codelists.currency", "pk": "BZD"}, {"fields": {"codelist_iati_version": "2.01", "name": "Canadian Dollar", "codelist_successor": null, "description": ""}, "model": "iati_codelists.currency", "pk": "CAD"}, {"fields": {"codelist_iati_version": "2.01", "name": "Congolese Franc", "codelist_successor": null, "description": ""}, "model": "iati_codelists.currency", "pk": "CDF"}, {"fields": {"codelist_iati_version": "2.01", "name": "Swiss Franc", "codelist_successor": null, "description": ""}, "model": "iati_codelists.currency", "pk": "CHF"}, {"fields": {"codelist_iati_version": "2.01", "name": "Unidades de fomento", "codelist_successor": null, "description": ""}, "model": "iati_codelists.currency", "pk": "CLF"}, {"fields": {"codelist_iati_version": "2.01", "name": "Chilean Peso", "codelist_successor": null, "description": ""}, "model": "iati_codelists.currency", "pk": "CLP"}, {"fields": {"codelist_iati_version": "2.01", "name": "Yuan Renminbi", "codelist_successor": null, "description": ""}, "model": "iati_codelists.currency", "pk": "CNY"}, {"fields": {"codelist_iati_version": "2.01", "name": "Colombian Peso", "codelist_successor": null, "description": ""}, "model": "iati_codelists.currency", "pk": "COP"}, {"fields": {"codelist_iati_version": "2.01", "name": "Unidad de Valor Real", "codelist_successor": null, "description": ""}, "model": "iati_codelists.currency", "pk": "COU"}, {"fields": {"codelist_iati_version": "2.01", "name": "Costa Rican Colon", "codelist_successor": null, "description": ""}, "model": "iati_codelists.currency", "pk": "CRC"}, {"fields": {"codelist_iati_version": "2.01", "name": "Peso Convertible", "codelist_successor": null, "description": ""}, "model": "iati_codelists.currency", "pk": "CUC"}, {"fields": {"codelist_iati_version": "2.01", "name": "Cuban Peso", "codelist_successor": null, "description": ""}, "model": "iati_codelists.currency", "pk": "CUP"}, {"fields": {"codelist_iati_version": "2.01", "name": "Cape Verde Escudo", "codelist_successor": null, "description": ""}, "model": "iati_codelists.currency", "pk": "CVE"}, {"fields": {"codelist_iati_version": "2.01", "name": "Czech Koruna", "codelist_successor": null, "description": ""}, "model": "iati_codelists.currency", "pk": "CZK"}, {"fields": {"codelist_iati_version": "2.01", "name": "Djibouti Franc", "codelist_successor": null, "description": ""}, "model": "iati_codelists.currency", "pk": "DJF"}, {"fields": {"codelist_iati_version": "2.01", "name": "Danish Krone", "codelist_successor": null, "description": ""}, "model": "iati_codelists.currency", "pk": "DKK"}, {"fields": {"codelist_iati_version": "2.01", "name": "Dominican Peso", "codelist_successor": null, "description": ""}, "model": "iati_codelists.currency", "pk": "DOP"}, {"fields": {"codelist_iati_version": "2.01", "name": "Algerian Dinar", "codelist_successor": null, "description": ""}, "model": "iati_codelists.currency", "pk": "DZD"}, {"fields": {"codelist_iati_version": "2.01", "name": "Kroon", "codelist_successor": null, "description": ""}, "model": "iati_codelists.currency", "pk": "EEK"}, {"fields": {"codelist_iati_version": "2.01", "name": "Egyptian Pound", "codelist_successor": null, "description": ""}, "model": "iati_codelists.currency", "pk": "EGP"}, {"fields": {"codelist_iati_version": "2.01", "name": "Nakfa", "codelist_successor": null, "description": ""}, "model": "iati_codelists.currency", "pk": "ERN"}, {"fields": {"codelist_iati_version": "2.01", "name": "Ethiopian Birr", "codelist_successor": null, "description": ""}, "model": "iati_codelists.currency", "pk": "ETB"}, {"fields": {"codelist_iati_version": "2.01", "name": "Euro", "codelist_successor": null, "description": ""}, "model": "iati_codelists.currency", "pk": "EUR"}, {"fields": {"codelist_iati_version": "2.01", "name": "Fiji Dollar", "codelist_successor": null, "description": ""}, "model": "iati_codelists.currency", "pk": "FJD"}, {"fields": {"codelist_iati_version": "2.01", "name": "Falkland Islands Pound", "codelist_successor": null, "description": ""}, "model": "iati_codelists.currency", "pk": "FKP"}, {"fields": {"codelist_iati_version": "2.01", "name": "Pound Sterling", "codelist_successor": null, "description": ""}, "model": "iati_codelists.currency", "pk": "GBP"}, {"fields": {"codelist_iati_version": "2.01", "name": "Lari", "codelist_successor": null, "description": ""}, "model": "iati_codelists.currency", "pk": "GEL"}, {"fields": {"codelist_iati_version": "2.01", "name": "Cedi", "codelist_successor": null, "description": ""}, "model": "iati_codelists.currency", "pk": "GHS"}, {"fields": {"codelist_iati_version": "2.01", "name": "Gibraltar Pound", "codelist_successor": null, "description": ""}, "model": "iati_codelists.currency", "pk": "GIP"}, {"fields": {"codelist_iati_version": "2.01", "name": "Dalasi", "codelist_successor": null, "description": ""}, "model": "iati_codelists.currency", "pk": "GMD"}, {"fields": {"codelist_iati_version": "2.01", "name": "Guinea Franc", "codelist_successor": null, "description": ""}, "model": "iati_codelists.currency", "pk": "GNF"}, {"fields": {"codelist_iati_version": "2.01", "name": "Quetzal", "codelist_successor": null, "description": ""}, "model": "iati_codelists.currency", "pk": "GTQ"}, {"fields": {"codelist_iati_version": "2.01", "name": "Guyana Dollar", "codelist_successor": null, "description": ""}, "model": "iati_codelists.currency", "pk": "GYD"}, {"fields": {"codelist_iati_version": "2.01", "name": "Hong Kong Dollar", "codelist_successor": null, "description": ""}, "model": "iati_codelists.currency", "pk": "HKD"}, {"fields": {"codelist_iati_version": "2.01", "name": "Lempira", "codelist_successor": null, "description": ""}, "model": "iati_codelists.currency", "pk": "HNL"}, {"fields": {"codelist_iati_version": "2.01", "name": "Kuna", "codelist_successor": null, "description": ""}, "model": "iati_codelists.currency", "pk": "HRK"}, {"fields": {"codelist_iati_version": "2.01", "name": "Gourde", "codelist_successor": null, "description": ""}, "model": "iati_codelists.currency", "pk": "HTG"}, {"fields": {"codelist_iati_version": "2.01", "name": "Forint", "codelist_successor": null, "description": ""}, "model": "iati_codelists.currency", "pk": "HUF"}, {"fields": {"codelist_iati_version": "2.01", "name": "Rupiah", "codelist_successor": null, "description": ""}, "model": "iati_codelists.currency", "pk": "IDR"}, {"fields": {"codelist_iati_version": "2.01", "name": "New Israeli Sheqel", "codelist_successor": null, "description": ""}, "model": "iati_codelists.currency", "pk": "ILS"}, {"fields": {"codelist_iati_version": "2.01", "name": "Indian Rupee", "codelist_successor": null, "description": ""}, "model": "iati_codelists.currency", "pk": "INR"}, {"fields": {"codelist_iati_version": "2.01", "name": "Iraqi Dinar", "codelist_successor": null, "description": ""}, "model": "iati_codelists.currency", "pk": "IQD"}, {"fields": {"codelist_iati_version": "2.01", "name": "Iranian Rial", "codelist_successor": null, "description": ""}, "model": "iati_codelists.currency", "pk": "IRR"}, {"fields": {"codelist_iati_version": "2.01", "name": "Iceland Krona", "codelist_successor": null, "description": ""}, "model": "iati_codelists.currency", "pk": "ISK"}, {"fields": {"codelist_iati_version": "2.01", "name": "Jamaican Dollar", "codelist_successor": null, "description": ""}, "model": "iati_codelists.currency", "pk": "JMD"}, {"fields": {"codelist_iati_version": "2.01", "name": "Jordanian Dinar", "codelist_successor": null, "description": ""}, "model": "iati_codelists.currency", "pk": "JOD"}, {"fields": {"codelist_iati_version": "2.01", "name": "Yen", "codelist_successor": null, "description": ""}, "model": "iati_codelists.currency", "pk": "JPY"}, {"fields": {"codelist_iati_version": "2.01", "name": "Kenyan Shilling", "codelist_successor": null, "description": ""}, "model": "iati_codelists.currency", "pk": "KES"}, {"fields": {"codelist_iati_version": "2.01", "name": "Som", "codelist_successor": null, "description": ""}, "model": "iati_codelists.currency", "pk": "KGS"}, {"fields": {"codelist_iati_version": "2.01", "name": "Riel", "codelist_successor": null, "description": ""}, "model": "iati_codelists.currency", "pk": "KHR"}, {"fields": {"codelist_iati_version": "2.01", "name": "Comoro Franc", "codelist_successor": null, "description": ""}, "model": "iati_codelists.currency", "pk": "KMF"}, {"fields": {"codelist_iati_version": "2.01", "name": "North Korean Won", "codelist_successor": null, "description": ""}, "model": "iati_codelists.currency", "pk": "KPW"}, {"fields": {"codelist_iati_version": "2.01", "name": "Won", "codelist_successor": null, "description": ""}, "model": "iati_codelists.currency", "pk": "KRW"}, {"fields": {"codelist_iati_version": "2.01", "name": "Kuwaiti Dinar", "codelist_successor": null, "description": ""}, "model": "iati_codelists.currency", "pk": "KWD"}, {"fields": {"codelist_iati_version": "2.01", "name": "Cayman Islands Dollar", "codelist_successor": null, "description": ""}, "model": "iati_codelists.currency", "pk": "KYD"}, {"fields": {"codelist_iati_version": "2.01", "name": "Tenge", "codelist_successor": null, "description": ""}, "model": "iati_codelists.currency", "pk": "KZT"}, {"fields": {"codelist_iati_version": "2.01", "name": "Kip", "codelist_successor": null, "description": ""}, "model": "iati_codelists.currency", "pk": "LAK"}, {"fields": {"codelist_iati_version": "2.01", "name": "Lebanese Pound", "codelist_successor": null, "description": ""}, "model": "iati_codelists.currency", "pk": "LBP"}, {"fields": {"codelist_iati_version": "2.01", "name": "Sri Lanka Rupee", "codelist_successor": null, "description": ""}, "model": "iati_codelists.currency", "pk": "LKR"}, {"fields": {"codelist_iati_version": "2.01", "name": "Liberian Dollar", "codelist_successor": null, "description": ""}, "model": "iati_codelists.currency", "pk": "LRD"}, {"fields": {"codelist_iati_version": "2.01", "name": "Loti", "codelist_successor": null, "description": ""}, "model": "iati_codelists.currency", "pk": "LSL"}, {"fields": {"codelist_iati_version": "2.01", "name": "Lithuanian Litas", "codelist_successor": null, "description": ""}, "model": "iati_codelists.currency", "pk": "LTL"}, {"fields": {"codelist_iati_version": "2.01", "name": "Latvian Lats", "codelist_successor": null, "description": ""}, "model": "iati_codelists.currency", "pk": "LVL"}, {"fields": {"codelist_iati_version": "2.01", "name": "Libyan Dinar", "codelist_successor": null, "description": ""}, "model": "iati_codelists.currency", "pk": "LYD"}, {"fields": {"codelist_iati_version": "2.01", "name": "Moroccan Dirham", "codelist_successor": null, "description": ""}, "model": "iati_codelists.currency", "pk": "MAD"}, {"fields": {"codelist_iati_version": "2.01", "name": "Moldovan Leu", "codelist_successor": null, "description": ""}, "model": "iati_codelists.currency", "pk": "MDL"}, {"fields": {"codelist_iati_version": "2.01", "name": "Malagasy Ariary", "codelist_successor": null, "description": ""}, "model": "iati_codelists.currency", "pk": "MGA"}, {"fields": {"codelist_iati_version": "2.01", "name": "Denar", "codelist_successor": null, "description": ""}, "model": "iati_codelists.currency", "pk": "MKD"}, {"fields": {"codelist_iati_version": "2.01", "name": "Kyat", "codelist_successor": null, "description": ""}, "model": "iati_codelists.currency", "pk": "MMK"}, {"fields": {"codelist_iati_version": "2.01", "name": "Tugrik", "codelist_successor": null, "description": ""}, "model": "iati_codelists.currency", "pk": "MNT"}, {"fields": {"codelist_iati_version": "2.01", "name": "Pataca", "codelist_successor": null, "description": ""}, "model": "iati_codelists.currency", "pk": "MOP"}, {"fields": {"codelist_iati_version": "2.01", "name": "Ouguiya", "codelist_successor": null, "description": ""}, "model": "iati_codelists.currency", "pk": "MRO"}, {"fields": {"codelist_iati_version": "2.01", "name": "Mauritius Rupee", "codelist_successor": null, "description": ""}, "model": "iati_codelists.currency", "pk": "MUR"}, {"fields": {"codelist_iati_version": "2.01", "name": "Rufiyaa", "codelist_successor": null, "description": ""}, "model": "iati_codelists.currency", "pk": "MVR"}, {"fields": {"codelist_iati_version": "2.01", "name": "Malawi Kwacha", "codelist_successor": null, "description": ""}, "model": "iati_codelists.currency", "pk": "MWK"}, {"fields": {"codelist_iati_version": "2.01", "name": "Mexican Peso", "codelist_successor": null, "description": ""}, "model": "iati_codelists.currency", "pk": "MXN"}, {"fields": {"codelist_iati_version": "2.01", "name": "Mexican Unidad de Inversion (UDI)", "codelist_successor": null, "description": ""}, "model": "iati_codelists.currency", "pk": "MXV"}, {"fields": {"codelist_iati_version": "2.01", "name": "Malaysian Ringgit", "codelist_successor": null, "description": ""}, "model": "iati_codelists.currency", "pk": "MYR"}, {"fields": {"codelist_iati_version": "2.01", "name": "Metical", "codelist_successor": null, "description": ""}, "model": "iati_codelists.currency", "pk": "MZN"}, {"fields": {"codelist_iati_version": "2.01", "name": "Namibia Dollar", "codelist_successor": null, "description": ""}, "model": "iati_codelists.currency", "pk": "NAD"}, {"fields": {"codelist_iati_version": "2.01", "name": "Naira", "codelist_successor": null, "description": ""}, "model": "iati_codelists.currency", "pk": "NGN"}, {"fields": {"codelist_iati_version": "2.01", "name": "Cordoba Oro", "codelist_successor": null, "description": ""}, "model": "iati_codelists.currency", "pk": "NIO"}, {"fields": {"codelist_iati_version": "2.01", "name": "Norwegian Krone", "codelist_successor": null, "description": ""}, "model": "iati_codelists.currency", "pk": "NOK"}, {"fields": {"codelist_iati_version": "2.01", "name": "Nepalese Rupee", "codelist_successor": null, "description": ""}, "model": "iati_codelists.currency", "pk": "NPR"}, {"fields": {"codelist_iati_version": "2.01", "name": "New Zealand Dollar", "codelist_successor": null, "description": ""}, "model": "iati_codelists.currency", "pk": "NZD"}, {"fields": {"codelist_iati_version": "2.01", "name": "Rial Omani", "codelist_successor": null, "description": ""}, "model": "iati_codelists.currency", "pk": "OMR"}, {"fields": {"codelist_iati_version": "2.01", "name": "Balboa", "codelist_successor": null, "description": ""}, "model": "iati_codelists.currency", "pk": "PAB"}, {"fields": {"codelist_iati_version": "2.01", "name": "Nuevo Sol", "codelist_successor": null, "description": ""}, "model": "iati_codelists.currency", "pk": "PEN"}, {"fields": {"codelist_iati_version": "2.01", "name": "Kina", "codelist_successor": null, "description": ""}, "model": "iati_codelists.currency", "pk": "PGK"}, {"fields": {"codelist_iati_version": "2.01", "name": "Philippine Peso", "codelist_successor": null, "description": ""}, "model": "iati_codelists.currency", "pk": "PHP"}, {"fields": {"codelist_iati_version": "2.01", "name": "Pakistan Rupee", "codelist_successor": null, "description": ""}, "model": "iati_codelists.currency", "pk": "PKR"}, {"fields": {"codelist_iati_version": "2.01", "name": "Zloty", "codelist_successor": null, "description": ""}, "model": "iati_codelists.currency", "pk": "PLN"}, {"fields": {"codelist_iati_version": "2.01", "name": "Guarani", "codelist_successor": null, "description": ""}, "model": "iati_codelists.currency", "pk": "PYG"}, {"fields": {"codelist_iati_version": "2.01", "name": "Qatari Rial", "codelist_successor": null, "description": ""}, "model": "iati_codelists.currency", "pk": "QAR"}, {"fields": {"codelist_iati_version": "2.01", "name": "Romanian Leu", "codelist_successor": null, "description": ""}, "model": "iati_codelists.currency", "pk": "RON"}, {"fields": {"codelist_iati_version": "2.01", "name": "Serbian Dinar", "codelist_successor": null, "description": ""}, "model": "iati_codelists.currency", "pk": "RSD"}, {"fields": {"codelist_iati_version": "2.01", "name": "Russian Ruble", "codelist_successor": null, "description": ""}, "model": "iati_codelists.currency", "pk": "RUB"}, {"fields": {"codelist_iati_version": "2.01", "name": "Rwanda Franc", "codelist_successor": null, "description": ""}, "model": "iati_codelists.currency", "pk": "RWF"}, {"fields": {"codelist_iati_version": "2.01", "name": "Saudi Riyal", "codelist_successor": null, "description": ""}, "model": "iati_codelists.currency", "pk": "SAR"}, {"fields": {"codelist_iati_version": "2.01", "name": "Solomon Islands Dollar", "codelist_successor": null, "description": ""}, "model": "iati_codelists.currency", "pk": "SBD"}, {"fields": {"codelist_iati_version": "2.01", "name": "Seychelles Rupee", "codelist_successor": null, "description": ""}, "model": "iati_codelists.currency", "pk": "SCR"}, {"fields": {"codelist_iati_version": "2.01", "name": "Sudanese Pound", "codelist_successor": null, "description": ""}, "model": "iati_codelists.currency", "pk": "SDG"}, {"fields": {"codelist_iati_version": "2.01", "name": "Swedish Krona", "codelist_successor": null, "description": ""}, "model": "iati_codelists.currency", "pk": "SEK"}, {"fields": {"codelist_iati_version": "2.01", "name": "Singapore Dollar", "codelist_successor": null, "description": ""}, "model": "iati_codelists.currency", "pk": "SGD"}, {"fields": {"codelist_iati_version": "2.01", "name": "Saint Helena Pound", "codelist_successor": null, "description": ""}, "model": "iati_codelists.currency", "pk": "SHP"}, {"fields": {"codelist_iati_version": "2.01", "name": "Leone", "codelist_successor": null, "description": ""}, "model": "iati_codelists.currency", "pk": "SLL"}, {"fields": {"codelist_iati_version": "2.01", "name": "Somali Shilling", "codelist_successor": null, "description": ""}, "model": "iati_codelists.currency", "pk": "SOS"}, {"fields": {"codelist_iati_version": "2.01", "name": "Surinam Dollar", "codelist_successor": null, "description": ""}, "model": "iati_codelists.currency", "pk": "SRD"}, {"fields": {"codelist_iati_version": "2.01", "name": "South Sudanese Pound", "codelist_successor": null, "description": ""}, "model": "iati_codelists.currency", "pk": "SSP"}, {"fields": {"codelist_iati_version": "2.01", "name": "Dobra", "codelist_successor": null, "description": ""}, "model": "iati_codelists.currency", "pk": "STD"}, {"fields": {"codelist_iati_version": "2.01", "name": "El Salvador Colon", "codelist_successor": null, "description": ""}, "model": "iati_codelists.currency", "pk": "SVC"}, {"fields": {"codelist_iati_version": "2.01", "name": "Syrian Pound", "codelist_successor": null, "description": ""}, "model": "iati_codelists.currency", "pk": "SYP"}, {"fields": {"codelist_iati_version": "2.01", "name": "Lilangeni", "codelist_successor": null, "description": ""}, "model": "iati_codelists.currency", "pk": "SZL"}, {"fields": {"codelist_iati_version": "2.01", "name": "Baht", "codelist_successor": null, "description": ""}, "model": "iati_codelists.currency", "pk": "THB"}, {"fields": {"codelist_iati_version": "2.01", "name": "Somoni", "codelist_successor": null, "description": ""}, "model": "iati_codelists.currency", "pk": "TJS"}, {"fields": {"codelist_iati_version": "2.01", "name": "Manat", "codelist_successor": null, "description": ""}, "model": "iati_codelists.currency", "pk": "TMT"}, {"fields": {"codelist_iati_version": "2.01", "name": "Tunisian Dinar", "codelist_successor": null, "description": ""}, "model": "iati_codelists.currency", "pk": "TND"}, {"fields": {"codelist_iati_version": "2.01", "name": "Paanga", "codelist_successor": null, "description": ""}, "model": "iati_codelists.currency", "pk": "TOP"}, {"fields": {"codelist_iati_version": "2.01", "name": "Turkish Lira", "codelist_successor": null, "description": ""}, "model": "iati_codelists.currency", "pk": "TRY"}, {"fields": {"codelist_iati_version": "2.01", "name": "Trinidad and Tobago Dollar", "codelist_successor": null, "description": ""}, "model": "iati_codelists.currency", "pk": "TTD"}, {"fields": {"codelist_iati_version": "2.01", "name": "New Taiwan Dollar", "codelist_successor": null, "description": ""}, "model": "iati_codelists.currency", "pk": "TWD"}, {"fields": {"codelist_iati_version": "2.01", "name": "Tanzanian Shilling", "codelist_successor": null, "description": ""}, "model": "iati_codelists.currency", "pk": "TZS"}, {"fields": {"codelist_iati_version": "2.01", "name": "Hryvnia", "codelist_successor": null, "description": ""}, "model": "iati_codelists.currency", "pk": "UAH"}, {"fields": {"codelist_iati_version": "2.01", "name": "Uganda Shilling", "codelist_successor": null, "description": ""}, "model": "iati_codelists.currency", "pk": "UGX"}, {"fields": {"codelist_iati_version": "2.01", "name": "US Dollar", "codelist_successor": null, "description": ""}, "model": "iati_codelists.currency", "pk": "USD"}, {"fields": {"codelist_iati_version": "2.01", "name": "US Dollar (Next day)", "codelist_successor": null, "description": ""}, "model": "iati_codelists.currency", "pk": "USN"}, {"fields": {"codelist_iati_version": "2.01", "name": "US Dollar (Same day)", "codelist_successor": null, "description": ""}, "model": "iati_codelists.currency", "pk": "USS"}, {"fields": {"codelist_iati_version": "2.01", "name": "Uruguay Peso en Unidades Indexadas", "codelist_successor": null, "description": ""}, "model": "iati_codelists.currency", "pk": "UYI"}, {"fields": {"codelist_iati_version": "2.01", "name": "Peso Uruguayo", "codelist_successor": null, "description": ""}, "model": "iati_codelists.currency", "pk": "UYU"}, {"fields": {"codelist_iati_version": "2.01", "name": "Uzbekistan Sum", "codelist_successor": null, "description": ""}, "model": "iati_codelists.currency", "pk": "UZS"}, {"fields": {"codelist_iati_version": "2.01", "name": "Bolivar", "codelist_successor": null, "description": ""}, "model": "iati_codelists.currency", "pk": "VEF"}, {"fields": {"codelist_iati_version": "2.01", "name": "Dong", "codelist_successor": null, "description": ""}, "model": "iati_codelists.currency", "pk": "VND"}, {"fields": {"codelist_iati_version": "2.01", "name": "Vatu", "codelist_successor": null, "description": ""}, "model": "iati_codelists.currency", "pk": "VUV"}, {"fields": {"codelist_iati_version": "2.01", "name": "Tala", "codelist_successor": null, "description": ""}, "model": "iati_codelists.currency", "pk": "WST"}, {"fields": {"codelist_iati_version": "2.01", "name": "CFA Franc BEAC", "codelist_successor": null, "description": ""}, "model": "iati_codelists.currency", "pk": "XAF"}, {"fields": {"codelist_iati_version": "2.01", "name": "Bitcoin", "codelist_successor": null, "description": ""}, "model": "iati_codelists.currency", "pk": "XBT"}, {"fields": {"codelist_iati_version": "2.01", "name": "East Caribbean Dollar", "codelist_successor": null, "description": ""}, "model": "iati_codelists.currency", "pk": "XCD"}, {"fields": {"codelist_iati_version": "2.01", "name": "International Monetary Fund (IMF) Special Drawing Right (SDR)", "codelist_successor": null, "description": ""}, "model": "iati_codelists.currency", "pk": "XDR"}, {"fields": {"codelist_iati_version": "2.01", "name": "CFA Franc BCEAO", "codelist_successor": null, "description": ""}, "model": "iati_codelists.currency", "pk": "XOF"}, {"fields": {"codelist_iati_version": "2.01", "name": "CFP Franc", "codelist_successor": null, "description": ""}, "model": "iati_codelists.currency", "pk": "XPF"}, {"fields": {"codelist_iati_version": "2.01", "name": "Yemeni Rial", "codelist_successor": null, "description": ""}, "model": "iati_codelists.currency", "pk": "YER"}, {"fields": {"codelist_iati_version": "2.01", "name": "Rand", "codelist_successor": null, "description": ""}, "model": "iati_codelists.currency", "pk": "ZAR"}, {"fields": {"codelist_iati_version": "2.01", "name": "Zambian Kwacha", "codelist_successor": null, "description": ""}, "model": "iati_codelists.currency", "pk": "ZMK"}, {"fields": {"codelist_iati_version": "2.01", "name": "Zimbabwe Dollar", "codelist_successor": null, "description": ""}, "model": "iati_codelists.currency", "pk": "ZWL"}, {"fields": {"codelist_iati_version": "2.01", "name": "General", "codelist_successor": null, "description": "Unstructured, long description of the activity "}, "model": "iati_codelists.descriptiontype", "pk": "1"}, {"fields": {"codelist_iati_version": "2.01", "name": "Objectives", "codelist_successor": null, "description": "Specific objectives for the activity, e.g. taken from logical framework"}, "model": "iati_codelists.descriptiontype", "pk": "2"}, {"fields": {"codelist_iati_version": "2.01", "name": "Target Groups", "codelist_successor": null, "description": "Details of groups that are intended to benefit from the activity"}, "model": "iati_codelists.descriptiontype", "pk": "3"}, {"fields": {"codelist_iati_version": "2.01", "name": "Other", "codelist_successor": null, "description": "For miscellaneous use. A further classification or breakdown may be included in the narrative"}, "model": "iati_codelists.descriptiontype", "pk": "4"}, {"fields": {"codelist_iati_version": "2.01", "name": "Money is disbursed through central Ministry of Finance or Treasury", "codelist_successor": null, "description": "Money is disbursed through central Ministry of Finance or Treasury"}, "model": "iati_codelists.disbursementchannel", "pk": "1"}, {"fields": {"codelist_iati_version": "2.01", "name": "Money is disbursed directly to the implementing institution and managed through a separate bank account", "codelist_successor": null, "description": "Money is disbursed directly to the implementing institution and managed through a separate bank account"}, "model": "iati_codelists.disbursementchannel", "pk": "2"}, {"fields": {"codelist_iati_version": "2.01", "name": "Aid in kind: Donors utilise third party agencies, e.g. NGOs or management companies", "codelist_successor": null, "description": "Aid in kind: Donors utilise third party agencies, e.g. NGOs or management companies"}, "model": "iati_codelists.disbursementchannel", "pk": "3"}, {"fields": {"codelist_iati_version": "2.01", "name": "Aid in kind: Donors manage funds themselves", "codelist_successor": null, "description": "Aid in kind: Donors manage funds themselves"}, "model": "iati_codelists.disbursementchannel", "pk": "4"}, {"fields": {"codelist_iati_version": "2.01", "name": "Activity Level", "codelist_successor": null, "description": "The document is relevant to a specific activity"}, "model": "iati_codelists.documentcategorycategory", "pk": "A"}, {"fields": {"codelist_iati_version": "2.01", "name": "Organisation Level", "codelist_successor": null, "description": "The document is relevant to the organisation as a whole"}, "model": "iati_codelists.documentcategorycategory", "pk": "B"}, {"fields": {"category": "A", "codelist_iati_version": "2.01", "name": "Pre- and post-project impact appraisal", "codelist_successor": null, "description": ""}, "model": "iati_codelists.documentcategory", "pk": "A01"}, {"fields": {"category": "A", "codelist_iati_version": "2.01", "name": "Objectives / Purpose of activity", "codelist_successor": null, "description": ""}, "model": "iati_codelists.documentcategory", "pk": "A02"}, {"fields": {"category": "A", "codelist_iati_version": "2.01", "name": "Intended ultimate beneficiaries", "codelist_successor": null, "description": ""}, "model": "iati_codelists.documentcategory", "pk": "A03"}, {"fields": {"category": "A", "codelist_iati_version": "2.01", "name": "Conditions", "codelist_successor": null, "description": ""}, "model": "iati_codelists.documentcategory", "pk": "A04"}, {"fields": {"category": "A", "codelist_iati_version": "2.01", "name": "Budget", "codelist_successor": null, "description": ""}, "model": "iati_codelists.documentcategory", "pk": "A05"}, {"fields": {"category": "A", "codelist_iati_version": "2.01", "name": "Summary information about contract", "codelist_successor": null, "description": ""}, "model": "iati_codelists.documentcategory", "pk": "A06"}, {"fields": {"category": "A", "codelist_iati_version": "2.01", "name": "Review of project performance and evaluation", "codelist_successor": null, "description": ""}, "model": "iati_codelists.documentcategory", "pk": "A07"}, {"fields": {"category": "A", "codelist_iati_version": "2.01", "name": "Results, outcomes and outputs", "codelist_successor": null, "description": ""}, "model": "iati_codelists.documentcategory", "pk": "A08"}, {"fields": {"category": "A", "codelist_iati_version": "2.01", "name": "Memorandum of understanding (If agreed by all parties)", "codelist_successor": null, "description": ""}, "model": "iati_codelists.documentcategory", "pk": "A09"}, {"fields": {"category": "A", "codelist_iati_version": "2.01", "name": "Tender", "codelist_successor": null, "description": ""}, "model": "iati_codelists.documentcategory", "pk": "A10"}, {"fields": {"category": "A", "codelist_iati_version": "2.01", "name": "Contract", "codelist_successor": null, "description": ""}, "model": "iati_codelists.documentcategory", "pk": "A11"}, {"fields": {"category": "A", "codelist_iati_version": "2.01", "name": "Activity web page", "codelist_successor": null, "description": ""}, "model": "iati_codelists.documentcategory", "pk": "A12"}, {"fields": {"category": "B", "codelist_iati_version": "2.01", "name": "Annual report", "codelist_successor": null, "description": ""}, "model": "iati_codelists.documentcategory", "pk": "B01"}, {"fields": {"category": "B", "codelist_iati_version": "2.01", "name": "Institutional Strategy paper", "codelist_successor": null, "description": ""}, "model": "iati_codelists.documentcategory", "pk": "B02"}, {"fields": {"category": "B", "codelist_iati_version": "2.01", "name": "Country strategy paper", "codelist_successor": null, "description": ""}, "model": "iati_codelists.documentcategory", "pk": "B03"}, {"fields": {"category": "B", "codelist_iati_version": "2.01", "name": "Aid Allocation Policy", "codelist_successor": null, "description": ""}, "model": "iati_codelists.documentcategory", "pk": "B04"}, {"fields": {"category": "B", "codelist_iati_version": "2.01", "name": "Procurement Policy and Procedure", "codelist_successor": null, "description": ""}, "model": "iati_codelists.documentcategory", "pk": "B05"}, {"fields": {"category": "B", "codelist_iati_version": "2.01", "name": "Institutional Audit Report", "codelist_successor": null, "description": ""}, "model": "iati_codelists.documentcategory", "pk": "B06"}, {"fields": {"category": "B", "codelist_iati_version": "2.01", "name": "Country Audit Report", "codelist_successor": null, "description": ""}, "model": "iati_codelists.documentcategory", "pk": "B07"}, {"fields": {"category": "B", "codelist_iati_version": "2.01", "name": "Exclusions Policy", "codelist_successor": null, "description": ""}, "model": "iati_codelists.documentcategory", "pk": "B08"}, {"fields": {"category": "B", "codelist_iati_version": "2.01", "name": "Institutional Evaluation Report", "codelist_successor": null, "description": ""}, "model": "iati_codelists.documentcategory", "pk": "B09"}, {"fields": {"category": "B", "codelist_iati_version": "2.01", "name": "Country Evaluation Report", "codelist_successor": null, "description": ""}, "model": "iati_codelists.documentcategory", "pk": "B10"}, {"fields": {"category": "B", "codelist_iati_version": "2.01", "name": "Sector strategy", "codelist_successor": null, "description": ""}, "model": "iati_codelists.documentcategory", "pk": "B11"}, {"fields": {"category": "B", "codelist_iati_version": "2.01", "name": "Thematic strategy", "codelist_successor": null, "description": ""}, "model": "iati_codelists.documentcategory", "pk": "B12"}, {"fields": {"category": "B", "codelist_iati_version": "2.01", "name": "Country-level Memorandum of Understanding", "codelist_successor": null, "description": ""}, "model": "iati_codelists.documentcategory", "pk": "B13"}, {"fields": {"category": "B", "codelist_iati_version": "2.01", "name": "Evaluations policy", "codelist_successor": null, "description": ""}, "model": "iati_codelists.documentcategory", "pk": "B14"}, {"fields": {"category": "B", "codelist_iati_version": "2.01", "name": "General Terms and Conditions", "codelist_successor": null, "description": ""}, "model": "iati_codelists.documentcategory", "pk": "B15"}, {"fields": {"category": "B", "codelist_iati_version": "2.01", "name": "Organisation web page", "codelist_successor": null, "description": ""}, "model": "iati_codelists.documentcategory", "pk": "B16"}, {"fields": {"category": "B", "codelist_iati_version": "2.01", "name": "Country/Region web page", "codelist_successor": null, "description": ""}, "model": "iati_codelists.documentcategory", "pk": "B17"}, {"fields": {"category": "B", "codelist_iati_version": "2.01", "name": "Sector web page", "codelist_successor": null, "description": ""}, "model": "iati_codelists.documentcategory", "pk": "B18"}, {"fields": {"category": "", "codelist_iati_version": "2.01", "name": "application/1d-interleaved-parityfec", "codelist_successor": null, "description": ""}, "model": "iati_codelists.fileformat", "pk": "application/1d-interleaved-parityfec"}, {"fields": {"category": "", "codelist_iati_version": "2.01", "name": "application/3gpp-ims+xml", "codelist_successor": null, "description": ""}, "model": "iati_codelists.fileformat", "pk": "application/3gpp-ims+xml"}, {"fields": {"category": "", "codelist_iati_version": "2.01", "name": "application/activemessage", "codelist_successor": null, "description": ""}, "model": "iati_codelists.fileformat", "pk": "application/activemessage"}, {"fields": {"category": "", "codelist_iati_version": "2.01", "name": "application/alto-costmapfilter+json", "codelist_successor": null, "description": ""}, "model": "iati_codelists.fileformat", "pk": "application/alto-costmapfilter+json"}, {"fields": {"category": "", "codelist_iati_version": "2.01", "name": "application/alto-costmap+json", "codelist_successor": null, "description": ""}, "model": "iati_codelists.fileformat", "pk": "application/alto-costmap+json"}, {"fields": {"category": "", "codelist_iati_version": "2.01", "name": "application/alto-directory+json", "codelist_successor": null, "description": ""}, "model": "iati_codelists.fileformat", "pk": "application/alto-directory+json"}, {"fields": {"category": "", "codelist_iati_version": "2.01", "name": "application/alto-endpointcost+json", "codelist_successor": null, "description": ""}, "model": "iati_codelists.fileformat", "pk": "application/alto-endpointcost+json"}, {"fields": {"category": "", "codelist_iati_version": "2.01", "name": "application/alto-endpointcostparams+json", "codelist_successor": null, "description": ""}, "model": "iati_codelists.fileformat", "pk": "application/alto-endpointcostparams+json"}, {"fields": {"category": "", "codelist_iati_version": "2.01", "name": "application/alto-endpointprop+json", "codelist_successor": null, "description": ""}, "model": "iati_codelists.fileformat", "pk": "application/alto-endpointprop+json"}, {"fields": {"category": "", "codelist_iati_version": "2.01", "name": "application/alto-endpointpropparams+json", "codelist_successor": null, "description": ""}, "model": "iati_codelists.fileformat", "pk": "application/alto-endpointpropparams+json"}, {"fields": {"category": "", "codelist_iati_version": "2.01", "name": "application/alto-error+json", "codelist_successor": null, "description": ""}, "model": "iati_codelists.fileformat", "pk": "application/alto-error+json"}, {"fields": {"category": "", "codelist_iati_version": "2.01", "name": "application/alto-networkmapfilter+json", "codelist_successor": null, "description": ""}, "model": "iati_codelists.fileformat", "pk": "application/alto-networkmapfilter+json"}, {"fields": {"category": "", "codelist_iati_version": "2.01", "name": "application/alto-networkmap+json", "codelist_successor": null, "description": ""}, "model": "iati_codelists.fileformat", "pk": "application/alto-networkmap+json"}, {"fields": {"category": "", "codelist_iati_version": "2.01", "name": "application/andrew-inset", "codelist_successor": null, "description": ""}, "model": "iati_codelists.fileformat", "pk": "application/andrew-inset"}, {"fields": {"category": "", "codelist_iati_version": "2.01", "name": "application/applefile", "codelist_successor": null, "description": ""}, "model": "iati_codelists.fileformat", "pk": "application/applefile"}, {"fields": {"category": "", "codelist_iati_version": "2.01", "name": "application/atomcat+xml", "codelist_successor": null, "description": ""}, "model": "iati_codelists.fileformat", "pk": "application/atomcat+xml"}, {"fields": {"category": "", "codelist_iati_version": "2.01", "name": "application/atomdeleted+xml", "codelist_successor": null, "description": ""}, "model": "iati_codelists.fileformat", "pk": "application/atomdeleted+xml"}, {"fields": {"category": "", "codelist_iati_version": "2.01", "name": "application/atomicmail", "codelist_successor": null, "description": ""}, "model": "iati_codelists.fileformat", "pk": "application/atomicmail"}, {"fields": {"category": "", "codelist_iati_version": "2.01", "name": "application/atomsvc+xml", "codelist_successor": null, "description": ""}, "model": "iati_codelists.fileformat", "pk": "application/atomsvc+xml"}, {"fields": {"category": "", "codelist_iati_version": "2.01", "name": "application/atom+xml", "codelist_successor": null, "description": ""}, "model": "iati_codelists.fileformat", "pk": "application/atom+xml"}, {"fields": {"category": "", "codelist_iati_version": "2.01", "name": "application/auth-policy+xml", "codelist_successor": null, "description": ""}, "model": "iati_codelists.fileformat", "pk": "application/auth-policy+xml"}, {"fields": {"category": "", "codelist_iati_version": "2.01", "name": "application/bacnet-xdd+zip", "codelist_successor": null, "description": ""}, "model": "iati_codelists.fileformat", "pk": "application/bacnet-xdd+zip"}, {"fields": {"category": "", "codelist_iati_version": "2.01", "name": "application/batch-SMTP", "codelist_successor": null, "description": ""}, "model": "iati_codelists.fileformat", "pk": "application/batch-SMTP"}, {"fields": {"category": "", "codelist_iati_version": "2.01", "name": "application/beep+xml", "codelist_successor": null, "description": ""}, "model": "iati_codelists.fileformat", "pk": "application/beep+xml"}, {"fields": {"category": "", "codelist_iati_version": "2.01", "name": "application/calendar+json", "codelist_successor": null, "description": ""}, "model": "iati_codelists.fileformat", "pk": "application/calendar+json"}, {"fields": {"category": "", "codelist_iati_version": "2.01", "name": "application/calendar+xml", "codelist_successor": null, "description": ""}, "model": "iati_codelists.fileformat", "pk": "application/calendar+xml"}, {"fields": {"category": "", "codelist_iati_version": "2.01", "name": "application/call-completion", "codelist_successor": null, "description": ""}, "model": "iati_codelists.fileformat", "pk": "application/call-completion"}, {"fields": {"category": "", "codelist_iati_version": "2.01", "name": "application/cals-1840", "codelist_successor": null, "description": ""}, "model": "iati_codelists.fileformat", "pk": "application/cals-1840"}, {"fields": {"category": "", "codelist_iati_version": "2.01", "name": "application/cbor", "codelist_successor": null, "description": ""}, "model": "iati_codelists.fileformat", "pk": "application/cbor"}, {"fields": {"category": "", "codelist_iati_version": "2.01", "name": "application/ccmp+xml", "codelist_successor": null, "description": ""}, "model": "iati_codelists.fileformat", "pk": "application/ccmp+xml"}, {"fields": {"category": "", "codelist_iati_version": "2.01", "name": "application/ccxml+xml", "codelist_successor": null, "description": ""}, "model": "iati_codelists.fileformat", "pk": "application/ccxml+xml"}, {"fields": {"category": "", "codelist_iati_version": "2.01", "name": "application/cdmi-capability", "codelist_successor": null, "description": ""}, "model": "iati_codelists.fileformat", "pk": "application/cdmi-capability"}, {"fields": {"category": "", "codelist_iati_version": "2.01", "name": "application/cdmi-container", "codelist_successor": null, "description": ""}, "model": "iati_codelists.fileformat", "pk": "application/cdmi-container"}, {"fields": {"category": "", "codelist_iati_version": "2.01", "name": "application/cdmi-domain", "codelist_successor": null, "description": ""}, "model": "iati_codelists.fileformat", "pk": "application/cdmi-domain"}, {"fields": {"category": "", "codelist_iati_version": "2.01", "name": "application/cdmi-object", "codelist_successor": null, "description": ""}, "model": "iati_codelists.fileformat", "pk": "application/cdmi-object"}, {"fields": {"category": "", "codelist_iati_version": "2.01", "name": "application/cdmi-queue", "codelist_successor": null, "description": ""}, "model": "iati_codelists.fileformat", "pk": "application/cdmi-queue"}, {"fields": {"category": "", "codelist_iati_version": "2.01", "name": "application/cea-2018+xml", "codelist_successor": null, "description": ""}, "model": "iati_codelists.fileformat", "pk": "application/cea-2018+xml"}, {"fields": {"category": "", "codelist_iati_version": "2.01", "name": "application/cellml+xml", "codelist_successor": null, "description": ""}, "model": "iati_codelists.fileformat", "pk": "application/cellml+xml"}, {"fields": {"category": "", "codelist_iati_version": "2.01", "name": "application/cfw", "codelist_successor": null, "description": ""}, "model": "iati_codelists.fileformat", "pk": "application/cfw"}, {"fields": {"category": "", "codelist_iati_version": "2.01", "name": "application/cms", "codelist_successor": null, "description": ""}, "model": "iati_codelists.fileformat", "pk": "application/cms"}, {"fields": {"category": "", "codelist_iati_version": "2.01", "name": "application/cnrp+xml", "codelist_successor": null, "description": ""}, "model": "iati_codelists.fileformat", "pk": "application/cnrp+xml"}, {"fields": {"category": "", "codelist_iati_version": "2.01", "name": "application/commonground", "codelist_successor": null, "description": ""}, "model": "iati_codelists.fileformat", "pk": "application/commonground"}, {"fields": {"category": "", "codelist_iati_version": "2.01", "name": "application/conference-info+xml", "codelist_successor": null, "description": ""}, "model": "iati_codelists.fileformat", "pk": "application/conference-info+xml"}, {"fields": {"category": "", "codelist_iati_version": "2.01", "name": "application/cpl+xml", "codelist_successor": null, "description": ""}, "model": "iati_codelists.fileformat", "pk": "application/cpl+xml"}, {"fields": {"category": "", "codelist_iati_version": "2.01", "name": "application/csrattrs", "codelist_successor": null, "description": ""}, "model": "iati_codelists.fileformat", "pk": "application/csrattrs"}, {"fields": {"category": "", "codelist_iati_version": "2.01", "name": "application/CSTAdata+xml", "codelist_successor": null, "description": ""}, "model": "iati_codelists.fileformat", "pk": "application/CSTAdata+xml"}, {"fields": {"category": "", "codelist_iati_version": "2.01", "name": "application/csta+xml", "codelist_successor": null, "description": ""}, "model": "iati_codelists.fileformat", "pk": "application/csta+xml"}, {"fields": {"category": "", "codelist_iati_version": "2.01", "name": "application/cybercash", "codelist_successor": null, "description": ""}, "model": "iati_codelists.fileformat", "pk": "application/cybercash"}, {"fields": {"category": "", "codelist_iati_version": "2.01", "name": "application/dashdelta", "codelist_successor": null, "description": ""}, "model": "iati_codelists.fileformat", "pk": "application/dashdelta"}, {"fields": {"category": "", "codelist_iati_version": "2.01", "name": "application/dash+xml", "codelist_successor": null, "description": ""}, "model": "iati_codelists.fileformat", "pk": "application/dash+xml"}, {"fields": {"category": "", "codelist_iati_version": "2.01", "name": "application/davmount+xml", "codelist_successor": null, "description": ""}, "model": "iati_codelists.fileformat", "pk": "application/davmount+xml"}, {"fields": {"category": "", "codelist_iati_version": "2.01", "name": "application/dca-rft", "codelist_successor": null, "description": ""}, "model": "iati_codelists.fileformat", "pk": "application/dca-rft"}, {"fields": {"category": "", "codelist_iati_version": "2.01", "name": "application/dec-dx", "codelist_successor": null, "description": ""}, "model": "iati_codelists.fileformat", "pk": "application/dec-dx"}, {"fields": {"category": "", "codelist_iati_version": "2.01", "name": "application/dialog-info+xml", "codelist_successor": null, "description": ""}, "model": "iati_codelists.fileformat", "pk": "application/dialog-info+xml"}, {"fields": {"category": "", "codelist_iati_version": "2.01", "name": "application/dicom", "codelist_successor": null, "description": ""}, "model": "iati_codelists.fileformat", "pk": "application/dicom"}, {"fields": {"category": "", "codelist_iati_version": "2.01", "name": "application/dns", "codelist_successor": null, "description": ""}, "model": "iati_codelists.fileformat", "pk": "application/dns"}, {"fields": {"category": "", "codelist_iati_version": "2.01", "name": "application/dskpp+xml", "codelist_successor": null, "description": ""}, "model": "iati_codelists.fileformat", "pk": "application/dskpp+xml"}, {"fields": {"category": "", "codelist_iati_version": "2.01", "name": "application/dssc+der", "codelist_successor": null, "description": ""}, "model": "iati_codelists.fileformat", "pk": "application/dssc+der"}, {"fields": {"category": "", "codelist_iati_version": "2.01", "name": "application/dssc+xml", "codelist_successor": null, "description": ""}, "model": "iati_codelists.fileformat", "pk": "application/dssc+xml"}, {"fields": {"category": "", "codelist_iati_version": "2.01", "name": "application/dvcs", "codelist_successor": null, "description": ""}, "model": "iati_codelists.fileformat", "pk": "application/dvcs"}, {"fields": {"category": "", "codelist_iati_version": "2.01", "name": "application/ecmascript", "codelist_successor": null, "description": ""}, "model": "iati_codelists.fileformat", "pk": "application/ecmascript"}, {"fields": {"category": "", "codelist_iati_version": "2.01", "name": "application/EDI-consent", "codelist_successor": null, "description": ""}, "model": "iati_codelists.fileformat", "pk": "application/EDI-consent"}, {"fields": {"category": "", "codelist_iati_version": "2.01", "name": "application/EDIFACT", "codelist_successor": null, "description": ""}, "model": "iati_codelists.fileformat", "pk": "application/EDIFACT"}, {"fields": {"category": "", "codelist_iati_version": "2.01", "name": "application/EDI-X12", "codelist_successor": null, "description": ""}, "model": "iati_codelists.fileformat", "pk": "application/EDI-X12"}, {"fields": {"category": "", "codelist_iati_version": "2.01", "name": "application/emma+xml", "codelist_successor": null, "description": ""}, "model": "iati_codelists.fileformat", "pk": "application/emma+xml"}, {"fields": {"category": "", "codelist_iati_version": "2.01", "name": "application/emotionml+xml", "codelist_successor": null, "description": ""}, "model": "iati_codelists.fileformat", "pk": "application/emotionml+xml"}, {"fields": {"category": "", "codelist_iati_version": "2.01", "name": "application/encaprtp", "codelist_successor": null, "description": ""}, "model": "iati_codelists.fileformat", "pk": "application/encaprtp"}, {"fields": {"category": "", "codelist_iati_version": "2.01", "name": "application/epp+xml", "codelist_successor": null, "description": ""}, "model": "iati_codelists.fileformat", "pk": "application/epp+xml"}, {"fields": {"category": "", "codelist_iati_version": "2.01", "name": "application/eshop", "codelist_successor": null, "description": ""}, "model": "iati_codelists.fileformat", "pk": "application/eshop"}, {"fields": {"category": "", "codelist_iati_version": "2.01", "name": "application/example", "codelist_successor": null, "description": ""}, "model": "iati_codelists.fileformat", "pk": "application/example"}, {"fields": {"category": "", "codelist_iati_version": "2.01", "name": "application/exi", "codelist_successor": null, "description": ""}, "model": "iati_codelists.fileformat", "pk": "application/exi"}, {"fields": {"category": "", "codelist_iati_version": "2.01", "name": "application/fastinfoset", "codelist_successor": null, "description": ""}, "model": "iati_codelists.fileformat", "pk": "application/fastinfoset"}, {"fields": {"category": "", "codelist_iati_version": "2.01", "name": "application/fastsoap", "codelist_successor": null, "description": ""}, "model": "iati_codelists.fileformat", "pk": "application/fastsoap"}, {"fields": {"category": "", "codelist_iati_version": "2.01", "name": "application/fdt+xml", "codelist_successor": null, "description": ""}, "model": "iati_codelists.fileformat", "pk": "application/fdt+xml"}, {"fields": {"category": "", "codelist_iati_version": "2.01", "name": "application/fits", "codelist_successor": null, "description": ""}, "model": "iati_codelists.fileformat", "pk": "application/fits"}, {"fields": {"category": "", "codelist_iati_version": "2.01", "name": "application/font-sfnt", "codelist_successor": null, "description": ""}, "model": "iati_codelists.fileformat", "pk": "application/font-sfnt"}, {"fields": {"category": "", "codelist_iati_version": "2.01", "name": "application/font-tdpfr", "codelist_successor": null, "description": ""}, "model": "iati_codelists.fileformat", "pk": "application/font-tdpfr"}, {"fields": {"category": "", "codelist_iati_version": "2.01", "name": "application/font-woff", "codelist_successor": null, "description": ""}, "model": "iati_codelists.fileformat", "pk": "application/font-woff"}, {"fields": {"category": "", "codelist_iati_version": "2.01", "name": "application/framework-attributes+xml", "codelist_successor": null, "description": ""}, "model": "iati_codelists.fileformat", "pk": "application/framework-attributes+xml"}, {"fields": {"category": "", "codelist_iati_version": "2.01", "name": "application/gzip", "codelist_successor": null, "description": ""}, "model": "iati_codelists.fileformat", "pk": "application/gzip"}, {"fields": {"category": "", "codelist_iati_version": "2.01", "name": "application/H224", "codelist_successor": null, "description": ""}, "model": "iati_codelists.fileformat", "pk": "application/H224"}, {"fields": {"category": "", "codelist_iati_version": "2.01", "name": "application/held+xml", "codelist_successor": null, "description": ""}, "model": "iati_codelists.fileformat", "pk": "application/held+xml"}, {"fields": {"category": "", "codelist_iati_version": "2.01", "name": "application/http", "codelist_successor": null, "description": ""}, "model": "iati_codelists.fileformat", "pk": "application/http"}, {"fields": {"category": "", "codelist_iati_version": "2.01", "name": "application/hyperstudio", "codelist_successor": null, "description": ""}, "model": "iati_codelists.fileformat", "pk": "application/hyperstudio"}, {"fields": {"category": "", "codelist_iati_version": "2.01", "name": "application/ibe-key-request+xml", "codelist_successor": null, "description": ""}, "model": "iati_codelists.fileformat", "pk": "application/ibe-key-request+xml"}, {"fields": {"category": "", "codelist_iati_version": "2.01", "name": "application/ibe-pkg-reply+xml", "codelist_successor": null, "description": ""}, "model": "iati_codelists.fileformat", "pk": "application/ibe-pkg-reply+xml"}, {"fields": {"category": "", "codelist_iati_version": "2.01", "name": "application/ibe-pp-data", "codelist_successor": null, "description": ""}, "model": "iati_codelists.fileformat", "pk": "application/ibe-pp-data"}, {"fields": {"category": "", "codelist_iati_version": "2.01", "name": "application/iges", "codelist_successor": null, "description": ""}, "model": "iati_codelists.fileformat", "pk": "application/iges"}, {"fields": {"category": "", "codelist_iati_version": "2.01", "name": "application/im-iscomposing+xml", "codelist_successor": null, "description": ""}, "model": "iati_codelists.fileformat", "pk": "application/im-iscomposing+xml"}, {"fields": {"category": "", "codelist_iati_version": "2.01", "name": "application/index", "codelist_successor": null, "description": ""}, "model": "iati_codelists.fileformat", "pk": "application/index"}, {"fields": {"category": "", "codelist_iati_version": "2.01", "name": "application/index.cmd", "codelist_successor": null, "description": ""}, "model": "iati_codelists.fileformat", "pk": "application/index.cmd"}, {"fields": {"category": "", "codelist_iati_version": "2.01", "name": "application/index.obj", "codelist_successor": null, "description": ""}, "model": "iati_codelists.fileformat", "pk": "application/index.obj"}, {"fields": {"category": "", "codelist_iati_version": "2.01", "name": "application/index.response", "codelist_successor": null, "description": ""}, "model": "iati_codelists.fileformat", "pk": "application/index.response"}, {"fields": {"category": "", "codelist_iati_version": "2.01", "name": "application/index.vnd", "codelist_successor": null, "description": ""}, "model": "iati_codelists.fileformat", "pk": "application/index.vnd"}, {"fields": {"category": "", "codelist_iati_version": "2.01", "name": "application/inkml+xml", "codelist_successor": null, "description": ""}, "model": "iati_codelists.fileformat", "pk": "application/inkml+xml"}, {"fields": {"category": "", "codelist_iati_version": "2.01", "name": "application/iotp", "codelist_successor": null, "description": ""}, "model": "iati_codelists.fileformat", "pk": "application/iotp"}, {"fields": {"category": "", "codelist_iati_version": "2.01", "name": "application/ipfix", "codelist_successor": null, "description": ""}, "model": "iati_codelists.fileformat", "pk": "application/ipfix"}, {"fields": {"category": "", "codelist_iati_version": "2.01", "name": "application/ipp", "codelist_successor": null, "description": ""}, "model": "iati_codelists.fileformat", "pk": "application/ipp"}, {"fields": {"category": "", "codelist_iati_version": "2.01", "name": "application/isup", "codelist_successor": null, "description": ""}, "model": "iati_codelists.fileformat", "pk": "application/isup"}, {"fields": {"category": "", "codelist_iati_version": "2.01", "name": "application/its+xml", "codelist_successor": null, "description": ""}, "model": "iati_codelists.fileformat", "pk": "application/its+xml"}, {"fields": {"category": "", "codelist_iati_version": "2.01", "name": "application/javascript", "codelist_successor": null, "description": ""}, "model": "iati_codelists.fileformat", "pk": "application/javascript"}, {"fields": {"category": "", "codelist_iati_version": "2.01", "name": "application/jrd+json", "codelist_successor": null, "description": ""}, "model": "iati_codelists.fileformat", "pk": "application/jrd+json"}, {"fields": {"category": "", "codelist_iati_version": "2.01", "name": "application/json", "codelist_successor": null, "description": ""}, "model": "iati_codelists.fileformat", "pk": "application/json"}, {"fields": {"category": "", "codelist_iati_version": "2.01", "name": "application/json-patch+json", "codelist_successor": null, "description": ""}, "model": "iati_codelists.fileformat", "pk": "application/json-patch+json"}, {"fields": {"category": "", "codelist_iati_version": "2.01", "name": "application/kpml-request+xml", "codelist_successor": null, "description": ""}, "model": "iati_codelists.fileformat", "pk": "application/kpml-request+xml"}, {"fields": {"category": "", "codelist_iati_version": "2.01", "name": "application/kpml-response+xml", "codelist_successor": null, "description": ""}, "model": "iati_codelists.fileformat", "pk": "application/kpml-response+xml"}, {"fields": {"category": "", "codelist_iati_version": "2.01", "name": "application/ld+json", "codelist_successor": null, "description": ""}, "model": "iati_codelists.fileformat", "pk": "application/ld+json"}, {"fields": {"category": "", "codelist_iati_version": "2.01", "name": "application/link-format", "codelist_successor": null, "description": ""}, "model": "iati_codelists.fileformat", "pk": "application/link-format"}, {"fields": {"category": "", "codelist_iati_version": "2.01", "name": "application/load-control+xml", "codelist_successor": null, "description": ""}, "model": "iati_codelists.fileformat", "pk": "application/load-control+xml"}, {"fields": {"category": "", "codelist_iati_version": "2.01", "name": "application/lostsync+xml", "codelist_successor": null, "description": ""}, "model": "iati_codelists.fileformat", "pk": "application/lostsync+xml"}, {"fields": {"category": "", "codelist_iati_version": "2.01", "name": "application/lost+xml", "codelist_successor": null, "description": ""}, "model": "iati_codelists.fileformat", "pk": "application/lost+xml"}, {"fields": {"category": "", "codelist_iati_version": "2.01", "name": "application/mac-binhex40", "codelist_successor": null, "description": ""}, "model": "iati_codelists.fileformat", "pk": "application/mac-binhex40"}, {"fields": {"category": "", "codelist_iati_version": "2.01", "name": "application/macwriteii", "codelist_successor": null, "description": ""}, "model": "iati_codelists.fileformat", "pk": "application/macwriteii"}, {"fields": {"category": "", "codelist_iati_version": "2.01", "name": "application/mads+xml", "codelist_successor": null, "description": ""}, "model": "iati_codelists.fileformat", "pk": "application/mads+xml"}, {"fields": {"category": "", "codelist_iati_version": "2.01", "name": "application/marc", "codelist_successor": null, "description": ""}, "model": "iati_codelists.fileformat", "pk": "application/marc"}, {"fields": {"category": "", "codelist_iati_version": "2.01", "name": "application/marcxml+xml", "codelist_successor": null, "description": ""}, "model": "iati_codelists.fileformat", "pk": "application/marcxml+xml"}, {"fields": {"category": "", "codelist_iati_version": "2.01", "name": "application/mathematica", "codelist_successor": null, "description": ""}, "model": "iati_codelists.fileformat", "pk": "application/mathematica"}, {"fields": {"category": "", "codelist_iati_version": "2.01", "name": "application/mathml-content+xml", "codelist_successor": null, "description": ""}, "model": "iati_codelists.fileformat", "pk": "application/mathml-content+xml"}, {"fields": {"category": "", "codelist_iati_version": "2.01", "name": "application/mathml-presentation+xml", "codelist_successor": null, "description": ""}, "model": "iati_codelists.fileformat", "pk": "application/mathml-presentation+xml"}, {"fields": {"category": "", "codelist_iati_version": "2.01", "name": "application/mathml+xml", "codelist_successor": null, "description": ""}, "model": "iati_codelists.fileformat", "pk": "application/mathml+xml"}, {"fields": {"category": "", "codelist_iati_version": "2.01", "name": "application/mbms-associated-procedure-description+xml", "codelist_successor": null, "description": ""}, "model": "iati_codelists.fileformat", "pk": "application/mbms-associated-procedure-description+xml"}, {"fields": {"category": "", "codelist_iati_version": "2.01", "name": "application/mbms-deregister+xml", "codelist_successor": null, "description": ""}, "model": "iati_codelists.fileformat", "pk": "application/mbms-deregister+xml"}, {"fields": {"category": "", "codelist_iati_version": "2.01", "name": "application/mbms-envelope+xml", "codelist_successor": null, "description": ""}, "model": "iati_codelists.fileformat", "pk": "application/mbms-envelope+xml"}, {"fields": {"category": "", "codelist_iati_version": "2.01", "name": "application/mbms-msk-response+xml", "codelist_successor": null, "description": ""}, "model": "iati_codelists.fileformat", "pk": "application/mbms-msk-response+xml"}, {"fields": {"category": "", "codelist_iati_version": "2.01", "name": "application/mbms-msk+xml", "codelist_successor": null, "description": ""}, "model": "iati_codelists.fileformat", "pk": "application/mbms-msk+xml"}, {"fields": {"category": "", "codelist_iati_version": "2.01", "name": "application/mbms-protection-description+xml", "codelist_successor": null, "description": ""}, "model": "iati_codelists.fileformat", "pk": "application/mbms-protection-description+xml"}, {"fields": {"category": "", "codelist_iati_version": "2.01", "name": "application/mbms-reception-report+xml", "codelist_successor": null, "description": ""}, "model": "iati_codelists.fileformat", "pk": "application/mbms-reception-report+xml"}, {"fields": {"category": "", "codelist_iati_version": "2.01", "name": "application/mbms-register-response+xml", "codelist_successor": null, "description": ""}, "model": "iati_codelists.fileformat", "pk": "application/mbms-register-response+xml"}, {"fields": {"category": "", "codelist_iati_version": "2.01", "name": "application/mbms-register+xml", "codelist_successor": null, "description": ""}, "model": "iati_codelists.fileformat", "pk": "application/mbms-register+xml"}, {"fields": {"category": "", "codelist_iati_version": "2.01", "name": "application/mbms-schedule+xml", "codelist_successor": null, "description": ""}, "model": "iati_codelists.fileformat", "pk": "application/mbms-schedule+xml"}, {"fields": {"category": "", "codelist_iati_version": "2.01", "name": "application/mbms-user-service-description+xml", "codelist_successor": null, "description": ""}, "model": "iati_codelists.fileformat", "pk": "application/mbms-user-service-description+xml"}, {"fields": {"category": "", "codelist_iati_version": "2.01", "name": "application/mbox", "codelist_successor": null, "description": ""}, "model": "iati_codelists.fileformat", "pk": "application/mbox"}, {"fields": {"category": "", "codelist_iati_version": "2.01", "name": "application/media_control+xml", "codelist_successor": null, "description": ""}, "model": "iati_codelists.fileformat", "pk": "application/media_control+xml"}, {"fields": {"category": "", "codelist_iati_version": "2.01", "name": "application/media-policy-dataset+xml", "codelist_successor": null, "description": ""}, "model": "iati_codelists.fileformat", "pk": "application/media-policy-dataset+xml"}, {"fields": {"category": "", "codelist_iati_version": "2.01", "name": "application/mediaservercontrol+xml", "codelist_successor": null, "description": ""}, "model": "iati_codelists.fileformat", "pk": "application/mediaservercontrol+xml"}, {"fields": {"category": "", "codelist_iati_version": "2.01", "name": "application/metalink4+xml", "codelist_successor": null, "description": ""}, "model": "iati_codelists.fileformat", "pk": "application/metalink4+xml"}, {"fields": {"category": "", "codelist_iati_version": "2.01", "name": "application/mets+xml", "codelist_successor": null, "description": ""}, "model": "iati_codelists.fileformat", "pk": "application/mets+xml"}, {"fields": {"category": "", "codelist_iati_version": "2.01", "name": "application/mikey", "codelist_successor": null, "description": ""}, "model": "iati_codelists.fileformat", "pk": "application/mikey"}, {"fields": {"category": "", "codelist_iati_version": "2.01", "name": "application/mods+xml", "codelist_successor": null, "description": ""}, "model": "iati_codelists.fileformat", "pk": "application/mods+xml"}, {"fields": {"category": "", "codelist_iati_version": "2.01", "name": "application/mosskey-data", "codelist_successor": null, "description": ""}, "model": "iati_codelists.fileformat", "pk": "application/mosskey-data"}, {"fields": {"category": "", "codelist_iati_version": "2.01", "name": "application/mosskey-request", "codelist_successor": null, "description": ""}, "model": "iati_codelists.fileformat", "pk": "application/mosskey-request"}, {"fields": {"category": "", "codelist_iati_version": "2.01", "name": "application/moss-keys", "codelist_successor": null, "description": ""}, "model": "iati_codelists.fileformat", "pk": "application/moss-keys"}, {"fields": {"category": "", "codelist_iati_version": "2.01", "name": "application/moss-signature", "codelist_successor": null, "description": ""}, "model": "iati_codelists.fileformat", "pk": "application/moss-signature"}, {"fields": {"category": "", "codelist_iati_version": "2.01", "name": "application/mp21", "codelist_successor": null, "description": ""}, "model": "iati_codelists.fileformat", "pk": "application/mp21"}, {"fields": {"category": "", "codelist_iati_version": "2.01", "name": "application/mp4", "codelist_successor": null, "description": ""}, "model": "iati_codelists.fileformat", "pk": "application/mp4"}, {"fields": {"category": "", "codelist_iati_version": "2.01", "name": "application/mpeg4-generic", "codelist_successor": null, "description": ""}, "model": "iati_codelists.fileformat", "pk": "application/mpeg4-generic"}, {"fields": {"category": "", "codelist_iati_version": "2.01", "name": "application/mpeg4-iod", "codelist_successor": null, "description": ""}, "model": "iati_codelists.fileformat", "pk": "application/mpeg4-iod"}, {"fields": {"category": "", "codelist_iati_version": "2.01", "name": "application/mpeg4-iod-xmt", "codelist_successor": null, "description": ""}, "model": "iati_codelists.fileformat", "pk": "application/mpeg4-iod-xmt"}, {"fields": {"category": "", "codelist_iati_version": "2.01", "name": "application/mrb-consumer+xml", "codelist_successor": null, "description": ""}, "model": "iati_codelists.fileformat", "pk": "application/mrb-consumer+xml"}, {"fields": {"category": "", "codelist_iati_version": "2.01", "name": "application/mrb-publish+xml", "codelist_successor": null, "description": ""}, "model": "iati_codelists.fileformat", "pk": "application/mrb-publish+xml"}, {"fields": {"category": "", "codelist_iati_version": "2.01", "name": "application/msc-ivr+xml", "codelist_successor": null, "description": ""}, "model": "iati_codelists.fileformat", "pk": "application/msc-ivr+xml"}, {"fields": {"category": "", "codelist_iati_version": "2.01", "name": "application/msc-mixer+xml", "codelist_successor": null, "description": ""}, "model": "iati_codelists.fileformat", "pk": "application/msc-mixer+xml"}, {"fields": {"category": "", "codelist_iati_version": "2.01", "name": "application/msword", "codelist_successor": null, "description": ""}, "model": "iati_codelists.fileformat", "pk": "application/msword"}, {"fields": {"category": "", "codelist_iati_version": "2.01", "name": "application/mxf", "codelist_successor": null, "description": ""}, "model": "iati_codelists.fileformat", "pk": "application/mxf"}, {"fields": {"category": "", "codelist_iati_version": "2.01", "name": "application/nasdata", "codelist_successor": null, "description": ""}, "model": "iati_codelists.fileformat", "pk": "application/nasdata"}, {"fields": {"category": "", "codelist_iati_version": "2.01", "name": "application/news-checkgroups", "codelist_successor": null, "description": ""}, "model": "iati_codelists.fileformat", "pk": "application/news-checkgroups"}, {"fields": {"category": "", "codelist_iati_version": "2.01", "name": "application/news-groupinfo", "codelist_successor": null, "description": ""}, "model": "iati_codelists.fileformat", "pk": "application/news-groupinfo"}, {"fields": {"category": "", "codelist_iati_version": "2.01", "name": "application/news-transmission", "codelist_successor": null, "description": ""}, "model": "iati_codelists.fileformat", "pk": "application/news-transmission"}, {"fields": {"category": "", "codelist_iati_version": "2.01", "name": "application/nlsml+xml", "codelist_successor": null, "description": ""}, "model": "iati_codelists.fileformat", "pk": "application/nlsml+xml"}, {"fields": {"category": "", "codelist_iati_version": "2.01", "name": "application/nss", "codelist_successor": null, "description": ""}, "model": "iati_codelists.fileformat", "pk": "application/nss"}, {"fields": {"category": "", "codelist_iati_version": "2.01", "name": "application/ocsp-request", "codelist_successor": null, "description": ""}, "model": "iati_codelists.fileformat", "pk": "application/ocsp-request"}, {"fields": {"category": "", "codelist_iati_version": "2.01", "name": "application/ocsp-response", "codelist_successor": null, "description": ""}, "model": "iati_codelists.fileformat", "pk": "application/ocsp-response"}, {"fields": {"category": "", "codelist_iati_version": "2.01", "name": "application/octet-stream", "codelist_successor": null, "description": ""}, "model": "iati_codelists.fileformat", "pk": "application/octet-stream"}, {"fields": {"category": "", "codelist_iati_version": "2.01", "name": "application/oda", "codelist_successor": null, "description": ""}, "model": "iati_codelists.fileformat", "pk": "application/oda"}, {"fields": {"category": "", "codelist_iati_version": "2.01", "name": "application/ODX", "codelist_successor": null, "description": ""}, "model": "iati_codelists.fileformat", "pk": "application/ODX"}, {"fields": {"category": "", "codelist_iati_version": "2.01", "name": "application/oebps-package+xml", "codelist_successor": null, "description": ""}, "model": "iati_codelists.fileformat", "pk": "application/oebps-package+xml"}, {"fields": {"category": "", "codelist_iati_version": "2.01", "name": "application/ogg", "codelist_successor": null, "description": ""}, "model": "iati_codelists.fileformat", "pk": "application/ogg"}, {"fields": {"category": "", "codelist_iati_version": "2.01", "name": "application/oxps", "codelist_successor": null, "description": ""}, "model": "iati_codelists.fileformat", "pk": "application/oxps"}, {"fields": {"category": "", "codelist_iati_version": "2.01", "name": "application/p2p-overlay+xml", "codelist_successor": null, "description": ""}, "model": "iati_codelists.fileformat", "pk": "application/p2p-overlay+xml"}, {"fields": {"category": "", "codelist_iati_version": "2.01", "name": "application/parityfec", "codelist_successor": null, "description": ""}, "model": "iati_codelists.fileformat", "pk": "application/parityfec"}, {"fields": {"category": "", "codelist_iati_version": "2.01", "name": "application/patch-ops-error+xml", "codelist_successor": null, "description": ""}, "model": "iati_codelists.fileformat", "pk": "application/patch-ops-error+xml"}, {"fields": {"category": "", "codelist_iati_version": "2.01", "name": "application/pdf", "codelist_successor": null, "description": ""}, "model": "iati_codelists.fileformat", "pk": "application/pdf"}, {"fields": {"category": "", "codelist_iati_version": "2.01", "name": "application/PDX", "codelist_successor": null, "description": ""}, "model": "iati_codelists.fileformat", "pk": "application/PDX"}, {"fields": {"category": "", "codelist_iati_version": "2.01", "name": "application/pgp-encrypted", "codelist_successor": null, "description": ""}, "model": "iati_codelists.fileformat", "pk": "application/pgp-encrypted"}, {"fields": {"category": "", "codelist_iati_version": "2.01", "name": "application/pgp-keys", "codelist_successor": null, "description": ""}, "model": "iati_codelists.fileformat", "pk": "application/pgp-keys"}, {"fields": {"category": "", "codelist_iati_version": "2.01", "name": "application/pgp-signature", "codelist_successor": null, "description": ""}, "model": "iati_codelists.fileformat", "pk": "application/pgp-signature"}, {"fields": {"category": "", "codelist_iati_version": "2.01", "name": "application/pidf-diff+xml", "codelist_successor": null, "description": ""}, "model": "iati_codelists.fileformat", "pk": "application/pidf-diff+xml"}, {"fields": {"category": "", "codelist_iati_version": "2.01", "name": "application/pidf+xml", "codelist_successor": null, "description": ""}, "model": "iati_codelists.fileformat", "pk": "application/pidf+xml"}, {"fields": {"category": "", "codelist_iati_version": "2.01", "name": "application/pkcs10", "codelist_successor": null, "description": ""}, "model": "iati_codelists.fileformat", "pk": "application/pkcs10"}, {"fields": {"category": "", "codelist_iati_version": "2.01", "name": "application/pkcs7-mime", "codelist_successor": null, "description": ""}, "model": "iati_codelists.fileformat", "pk": "application/pkcs7-mime"}, {"fields": {"category": "", "codelist_iati_version": "2.01", "name": "application/pkcs7-signature", "codelist_successor": null, "description": ""}, "model": "iati_codelists.fileformat", "pk": "application/pkcs7-signature"}, {"fields": {"category": "", "codelist_iati_version": "2.01", "name": "application/pkcs8", "codelist_successor": null, "description": ""}, "model": "iati_codelists.fileformat", "pk": "application/pkcs8"}, {"fields": {"category": "", "codelist_iati_version": "2.01", "name": "application/pkix-attr-cert", "codelist_successor": null, "description": ""}, "model": "iati_codelists.fileformat", "pk": "application/pkix-attr-cert"}, {"fields": {"category": "", "codelist_iati_version": "2.01", "name": "application/pkix-cert", "codelist_successor": null, "description": ""}, "model": "iati_codelists.fileformat", "pk": "application/pkix-cert"}, {"fields": {"category": "", "codelist_iati_version": "2.01", "name": "application/pkixcmp", "codelist_successor": null, "description": ""}, "model": "iati_codelists.fileformat", "pk": "application/pkixcmp"}, {"fields": {"category": "", "codelist_iati_version": "2.01", "name": "application/pkix-crl", "codelist_successor": null, "description": ""}, "model": "iati_codelists.fileformat", "pk": "application/pkix-crl"}, {"fields": {"category": "", "codelist_iati_version": "2.01", "name": "application/pkix-pkipath", "codelist_successor": null, "description": ""}, "model": "iati_codelists.fileformat", "pk": "application/pkix-pkipath"}, {"fields": {"category": "", "codelist_iati_version": "2.01", "name": "application/pls+xml", "codelist_successor": null, "description": ""}, "model": "iati_codelists.fileformat", "pk": "application/pls+xml"}, {"fields": {"category": "", "codelist_iati_version": "2.01", "name": "application/poc-settings+xml", "codelist_successor": null, "description": ""}, "model": "iati_codelists.fileformat", "pk": "application/poc-settings+xml"}, {"fields": {"category": "", "codelist_iati_version": "2.01", "name": "application/postscript", "codelist_successor": null, "description": ""}, "model": "iati_codelists.fileformat", "pk": "application/postscript"}, {"fields": {"category": "", "codelist_iati_version": "2.01", "name": "application/provenance+xml", "codelist_successor": null, "description": ""}, "model": "iati_codelists.fileformat", "pk": "application/provenance+xml"}, {"fields": {"category": "", "codelist_iati_version": "2.01", "name": "application/prs.alvestrand.titrax-sheet", "codelist_successor": null, "description": ""}, "model": "iati_codelists.fileformat", "pk": "application/prs.alvestrand.titrax-sheet"}, {"fields": {"category": "", "codelist_iati_version": "2.01", "name": "application/prs.cww", "codelist_successor": null, "description": ""}, "model": "iati_codelists.fileformat", "pk": "application/prs.cww"}, {"fields": {"category": "", "codelist_iati_version": "2.01", "name": "application/prs.hpub+zip", "codelist_successor": null, "description": ""}, "model": "iati_codelists.fileformat", "pk": "application/prs.hpub+zip"}, {"fields": {"category": "", "codelist_iati_version": "2.01", "name": "application/prs.nprend", "codelist_successor": null, "description": ""}, "model": "iati_codelists.fileformat", "pk": "application/prs.nprend"}, {"fields": {"category": "", "codelist_iati_version": "2.01", "name": "application/prs.plucker", "codelist_successor": null, "description": ""}, "model": "iati_codelists.fileformat", "pk": "application/prs.plucker"}, {"fields": {"category": "", "codelist_iati_version": "2.01", "name": "application/prs.rdf-xml-crypt", "codelist_successor": null, "description": ""}, "model": "iati_codelists.fileformat", "pk": "application/prs.rdf-xml-crypt"}, {"fields": {"category": "", "codelist_iati_version": "2.01", "name": "application/prs.xsf+xml", "codelist_successor": null, "description": ""}, "model": "iati_codelists.fileformat", "pk": "application/prs.xsf+xml"}, {"fields": {"category": "", "codelist_iati_version": "2.01", "name": "application/pskc+xml", "codelist_successor": null, "description": ""}, "model": "iati_codelists.fileformat", "pk": "application/pskc+xml"}, {"fields": {"category": "", "codelist_iati_version": "2.01", "name": "application/qsig", "codelist_successor": null, "description": ""}, "model": "iati_codelists.fileformat", "pk": "application/qsig"}, {"fields": {"category": "", "codelist_iati_version": "2.01", "name": "application/raptorfec", "codelist_successor": null, "description": ""}, "model": "iati_codelists.fileformat", "pk": "application/raptorfec"}, {"fields": {"category": "", "codelist_iati_version": "2.01", "name": "application/rdf+xml", "codelist_successor": null, "description": ""}, "model": "iati_codelists.fileformat", "pk": "application/rdf+xml"}, {"fields": {"category": "", "codelist_iati_version": "2.01", "name": "application/reginfo+xml", "codelist_successor": null, "description": ""}, "model": "iati_codelists.fileformat", "pk": "application/reginfo+xml"}, {"fields": {"category": "", "codelist_iati_version": "2.01", "name": "application/relax-ng-compact-syntax", "codelist_successor": null, "description": ""}, "model": "iati_codelists.fileformat", "pk": "application/relax-ng-compact-syntax"}, {"fields": {"category": "", "codelist_iati_version": "2.01", "name": "application/remote-printing", "codelist_successor": null, "description": ""}, "model": "iati_codelists.fileformat", "pk": "application/remote-printing"}, {"fields": {"category": "", "codelist_iati_version": "2.01", "name": "application/reputon+json", "codelist_successor": null, "description": ""}, "model": "iati_codelists.fileformat", "pk": "application/reputon+json"}, {"fields": {"category": "", "codelist_iati_version": "2.01", "name": "application/resource-lists-diff+xml", "codelist_successor": null, "description": ""}, "model": "iati_codelists.fileformat", "pk": "application/resource-lists-diff+xml"}, {"fields": {"category": "", "codelist_iati_version": "2.01", "name": "application/resource-lists+xml", "codelist_successor": null, "description": ""}, "model": "iati_codelists.fileformat", "pk": "application/resource-lists+xml"}, {"fields": {"category": "", "codelist_iati_version": "2.01", "name": "application/riscos", "codelist_successor": null, "description": ""}, "model": "iati_codelists.fileformat", "pk": "application/riscos"}, {"fields": {"category": "", "codelist_iati_version": "2.01", "name": "application/rlmi+xml", "codelist_successor": null, "description": ""}, "model": "iati_codelists.fileformat", "pk": "application/rlmi+xml"}, {"fields": {"category": "", "codelist_iati_version": "2.01", "name": "application/rls-services+xml", "codelist_successor": null, "description": ""}, "model": "iati_codelists.fileformat", "pk": "application/rls-services+xml"}, {"fields": {"category": "", "codelist_iati_version": "2.01", "name": "application/rpki-ghostbusters", "codelist_successor": null, "description": ""}, "model": "iati_codelists.fileformat", "pk": "application/rpki-ghostbusters"}, {"fields": {"category": "", "codelist_iati_version": "2.01", "name": "application/rpki-manifest", "codelist_successor": null, "description": ""}, "model": "iati_codelists.fileformat", "pk": "application/rpki-manifest"}, {"fields": {"category": "", "codelist_iati_version": "2.01", "name": "application/rpki-roa", "codelist_successor": null, "description": ""}, "model": "iati_codelists.fileformat", "pk": "application/rpki-roa"}, {"fields": {"category": "", "codelist_iati_version": "2.01", "name": "application/rpki-updown", "codelist_successor": null, "description": ""}, "model": "iati_codelists.fileformat", "pk": "application/rpki-updown"}, {"fields": {"category": "", "codelist_iati_version": "2.01", "name": "application/rtf", "codelist_successor": null, "description": ""}, "model": "iati_codelists.fileformat", "pk": "application/rtf"}, {"fields": {"category": "", "codelist_iati_version": "2.01", "name": "application/rtploopback", "codelist_successor": null, "description": ""}, "model": "iati_codelists.fileformat", "pk": "application/rtploopback"}, {"fields": {"category": "", "codelist_iati_version": "2.01", "name": "application/rtx", "codelist_successor": null, "description": ""}, "model": "iati_codelists.fileformat", "pk": "application/rtx"}, {"fields": {"category": "", "codelist_iati_version": "2.01", "name": "application/samlassertion+xml", "codelist_successor": null, "description": ""}, "model": "iati_codelists.fileformat", "pk": "application/samlassertion+xml"}, {"fields": {"category": "", "codelist_iati_version": "2.01", "name": "application/samlmetadata+xml", "codelist_successor": null, "description": ""}, "model": "iati_codelists.fileformat", "pk": "application/samlmetadata+xml"}, {"fields": {"category": "", "codelist_iati_version": "2.01", "name": "application/sbml+xml", "codelist_successor": null, "description": ""}, "model": "iati_codelists.fileformat", "pk": "application/sbml+xml"}, {"fields": {"category": "", "codelist_iati_version": "2.01", "name": "application/scvp-cv-request", "codelist_successor": null, "description": ""}, "model": "iati_codelists.fileformat", "pk": "application/scvp-cv-request"}, {"fields": {"category": "", "codelist_iati_version": "2.01", "name": "application/scvp-cv-response", "codelist_successor": null, "description": ""}, "model": "iati_codelists.fileformat", "pk": "application/scvp-cv-response"}, {"fields": {"category": "", "codelist_iati_version": "2.01", "name": "application/scvp-vp-request", "codelist_successor": null, "description": ""}, "model": "iati_codelists.fileformat", "pk": "application/scvp-vp-request"}, {"fields": {"category": "", "codelist_iati_version": "2.01", "name": "application/scvp-vp-response", "codelist_successor": null, "description": ""}, "model": "iati_codelists.fileformat", "pk": "application/scvp-vp-response"}, {"fields": {"category": "", "codelist_iati_version": "2.01", "name": "application/sdp", "codelist_successor": null, "description": ""}, "model": "iati_codelists.fileformat", "pk": "application/sdp"}, {"fields": {"category": "", "codelist_iati_version": "2.01", "name": "application/sep-exi", "codelist_successor": null, "description": ""}, "model": "iati_codelists.fileformat", "pk": "application/sep-exi"}, {"fields": {"category": "", "codelist_iati_version": "2.01", "name": "application/sep+xml", "codelist_successor": null, "description": ""}, "model": "iati_codelists.fileformat", "pk": "application/sep+xml"}, {"fields": {"category": "", "codelist_iati_version": "2.01", "name": "application/session-info", "codelist_successor": null, "description": ""}, "model": "iati_codelists.fileformat", "pk": "application/session-info"}, {"fields": {"category": "", "codelist_iati_version": "2.01", "name": "application/set-payment", "codelist_successor": null, "description": ""}, "model": "iati_codelists.fileformat", "pk": "application/set-payment"}, {"fields": {"category": "", "codelist_iati_version": "2.01", "name": "application/set-payment-initiation", "codelist_successor": null, "description": ""}, "model": "iati_codelists.fileformat", "pk": "application/set-payment-initiation"}, {"fields": {"category": "", "codelist_iati_version": "2.01", "name": "application/set-registration", "codelist_successor": null, "description": ""}, "model": "iati_codelists.fileformat", "pk": "application/set-registration"}, {"fields": {"category": "", "codelist_iati_version": "2.01", "name": "application/set-registration-initiation", "codelist_successor": null, "description": ""}, "model": "iati_codelists.fileformat", "pk": "application/set-registration-initiation"}, {"fields": {"category": "", "codelist_iati_version": "2.01", "name": "application/sgml", "codelist_successor": null, "description": ""}, "model": "iati_codelists.fileformat", "pk": "application/sgml"}, {"fields": {"category": "", "codelist_iati_version": "2.01", "name": "application/sgml-open-catalog", "codelist_successor": null, "description": ""}, "model": "iati_codelists.fileformat", "pk": "application/sgml-open-catalog"}, {"fields": {"category": "", "codelist_iati_version": "2.01", "name": "application/shf+xml", "codelist_successor": null, "description": ""}, "model": "iati_codelists.fileformat", "pk": "application/shf+xml"}, {"fields": {"category": "", "codelist_iati_version": "2.01", "name": "application/sieve", "codelist_successor": null, "description": ""}, "model": "iati_codelists.fileformat", "pk": "application/sieve"}, {"fields": {"category": "", "codelist_iati_version": "2.01", "name": "application/simple-filter+xml", "codelist_successor": null, "description": ""}, "model": "iati_codelists.fileformat", "pk": "application/simple-filter+xml"}, {"fields": {"category": "", "codelist_iati_version": "2.01", "name": "application/simple-message-summary", "codelist_successor": null, "description": ""}, "model": "iati_codelists.fileformat", "pk": "application/simple-message-summary"}, {"fields": {"category": "", "codelist_iati_version": "2.01", "name": "application/simpleSymbolContainer", "codelist_successor": null, "description": ""}, "model": "iati_codelists.fileformat", "pk": "application/simpleSymbolContainer"}, {"fields": {"category": "", "codelist_iati_version": "2.01", "name": "application/slate", "codelist_successor": null, "description": ""}, "model": "iati_codelists.fileformat", "pk": "application/slate"}, {"fields": {"category": "", "codelist_iati_version": "2.01", "name": "application/smil", "codelist_successor": null, "description": ""}, "model": "iati_codelists.fileformat", "pk": "application/smil"}, {"fields": {"category": "", "codelist_iati_version": "2.01", "name": "application/smil+xml", "codelist_successor": null, "description": ""}, "model": "iati_codelists.fileformat", "pk": "application/smil+xml"}, {"fields": {"category": "", "codelist_iati_version": "2.01", "name": "application/smpte336m", "codelist_successor": null, "description": ""}, "model": "iati_codelists.fileformat", "pk": "application/smpte336m"}, {"fields": {"category": "", "codelist_iati_version": "2.01", "name": "application/soap+fastinfoset", "codelist_successor": null, "description": ""}, "model": "iati_codelists.fileformat", "pk": "application/soap+fastinfoset"}, {"fields": {"category": "", "codelist_iati_version": "2.01", "name": "application/soap+xml", "codelist_successor": null, "description": ""}, "model": "iati_codelists.fileformat", "pk": "application/soap+xml"}, {"fields": {"category": "", "codelist_iati_version": "2.01", "name": "application/sparql-query", "codelist_successor": null, "description": ""}, "model": "iati_codelists.fileformat", "pk": "application/sparql-query"}, {"fields": {"category": "", "codelist_iati_version": "2.01", "name": "application/sparql-results+xml", "codelist_successor": null, "description": ""}, "model": "iati_codelists.fileformat", "pk": "application/sparql-results+xml"}, {"fields": {"category": "", "codelist_iati_version": "2.01", "name": "application/spirits-event+xml", "codelist_successor": null, "description": ""}, "model": "iati_codelists.fileformat", "pk": "application/spirits-event+xml"}, {"fields": {"category": "", "codelist_iati_version": "2.01", "name": "application/sql", "codelist_successor": null, "description": ""}, "model": "iati_codelists.fileformat", "pk": "application/sql"}, {"fields": {"category": "", "codelist_iati_version": "2.01", "name": "application/srgs", "codelist_successor": null, "description": ""}, "model": "iati_codelists.fileformat", "pk": "application/srgs"}, {"fields": {"category": "", "codelist_iati_version": "2.01", "name": "application/srgs+xml", "codelist_successor": null, "description": ""}, "model": "iati_codelists.fileformat", "pk": "application/srgs+xml"}, {"fields": {"category": "", "codelist_iati_version": "2.01", "name": "application/sru+xml", "codelist_successor": null, "description": ""}, "model": "iati_codelists.fileformat", "pk": "application/sru+xml"}, {"fields": {"category": "", "codelist_iati_version": "2.01", "name": "application/ssml+xml", "codelist_successor": null, "description": ""}, "model": "iati_codelists.fileformat", "pk": "application/ssml+xml"}, {"fields": {"category": "", "codelist_iati_version": "2.01", "name": "application/tamp-apex-update", "codelist_successor": null, "description": ""}, "model": "iati_codelists.fileformat", "pk": "application/tamp-apex-update"}, {"fields": {"category": "", "codelist_iati_version": "2.01", "name": "application/tamp-apex-update-confirm", "codelist_successor": null, "description": ""}, "model": "iati_codelists.fileformat", "pk": "application/tamp-apex-update-confirm"}, {"fields": {"category": "", "codelist_iati_version": "2.01", "name": "application/tamp-community-update", "codelist_successor": null, "description": ""}, "model": "iati_codelists.fileformat", "pk": "application/tamp-community-update"}, {"fields": {"category": "", "codelist_iati_version": "2.01", "name": "application/tamp-community-update-confirm", "codelist_successor": null, "description": ""}, "model": "iati_codelists.fileformat", "pk": "application/tamp-community-update-confirm"}, {"fields": {"category": "", "codelist_iati_version": "2.01", "name": "application/tamp-error", "codelist_successor": null, "description": ""}, "model": "iati_codelists.fileformat", "pk": "application/tamp-error"}, {"fields": {"category": "", "codelist_iati_version": "2.01", "name": "application/tamp-sequence-adjust", "codelist_successor": null, "description": ""}, "model": "iati_codelists.fileformat", "pk": "application/tamp-sequence-adjust"}, {"fields": {"category": "", "codelist_iati_version": "2.01", "name": "application/tamp-sequence-adjust-confirm", "codelist_successor": null, "description": ""}, "model": "iati_codelists.fileformat", "pk": "application/tamp-sequence-adjust-confirm"}, {"fields": {"category": "", "codelist_iati_version": "2.01", "name": "application/tamp-status-query", "codelist_successor": null, "description": ""}, "model": "iati_codelists.fileformat", "pk": "application/tamp-status-query"}, {"fields": {"category": "", "codelist_iati_version": "2.01", "name": "application/tamp-status-response", "codelist_successor": null, "description": ""}, "model": "iati_codelists.fileformat", "pk": "application/tamp-status-response"}, {"fields": {"category": "", "codelist_iati_version": "2.01", "name": "application/tamp-update", "codelist_successor": null, "description": ""}, "model": "iati_codelists.fileformat", "pk": "application/tamp-update"}, {"fields": {"category": "", "codelist_iati_version": "2.01", "name": "application/tamp-update-confirm", "codelist_successor": null, "description": ""}, "model": "iati_codelists.fileformat", "pk": "application/tamp-update-confirm"}, {"fields": {"category": "", "codelist_iati_version": "2.01", "name": "application/tei+xml", "codelist_successor": null, "description": ""}, "model": "iati_codelists.fileformat", "pk": "application/tei+xml"}, {"fields": {"category": "", "codelist_iati_version": "2.01", "name": "application/thraud+xml", "codelist_successor": null, "description": ""}, "model": "iati_codelists.fileformat", "pk": "application/thraud+xml"}, {"fields": {"category": "", "codelist_iati_version": "2.01", "name": "application/timestamped-data", "codelist_successor": null, "description": ""}, "model": "iati_codelists.fileformat", "pk": "application/timestamped-data"}, {"fields": {"category": "", "codelist_iati_version": "2.01", "name": "application/timestamp-query", "codelist_successor": null, "description": ""}, "model": "iati_codelists.fileformat", "pk": "application/timestamp-query"}, {"fields": {"category": "", "codelist_iati_version": "2.01", "name": "application/timestamp-reply", "codelist_successor": null, "description": ""}, "model": "iati_codelists.fileformat", "pk": "application/timestamp-reply"}, {"fields": {"category": "", "codelist_iati_version": "2.01", "name": "application/ttml+xml", "codelist_successor": null, "description": ""}, "model": "iati_codelists.fileformat", "pk": "application/ttml+xml"}, {"fields": {"category": "", "codelist_iati_version": "2.01", "name": "application/tve-trigger", "codelist_successor": null, "description": ""}, "model": "iati_codelists.fileformat", "pk": "application/tve-trigger"}, {"fields": {"category": "", "codelist_iati_version": "2.01", "name": "application/ulpfec", "codelist_successor": null, "description": ""}, "model": "iati_codelists.fileformat", "pk": "application/ulpfec"}, {"fields": {"category": "", "codelist_iati_version": "2.01", "name": "application/urc-grpsheet+xml", "codelist_successor": null, "description": ""}, "model": "iati_codelists.fileformat", "pk": "application/urc-grpsheet+xml"}, {"fields": {"category": "", "codelist_iati_version": "2.01", "name": "application/urc-ressheet+xml", "codelist_successor": null, "description": ""}, "model": "iati_codelists.fileformat", "pk": "application/urc-ressheet+xml"}, {"fields": {"category": "", "codelist_iati_version": "2.01", "name": "application/urc-targetdesc+xml", "codelist_successor": null, "description": ""}, "model": "iati_codelists.fileformat", "pk": "application/urc-targetdesc+xml"}, {"fields": {"category": "", "codelist_iati_version": "2.01", "name": "application/urc-uisocketdesc+xml", "codelist_successor": null, "description": ""}, "model": "iati_codelists.fileformat", "pk": "application/urc-uisocketdesc+xml"}, {"fields": {"category": "", "codelist_iati_version": "2.01", "name": "application/vcard+json", "codelist_successor": null, "description": ""}, "model": "iati_codelists.fileformat", "pk": "application/vcard+json"}, {"fields": {"category": "", "codelist_iati_version": "2.01", "name": "application/vcard+xml", "codelist_successor": null, "description": ""}, "model": "iati_codelists.fileformat", "pk": "application/vcard+xml"}, {"fields": {"category": "", "codelist_iati_version": "2.01", "name": "application/vemmi", "codelist_successor": null, "description": ""}, "model": "iati_codelists.fileformat", "pk": "application/vemmi"}, {"fields": {"category": "", "codelist_iati_version": "2.01", "name": "application/vnd.3gpp2.bcmcsinfo+xml", "codelist_successor": null, "description": ""}, "model": "iati_codelists.fileformat", "pk": "application/vnd.3gpp2.bcmcsinfo+xml"}, {"fields": {"category": "", "codelist_iati_version": "2.01", "name": "application/vnd.3gpp2.sms", "codelist_successor": null, "description": ""}, "model": "iati_codelists.fileformat", "pk": "application/vnd.3gpp2.sms"}, {"fields": {"category": "", "codelist_iati_version": "2.01", "name": "application/vnd.3gpp2.tcap", "codelist_successor": null, "description": ""}, "model": "iati_codelists.fileformat", "pk": "application/vnd.3gpp2.tcap"}, {"fields": {"category": "", "codelist_iati_version": "2.01", "name": "application/vnd.3gpp.bsf+xml", "codelist_successor": null, "description": ""}, "model": "iati_codelists.fileformat", "pk": "application/vnd.3gpp.bsf+xml"}, {"fields": {"category": "", "codelist_iati_version": "2.01", "name": "application/vnd.3gpp.pic-bw-large", "codelist_successor": null, "description": ""}, "model": "iati_codelists.fileformat", "pk": "application/vnd.3gpp.pic-bw-large"}, {"fields": {"category": "", "codelist_iati_version": "2.01", "name": "application/vnd.3gpp.pic-bw-small", "codelist_successor": null, "description": ""}, "model": "iati_codelists.fileformat", "pk": "application/vnd.3gpp.pic-bw-small"}, {"fields": {"category": "", "codelist_iati_version": "2.01", "name": "application/vnd.3gpp.pic-bw-var", "codelist_successor": null, "description": ""}, "model": "iati_codelists.fileformat", "pk": "application/vnd.3gpp.pic-bw-var"}, {"fields": {"category": "", "codelist_iati_version": "2.01", "name": "application/vnd.3gpp.sms", "codelist_successor": null, "description": ""}, "model": "iati_codelists.fileformat", "pk": "application/vnd.3gpp.sms"}, {"fields": {"category": "", "codelist_iati_version": "2.01", "name": "application/vnd.3M.Post-it-Notes", "codelist_successor": null, "description": ""}, "model": "iati_codelists.fileformat", "pk": "application/vnd.3M.Post-it-Notes"}, {"fields": {"category": "", "codelist_iati_version": "2.01", "name": "application/vnd.accpac.simply.aso", "codelist_successor": null, "description": ""}, "model": "iati_codelists.fileformat", "pk": "application/vnd.accpac.simply.aso"}, {"fields": {"category": "", "codelist_iati_version": "2.01", "name": "application/vnd.accpac.simply.imp", "codelist_successor": null, "description": ""}, "model": "iati_codelists.fileformat", "pk": "application/vnd.accpac.simply.imp"}, {"fields": {"category": "", "codelist_iati_version": "2.01", "name": "application/vnd.acucobol", "codelist_successor": null, "description": ""}, "model": "iati_codelists.fileformat", "pk": "application/vnd.acucobol"}, {"fields": {"category": "", "codelist_iati_version": "2.01", "name": "application/vnd.acucorp", "codelist_successor": null, "description": ""}, "model": "iati_codelists.fileformat", "pk": "application/vnd.acucorp"}, {"fields": {"category": "", "codelist_iati_version": "2.01", "name": "application/vnd.adobe.flash.movie", "codelist_successor": null, "description": ""}, "model": "iati_codelists.fileformat", "pk": "application/vnd.adobe.flash.movie"}, {"fields": {"category": "", "codelist_iati_version": "2.01", "name": "application/vnd.adobe.formscentral.fcdt", "codelist_successor": null, "description": ""}, "model": "iati_codelists.fileformat", "pk": "application/vnd.adobe.formscentral.fcdt"}, {"fields": {"category": "", "codelist_iati_version": "2.01", "name": "application/vnd.adobe.fxp", "codelist_successor": null, "description": ""}, "model": "iati_codelists.fileformat", "pk": "application/vnd.adobe.fxp"}, {"fields": {"category": "", "codelist_iati_version": "2.01", "name": "application/vnd.adobe.partial-upload", "codelist_successor": null, "description": ""}, "model": "iati_codelists.fileformat", "pk": "application/vnd.adobe.partial-upload"}, {"fields": {"category": "", "codelist_iati_version": "2.01", "name": "application/vnd.adobe.xdp+xml", "codelist_successor": null, "description": ""}, "model": "iati_codelists.fileformat", "pk": "application/vnd.adobe.xdp+xml"}, {"fields": {"category": "", "codelist_iati_version": "2.01", "name": "application/vnd.adobe.xfdf", "codelist_successor": null, "description": ""}, "model": "iati_codelists.fileformat", "pk": "application/vnd.adobe.xfdf"}, {"fields": {"category": "", "codelist_iati_version": "2.01", "name": "application/vnd.aether.imp", "codelist_successor": null, "description": ""}, "model": "iati_codelists.fileformat", "pk": "application/vnd.aether.imp"}, {"fields": {"category": "", "codelist_iati_version": "2.01", "name": "application/vnd.ah-barcode", "codelist_successor": null, "description": ""}, "model": "iati_codelists.fileformat", "pk": "application/vnd.ah-barcode"}, {"fields": {"category": "", "codelist_iati_version": "2.01", "name": "application/vnd.ahead.space", "codelist_successor": null, "description": ""}, "model": "iati_codelists.fileformat", "pk": "application/vnd.ahead.space"}, {"fields": {"category": "", "codelist_iati_version": "2.01", "name": "application/vnd.airzip.filesecure.azf", "codelist_successor": null, "description": ""}, "model": "iati_codelists.fileformat", "pk": "application/vnd.airzip.filesecure.azf"}, {"fields": {"category": "", "codelist_iati_version": "2.01", "name": "application/vnd.airzip.filesecure.azs", "codelist_successor": null, "description": ""}, "model": "iati_codelists.fileformat", "pk": "application/vnd.airzip.filesecure.azs"}, {"fields": {"category": "", "codelist_iati_version": "2.01", "name": "application/vnd.americandynamics.acc", "codelist_successor": null, "description": ""}, "model": "iati_codelists.fileformat", "pk": "application/vnd.americandynamics.acc"}, {"fields": {"category": "", "codelist_iati_version": "2.01", "name": "application/vnd.amiga.ami", "codelist_successor": null, "description": ""}, "model": "iati_codelists.fileformat", "pk": "application/vnd.amiga.ami"}, {"fields": {"category": "", "codelist_iati_version": "2.01", "name": "application/vnd.amundsen.maze+xml", "codelist_successor": null, "description": ""}, "model": "iati_codelists.fileformat", "pk": "application/vnd.amundsen.maze+xml"}, {"fields": {"category": "", "codelist_iati_version": "2.01", "name": "application/vnd.anser-web-certificate-issue-initiation", "codelist_successor": null, "description": ""}, "model": "iati_codelists.fileformat", "pk": "application/vnd.anser-web-certificate-issue-initiation"}, {"fields": {"category": "", "codelist_iati_version": "2.01", "name": "application/vnd.antix.game-component", "codelist_successor": null, "description": ""}, "model": "iati_codelists.fileformat", "pk": "application/vnd.antix.game-component"}, {"fields": {"category": "", "codelist_iati_version": "2.01", "name": "application/vnd.api+json", "codelist_successor": null, "description": ""}, "model": "iati_codelists.fileformat", "pk": "application/vnd.api+json"}, {"fields": {"category": "", "codelist_iati_version": "2.01", "name": "application/vnd.apple.installer+xml", "codelist_successor": null, "description": ""}, "model": "iati_codelists.fileformat", "pk": "application/vnd.apple.installer+xml"}, {"fields": {"category": "", "codelist_iati_version": "2.01", "name": "application/vnd.apple.mpegurl", "codelist_successor": null, "description": ""}, "model": "iati_codelists.fileformat", "pk": "application/vnd.apple.mpegurl"}, {"fields": {"category": "", "codelist_iati_version": "2.01", "name": "application/vnd.arastra.swi", "codelist_successor": null, "description": ""}, "model": "iati_codelists.fileformat", "pk": "application/vnd.arastra.swi"}, {"fields": {"category": "", "codelist_iati_version": "2.01", "name": "application/vnd.aristanetworks.swi", "codelist_successor": null, "description": ""}, "model": "iati_codelists.fileformat", "pk": "application/vnd.aristanetworks.swi"}, {"fields": {"category": "", "codelist_iati_version": "2.01", "name": "application/vnd.astraea-software.iota", "codelist_successor": null, "description": ""}, "model": "iati_codelists.fileformat", "pk": "application/vnd.astraea-software.iota"}, {"fields": {"category": "", "codelist_iati_version": "2.01", "name": "application/vnd.audiograph", "codelist_successor": null, "description": ""}, "model": "iati_codelists.fileformat", "pk": "application/vnd.audiograph"}, {"fields": {"category": "", "codelist_iati_version": "2.01", "name": "application/vnd.autopackage", "codelist_successor": null, "description": ""}, "model": "iati_codelists.fileformat", "pk": "application/vnd.autopackage"}, {"fields": {"category": "", "codelist_iati_version": "2.01", "name": "application/vnd.avistar+xml", "codelist_successor": null, "description": ""}, "model": "iati_codelists.fileformat", "pk": "application/vnd.avistar+xml"}, {"fields": {"category": "", "codelist_iati_version": "2.01", "name": "application/vnd.balsamiq.bmml+xml", "codelist_successor": null, "description": ""}, "model": "iati_codelists.fileformat", "pk": "application/vnd.balsamiq.bmml+xml"}, {"fields": {"category": "", "codelist_iati_version": "2.01", "name": "application/vnd.bekitzur-stech+json", "codelist_successor": null, "description": ""}, "model": "iati_codelists.fileformat", "pk": "application/vnd.bekitzur-stech+json"}, {"fields": {"category": "", "codelist_iati_version": "2.01", "name": "application/vnd.blueice.multipass", "codelist_successor": null, "description": ""}, "model": "iati_codelists.fileformat", "pk": "application/vnd.blueice.multipass"}, {"fields": {"category": "", "codelist_iati_version": "2.01", "name": "application/vnd.bluetooth.ep.oob", "codelist_successor": null, "description": ""}, "model": "iati_codelists.fileformat", "pk": "application/vnd.bluetooth.ep.oob"}, {"fields": {"category": "", "codelist_iati_version": "2.01", "name": "application/vnd.bluetooth.le.oob", "codelist_successor": null, "description": ""}, "model": "iati_codelists.fileformat", "pk": "application/vnd.bluetooth.le.oob"}, {"fields": {"category": "", "codelist_iati_version": "2.01", "name": "application/vnd.bmi", "codelist_successor": null, "description": ""}, "model": "iati_codelists.fileformat", "pk": "application/vnd.bmi"}, {"fields": {"category": "", "codelist_iati_version": "2.01", "name": "application/vnd.businessobjects", "codelist_successor": null, "description": ""}, "model": "iati_codelists.fileformat", "pk": "application/vnd.businessobjects"}, {"fields": {"category": "", "codelist_iati_version": "2.01", "name": "application/vnd.cab-jscript", "codelist_successor": null, "description": ""}, "model": "iati_codelists.fileformat", "pk": "application/vnd.cab-jscript"}, {"fields": {"category": "", "codelist_iati_version": "2.01", "name": "application/vnd.canon-cpdl", "codelist_successor": null, "description": ""}, "model": "iati_codelists.fileformat", "pk": "application/vnd.canon-cpdl"}, {"fields": {"category": "", "codelist_iati_version": "2.01", "name": "application/vnd.canon-lips", "codelist_successor": null, "description": ""}, "model": "iati_codelists.fileformat", "pk": "application/vnd.canon-lips"}, {"fields": {"category": "", "codelist_iati_version": "2.01", "name": "application/vnd.cendio.thinlinc.clientconf", "codelist_successor": null, "description": ""}, "model": "iati_codelists.fileformat", "pk": "application/vnd.cendio.thinlinc.clientconf"}, {"fields": {"category": "", "codelist_iati_version": "2.01", "name": "application/vnd.century-systems.tcp_stream", "codelist_successor": null, "description": ""}, "model": "iati_codelists.fileformat", "pk": "application/vnd.century-systems.tcp_stream"}, {"fields": {"category": "", "codelist_iati_version": "2.01", "name": "application/vnd.chemdraw+xml", "codelist_successor": null, "description": ""}, "model": "iati_codelists.fileformat", "pk": "application/vnd.chemdraw+xml"}, {"fields": {"category": "", "codelist_iati_version": "2.01", "name": "application/vnd.chipnuts.karaoke-mmd", "codelist_successor": null, "description": ""}, "model": "iati_codelists.fileformat", "pk": "application/vnd.chipnuts.karaoke-mmd"}, {"fields": {"category": "", "codelist_iati_version": "2.01", "name": "application/vnd.cinderella", "codelist_successor": null, "description": ""}, "model": "iati_codelists.fileformat", "pk": "application/vnd.cinderella"}, {"fields": {"category": "", "codelist_iati_version": "2.01", "name": "application/vnd.cirpack.isdn-ext", "codelist_successor": null, "description": ""}, "model": "iati_codelists.fileformat", "pk": "application/vnd.cirpack.isdn-ext"}, {"fields": {"category": "", "codelist_iati_version": "2.01", "name": "application/vnd.claymore", "codelist_successor": null, "description": ""}, "model": "iati_codelists.fileformat", "pk": "application/vnd.claymore"}, {"fields": {"category": "", "codelist_iati_version": "2.01", "name": "application/vnd.cloanto.rp9", "codelist_successor": null, "description": ""}, "model": "iati_codelists.fileformat", "pk": "application/vnd.cloanto.rp9"}, {"fields": {"category": "", "codelist_iati_version": "2.01", "name": "application/vnd.clonk.c4group", "codelist_successor": null, "description": ""}, "model": "iati_codelists.fileformat", "pk": "application/vnd.clonk.c4group"}, {"fields": {"category": "", "codelist_iati_version": "2.01", "name": "application/vnd.cluetrust.cartomobile-config", "codelist_successor": null, "description": ""}, "model": "iati_codelists.fileformat", "pk": "application/vnd.cluetrust.cartomobile-config"}, {"fields": {"category": "", "codelist_iati_version": "2.01", "name": "application/vnd.cluetrust.cartomobile-config-pkg", "codelist_successor": null, "description": ""}, "model": "iati_codelists.fileformat", "pk": "application/vnd.cluetrust.cartomobile-config-pkg"}, {"fields": {"category": "", "codelist_iati_version": "2.01", "name": "application/vnd.collection.doc+json", "codelist_successor": null, "description": ""}, "model": "iati_codelists.fileformat", "pk": "application/vnd.collection.doc+json"}, {"fields": {"category": "", "codelist_iati_version": "2.01", "name": "application/vnd.collection+json", "codelist_successor": null, "description": ""}, "model": "iati_codelists.fileformat", "pk": "application/vnd.collection+json"}, {"fields": {"category": "", "codelist_iati_version": "2.01", "name": "application/vnd.collection.next+json", "codelist_successor": null, "description": ""}, "model": "iati_codelists.fileformat", "pk": "application/vnd.collection.next+json"}, {"fields": {"category": "", "codelist_iati_version": "2.01", "name": "application/vnd.commerce-battelle", "codelist_successor": null, "description": ""}, "model": "iati_codelists.fileformat", "pk": "application/vnd.commerce-battelle"}, {"fields": {"category": "", "codelist_iati_version": "2.01", "name": "application/vnd.commonspace", "codelist_successor": null, "description": ""}, "model": "iati_codelists.fileformat", "pk": "application/vnd.commonspace"}, {"fields": {"category": "", "codelist_iati_version": "2.01", "name": "application/vnd.contact.cmsg", "codelist_successor": null, "description": ""}, "model": "iati_codelists.fileformat", "pk": "application/vnd.contact.cmsg"}, {"fields": {"category": "", "codelist_iati_version": "2.01", "name": "application/vnd.cosmocaller", "codelist_successor": null, "description": ""}, "model": "iati_codelists.fileformat", "pk": "application/vnd.cosmocaller"}, {"fields": {"category": "", "codelist_iati_version": "2.01", "name": "application/vnd.crick.clicker", "codelist_successor": null, "description": ""}, "model": "iati_codelists.fileformat", "pk": "application/vnd.crick.clicker"}, {"fields": {"category": "", "codelist_iati_version": "2.01", "name": "application/vnd.crick.clicker.keyboard", "codelist_successor": null, "description": ""}, "model": "iati_codelists.fileformat", "pk": "application/vnd.crick.clicker.keyboard"}, {"fields": {"category": "", "codelist_iati_version": "2.01", "name": "application/vnd.crick.clicker.palette", "codelist_successor": null, "description": ""}, "model": "iati_codelists.fileformat", "pk": "application/vnd.crick.clicker.palette"}, {"fields": {"category": "", "codelist_iati_version": "2.01", "name": "application/vnd.crick.clicker.template", "codelist_successor": null, "description": ""}, "model": "iati_codelists.fileformat", "pk": "application/vnd.crick.clicker.template"}, {"fields": {"category": "", "codelist_iati_version": "2.01", "name": "application/vnd.crick.clicker.wordbank", "codelist_successor": null, "description": ""}, "model": "iati_codelists.fileformat", "pk": "application/vnd.crick.clicker.wordbank"}, {"fields": {"category": "", "codelist_iati_version": "2.01", "name": "application/vnd.criticaltools.wbs+xml", "codelist_successor": null, "description": ""}, "model": "iati_codelists.fileformat", "pk": "application/vnd.criticaltools.wbs+xml"}, {"fields": {"category": "", "codelist_iati_version": "2.01", "name": "application/vnd.ctc-posml", "codelist_successor": null, "description": ""}, "model": "iati_codelists.fileformat", "pk": "application/vnd.ctc-posml"}, {"fields": {"category": "", "codelist_iati_version": "2.01", "name": "application/vnd.ctct.ws+xml", "codelist_successor": null, "description": ""}, "model": "iati_codelists.fileformat", "pk": "application/vnd.ctct.ws+xml"}, {"fields": {"category": "", "codelist_iati_version": "2.01", "name": "application/vnd.cups-pdf", "codelist_successor": null, "description": ""}, "model": "iati_codelists.fileformat", "pk": "application/vnd.cups-pdf"}, {"fields": {"category": "", "codelist_iati_version": "2.01", "name": "application/vnd.cups-postscript", "codelist_successor": null, "description": ""}, "model": "iati_codelists.fileformat", "pk": "application/vnd.cups-postscript"}, {"fields": {"category": "", "codelist_iati_version": "2.01", "name": "application/vnd.cups-ppd", "codelist_successor": null, "description": ""}, "model": "iati_codelists.fileformat", "pk": "application/vnd.cups-ppd"}, {"fields": {"category": "", "codelist_iati_version": "2.01", "name": "application/vnd.cups-raster", "codelist_successor": null, "description": ""}, "model": "iati_codelists.fileformat", "pk": "application/vnd.cups-raster"}, {"fields": {"category": "", "codelist_iati_version": "2.01", "name": "application/vnd.cups-raw", "codelist_successor": null, "description": ""}, "model": "iati_codelists.fileformat", "pk": "application/vnd.cups-raw"}, {"fields": {"category": "", "codelist_iati_version": "2.01", "name": "application/vnd.curl", "codelist_successor": null, "description": ""}, "model": "iati_codelists.fileformat", "pk": "application/vnd.curl"}, {"fields": {"category": "", "codelist_iati_version": "2.01", "name": "application/vnd.cyan.dean.root+xml", "codelist_successor": null, "description": ""}, "model": "iati_codelists.fileformat", "pk": "application/vnd.cyan.dean.root+xml"}, {"fields": {"category": "", "codelist_iati_version": "2.01", "name": "application/vnd.cybank", "codelist_successor": null, "description": ""}, "model": "iati_codelists.fileformat", "pk": "application/vnd.cybank"}, {"fields": {"category": "", "codelist_iati_version": "2.01", "name": "application/vnd.dart", "codelist_successor": null, "description": ""}, "model": "iati_codelists.fileformat", "pk": "application/vnd.dart"}, {"fields": {"category": "", "codelist_iati_version": "2.01", "name": "application/vnd.data-vision.rdz", "codelist_successor": null, "description": ""}, "model": "iati_codelists.fileformat", "pk": "application/vnd.data-vision.rdz"}, {"fields": {"category": "", "codelist_iati_version": "2.01", "name": "application/vnd.dece.data", "codelist_successor": null, "description": ""}, "model": "iati_codelists.fileformat", "pk": "application/vnd.dece.data"}, {"fields": {"category": "", "codelist_iati_version": "2.01", "name": "application/vnd.dece.ttml+xml", "codelist_successor": null, "description": ""}, "model": "iati_codelists.fileformat", "pk": "application/vnd.dece.ttml+xml"}, {"fields": {"category": "", "codelist_iati_version": "2.01", "name": "application/vnd.dece.unspecified", "codelist_successor": null, "description": ""}, "model": "iati_codelists.fileformat", "pk": "application/vnd.dece.unspecified"}, {"fields": {"category": "", "codelist_iati_version": "2.01", "name": "application/vnd.dece.zip", "codelist_successor": null, "description": ""}, "model": "iati_codelists.fileformat", "pk": "application/vnd.dece.zip"}, {"fields": {"category": "", "codelist_iati_version": "2.01", "name": "application/vnd.denovo.fcselayout-link", "codelist_successor": null, "description": ""}, "model": "iati_codelists.fileformat", "pk": "application/vnd.denovo.fcselayout-link"}, {"fields": {"category": "", "codelist_iati_version": "2.01", "name": "application/vnd.desmume.movie", "codelist_successor": null, "description": ""}, "model": "iati_codelists.fileformat", "pk": "application/vnd.desmume.movie"}, {"fields": {"category": "", "codelist_iati_version": "2.01", "name": "application/vnd.dir-bi.plate-dl-nosuffix", "codelist_successor": null, "description": ""}, "model": "iati_codelists.fileformat", "pk": "application/vnd.dir-bi.plate-dl-nosuffix"}, {"fields": {"category": "", "codelist_iati_version": "2.01", "name": "application/vnd.dm.delegation+xml", "codelist_successor": null, "description": ""}, "model": "iati_codelists.fileformat", "pk": "application/vnd.dm.delegation+xml"}, {"fields": {"category": "", "codelist_iati_version": "2.01", "name": "application/vnd.dna", "codelist_successor": null, "description": ""}, "model": "iati_codelists.fileformat", "pk": "application/vnd.dna"}, {"fields": {"category": "", "codelist_iati_version": "2.01", "name": "application/vnd.document+json", "codelist_successor": null, "description": ""}, "model": "iati_codelists.fileformat", "pk": "application/vnd.document+json"}, {"fields": {"category": "", "codelist_iati_version": "2.01", "name": "application/vnd.dolby.mobile.1", "codelist_successor": null, "description": ""}, "model": "iati_codelists.fileformat", "pk": "application/vnd.dolby.mobile.1"}, {"fields": {"category": "", "codelist_iati_version": "2.01", "name": "application/vnd.dolby.mobile.2", "codelist_successor": null, "description": ""}, "model": "iati_codelists.fileformat", "pk": "application/vnd.dolby.mobile.2"}, {"fields": {"category": "", "codelist_iati_version": "2.01", "name": "application/vnd.dpgraph", "codelist_successor": null, "description": ""}, "model": "iati_codelists.fileformat", "pk": "application/vnd.dpgraph"}, {"fields": {"category": "", "codelist_iati_version": "2.01", "name": "application/vnd.dreamfactory", "codelist_successor": null, "description": ""}, "model": "iati_codelists.fileformat", "pk": "application/vnd.dreamfactory"}, {"fields": {"category": "", "codelist_iati_version": "2.01", "name": "application/vnd.dtg.local", "codelist_successor": null, "description": ""}, "model": "iati_codelists.fileformat", "pk": "application/vnd.dtg.local"}, {"fields": {"category": "", "codelist_iati_version": "2.01", "name": "application/vnd.dtg.local.flash", "codelist_successor": null, "description": ""}, "model": "iati_codelists.fileformat", "pk": "application/vnd.dtg.local.flash"}, {"fields": {"category": "", "codelist_iati_version": "2.01", "name": "application/vnd.dtg.local.html", "codelist_successor": null, "description": ""}, "model": "iati_codelists.fileformat", "pk": "application/vnd.dtg.local.html"}, {"fields": {"category": "", "codelist_iati_version": "2.01", "name": "application/vnd.dvb.ait", "codelist_successor": null, "description": ""}, "model": "iati_codelists.fileformat", "pk": "application/vnd.dvb.ait"}, {"fields": {"category": "", "codelist_iati_version": "2.01", "name": "application/vnd.dvb.dvbj", "codelist_successor": null, "description": ""}, "model": "iati_codelists.fileformat", "pk": "application/vnd.dvb.dvbj"}, {"fields": {"category": "", "codelist_iati_version": "2.01", "name": "application/vnd.dvb.esgcontainer", "codelist_successor": null, "description": ""}, "model": "iati_codelists.fileformat", "pk": "application/vnd.dvb.esgcontainer"}, {"fields": {"category": "", "codelist_iati_version": "2.01", "name": "application/vnd.dvb.ipdcdftnotifaccess", "codelist_successor": null, "description": ""}, "model": "iati_codelists.fileformat", "pk": "application/vnd.dvb.ipdcdftnotifaccess"}, {"fields": {"category": "", "codelist_iati_version": "2.01", "name": "application/vnd.dvb.ipdcesgaccess", "codelist_successor": null, "description": ""}, "model": "iati_codelists.fileformat", "pk": "application/vnd.dvb.ipdcesgaccess"}, {"fields": {"category": "", "codelist_iati_version": "2.01", "name": "application/vnd.dvb.ipdcesgaccess2", "codelist_successor": null, "description": ""}, "model": "iati_codelists.fileformat", "pk": "application/vnd.dvb.ipdcesgaccess2"}, {"fields": {"category": "", "codelist_iati_version": "2.01", "name": "application/vnd.dvb.ipdcesgpdd", "codelist_successor": null, "description": ""}, "model": "iati_codelists.fileformat", "pk": "application/vnd.dvb.ipdcesgpdd"}, {"fields": {"category": "", "codelist_iati_version": "2.01", "name": "application/vnd.dvb.ipdcroaming", "codelist_successor": null, "description": ""}, "model": "iati_codelists.fileformat", "pk": "application/vnd.dvb.ipdcroaming"}, {"fields": {"category": "", "codelist_iati_version": "2.01", "name": "application/vnd.dvb.iptv.alfec-base", "codelist_successor": null, "description": ""}, "model": "iati_codelists.fileformat", "pk": "application/vnd.dvb.iptv.alfec-base"}, {"fields": {"category": "", "codelist_iati_version": "2.01", "name": "application/vnd.dvb.iptv.alfec-enhancement", "codelist_successor": null, "description": ""}, "model": "iati_codelists.fileformat", "pk": "application/vnd.dvb.iptv.alfec-enhancement"}, {"fields": {"category": "", "codelist_iati_version": "2.01", "name": "application/vnd.dvb.notif-aggregate-root+xml", "codelist_successor": null, "description": ""}, "model": "iati_codelists.fileformat", "pk": "application/vnd.dvb.notif-aggregate-root+xml"}, {"fields": {"category": "", "codelist_iati_version": "2.01", "name": "application/vnd.dvb.notif-container+xml", "codelist_successor": null, "description": ""}, "model": "iati_codelists.fileformat", "pk": "application/vnd.dvb.notif-container+xml"}, {"fields": {"category": "", "codelist_iati_version": "2.01", "name": "application/vnd.dvb.notif-generic+xml", "codelist_successor": null, "description": ""}, "model": "iati_codelists.fileformat", "pk": "application/vnd.dvb.notif-generic+xml"}, {"fields": {"category": "", "codelist_iati_version": "2.01", "name": "application/vnd.dvb.notif-ia-msglist+xml", "codelist_successor": null, "description": ""}, "model": "iati_codelists.fileformat", "pk": "application/vnd.dvb.notif-ia-msglist+xml"}, {"fields": {"category": "", "codelist_iati_version": "2.01", "name": "application/vnd.dvb.notif-ia-registration-request+xml", "codelist_successor": null, "description": ""}, "model": "iati_codelists.fileformat", "pk": "application/vnd.dvb.notif-ia-registration-request+xml"}, {"fields": {"category": "", "codelist_iati_version": "2.01", "name": "application/vnd.dvb.notif-ia-registration-response+xml", "codelist_successor": null, "description": ""}, "model": "iati_codelists.fileformat", "pk": "application/vnd.dvb.notif-ia-registration-response+xml"}, {"fields": {"category": "", "codelist_iati_version": "2.01", "name": "application/vnd.dvb.notif-init+xml", "codelist_successor": null, "description": ""}, "model": "iati_codelists.fileformat", "pk": "application/vnd.dvb.notif-init+xml"}, {"fields": {"category": "", "codelist_iati_version": "2.01", "name": "application/vnd.dvb.pfr", "codelist_successor": null, "description": ""}, "model": "iati_codelists.fileformat", "pk": "application/vnd.dvb.pfr"}, {"fields": {"category": "", "codelist_iati_version": "2.01", "name": "application/vnd.dvb.service", "codelist_successor": null, "description": ""}, "model": "iati_codelists.fileformat", "pk": "application/vnd.dvb.service"}, {"fields": {"category": "", "codelist_iati_version": "2.01", "name": "application/vnd.dxr", "codelist_successor": null, "description": ""}, "model": "iati_codelists.fileformat", "pk": "application/vnd.dxr"}, {"fields": {"category": "", "codelist_iati_version": "2.01", "name": "application/vnd.dynageo", "codelist_successor": null, "description": ""}, "model": "iati_codelists.fileformat", "pk": "application/vnd.dynageo"}, {"fields": {"category": "", "codelist_iati_version": "2.01", "name": "application/vnd.easykaraoke.cdgdownload", "codelist_successor": null, "description": ""}, "model": "iati_codelists.fileformat", "pk": "application/vnd.easykaraoke.cdgdownload"}, {"fields": {"category": "", "codelist_iati_version": "2.01", "name": "application/vnd.ecdis-update", "codelist_successor": null, "description": ""}, "model": "iati_codelists.fileformat", "pk": "application/vnd.ecdis-update"}, {"fields": {"category": "", "codelist_iati_version": "2.01", "name": "application/vnd.ecowin.chart", "codelist_successor": null, "description": ""}, "model": "iati_codelists.fileformat", "pk": "application/vnd.ecowin.chart"}, {"fields": {"category": "", "codelist_iati_version": "2.01", "name": "application/vnd.ecowin.filerequest", "codelist_successor": null, "description": ""}, "model": "iati_codelists.fileformat", "pk": "application/vnd.ecowin.filerequest"}, {"fields": {"category": "", "codelist_iati_version": "2.01", "name": "application/vnd.ecowin.fileupdate", "codelist_successor": null, "description": ""}, "model": "iati_codelists.fileformat", "pk": "application/vnd.ecowin.fileupdate"}, {"fields": {"category": "", "codelist_iati_version": "2.01", "name": "application/vnd.ecowin.series", "codelist_successor": null, "description": ""}, "model": "iati_codelists.fileformat", "pk": "application/vnd.ecowin.series"}, {"fields": {"category": "", "codelist_iati_version": "2.01", "name": "application/vnd.ecowin.seriesrequest", "codelist_successor": null, "description": ""}, "model": "iati_codelists.fileformat", "pk": "application/vnd.ecowin.seriesrequest"}, {"fields": {"category": "", "codelist_iati_version": "2.01", "name": "application/vnd.ecowin.seriesupdate", "codelist_successor": null, "description": ""}, "model": "iati_codelists.fileformat", "pk": "application/vnd.ecowin.seriesupdate"}, {"fields": {"category": "", "codelist_iati_version": "2.01", "name": "application/vnd.emclient.accessrequest+xml", "codelist_successor": null, "description": ""}, "model": "iati_codelists.fileformat", "pk": "application/vnd.emclient.accessrequest+xml"}, {"fields": {"category": "", "codelist_iati_version": "2.01", "name": "application/vnd.enliven", "codelist_successor": null, "description": ""}, "model": "iati_codelists.fileformat", "pk": "application/vnd.enliven"}, {"fields": {"category": "", "codelist_iati_version": "2.01", "name": "application/vnd.eprints.data+xml", "codelist_successor": null, "description": ""}, "model": "iati_codelists.fileformat", "pk": "application/vnd.eprints.data+xml"}, {"fields": {"category": "", "codelist_iati_version": "2.01", "name": "application/vnd.epson.esf", "codelist_successor": null, "description": ""}, "model": "iati_codelists.fileformat", "pk": "application/vnd.epson.esf"}, {"fields": {"category": "", "codelist_iati_version": "2.01", "name": "application/vnd.epson.msf", "codelist_successor": null, "description": ""}, "model": "iati_codelists.fileformat", "pk": "application/vnd.epson.msf"}, {"fields": {"category": "", "codelist_iati_version": "2.01", "name": "application/vnd.epson.quickanime", "codelist_successor": null, "description": ""}, "model": "iati_codelists.fileformat", "pk": "application/vnd.epson.quickanime"}, {"fields": {"category": "", "codelist_iati_version": "2.01", "name": "application/vnd.epson.salt", "codelist_successor": null, "description": ""}, "model": "iati_codelists.fileformat", "pk": "application/vnd.epson.salt"}, {"fields": {"category": "", "codelist_iati_version": "2.01", "name": "application/vnd.epson.ssf", "codelist_successor": null, "description": ""}, "model": "iati_codelists.fileformat", "pk": "application/vnd.epson.ssf"}, {"fields": {"category": "", "codelist_iati_version": "2.01", "name": "application/vnd.ericsson.quickcall", "codelist_successor": null, "description": ""}, "model": "iati_codelists.fileformat", "pk": "application/vnd.ericsson.quickcall"}, {"fields": {"category": "", "codelist_iati_version": "2.01", "name": "application/vnd.eszigno3+xml", "codelist_successor": null, "description": ""}, "model": "iati_codelists.fileformat", "pk": "application/vnd.eszigno3+xml"}, {"fields": {"category": "", "codelist_iati_version": "2.01", "name": "application/vnd.etsi.aoc+xml", "codelist_successor": null, "description": ""}, "model": "iati_codelists.fileformat", "pk": "application/vnd.etsi.aoc+xml"}, {"fields": {"category": "", "codelist_iati_version": "2.01", "name": "application/vnd.etsi.asic-e+zip", "codelist_successor": null, "description": ""}, "model": "iati_codelists.fileformat", "pk": "application/vnd.etsi.asic-e+zip"}, {"fields": {"category": "", "codelist_iati_version": "2.01", "name": "application/vnd.etsi.asic-s+zip", "codelist_successor": null, "description": ""}, "model": "iati_codelists.fileformat", "pk": "application/vnd.etsi.asic-s+zip"}, {"fields": {"category": "", "codelist_iati_version": "2.01", "name": "application/vnd.etsi.cug+xml", "codelist_successor": null, "description": ""}, "model": "iati_codelists.fileformat", "pk": "application/vnd.etsi.cug+xml"}, {"fields": {"category": "", "codelist_iati_version": "2.01", "name": "application/vnd.etsi.iptvcommand+xml", "codelist_successor": null, "description": ""}, "model": "iati_codelists.fileformat", "pk": "application/vnd.etsi.iptvcommand+xml"}, {"fields": {"category": "", "codelist_iati_version": "2.01", "name": "application/vnd.etsi.iptvdiscovery+xml", "codelist_successor": null, "description": ""}, "model": "iati_codelists.fileformat", "pk": "application/vnd.etsi.iptvdiscovery+xml"}, {"fields": {"category": "", "codelist_iati_version": "2.01", "name": "application/vnd.etsi.iptvprofile+xml", "codelist_successor": null, "description": ""}, "model": "iati_codelists.fileformat", "pk": "application/vnd.etsi.iptvprofile+xml"}, {"fields": {"category": "", "codelist_iati_version": "2.01", "name": "application/vnd.etsi.iptvsad-bc+xml", "codelist_successor": null, "description": ""}, "model": "iati_codelists.fileformat", "pk": "application/vnd.etsi.iptvsad-bc+xml"}, {"fields": {"category": "", "codelist_iati_version": "2.01", "name": "application/vnd.etsi.iptvsad-cod+xml", "codelist_successor": null, "description": ""}, "model": "iati_codelists.fileformat", "pk": "application/vnd.etsi.iptvsad-cod+xml"}, {"fields": {"category": "", "codelist_iati_version": "2.01", "name": "application/vnd.etsi.iptvsad-npvr+xml", "codelist_successor": null, "description": ""}, "model": "iati_codelists.fileformat", "pk": "application/vnd.etsi.iptvsad-npvr+xml"}, {"fields": {"category": "", "codelist_iati_version": "2.01", "name": "application/vnd.etsi.iptvservice+xml", "codelist_successor": null, "description": ""}, "model": "iati_codelists.fileformat", "pk": "application/vnd.etsi.iptvservice+xml"}, {"fields": {"category": "", "codelist_iati_version": "2.01", "name": "application/vnd.etsi.iptvsync+xml", "codelist_successor": null, "description": ""}, "model": "iati_codelists.fileformat", "pk": "application/vnd.etsi.iptvsync+xml"}, {"fields": {"category": "", "codelist_iati_version": "2.01", "name": "application/vnd.etsi.iptvueprofile+xml", "codelist_successor": null, "description": ""}, "model": "iati_codelists.fileformat", "pk": "application/vnd.etsi.iptvueprofile+xml"}, {"fields": {"category": "", "codelist_iati_version": "2.01", "name": "application/vnd.etsi.mcid+xml", "codelist_successor": null, "description": ""}, "model": "iati_codelists.fileformat", "pk": "application/vnd.etsi.mcid+xml"}, {"fields": {"category": "", "codelist_iati_version": "2.01", "name": "application/vnd.etsi.mheg5", "codelist_successor": null, "description": ""}, "model": "iati_codelists.fileformat", "pk": "application/vnd.etsi.mheg5"}, {"fields": {"category": "", "codelist_iati_version": "2.01", "name": "application/vnd.etsi.overload-control-policy-dataset+xml", "codelist_successor": null, "description": ""}, "model": "iati_codelists.fileformat", "pk": "application/vnd.etsi.overload-control-policy-dataset+xml"}, {"fields": {"category": "", "codelist_iati_version": "2.01", "name": "application/vnd.etsi.pstn+xml", "codelist_successor": null, "description": ""}, "model": "iati_codelists.fileformat", "pk": "application/vnd.etsi.pstn+xml"}, {"fields": {"category": "", "codelist_iati_version": "2.01", "name": "application/vnd.etsi.sci+xml", "codelist_successor": null, "description": ""}, "model": "iati_codelists.fileformat", "pk": "application/vnd.etsi.sci+xml"}, {"fields": {"category": "", "codelist_iati_version": "2.01", "name": "application/vnd.etsi.simservs+xml", "codelist_successor": null, "description": ""}, "model": "iati_codelists.fileformat", "pk": "application/vnd.etsi.simservs+xml"}, {"fields": {"category": "", "codelist_iati_version": "2.01", "name": "application/vnd.etsi.timestamp-token", "codelist_successor": null, "description": ""}, "model": "iati_codelists.fileformat", "pk": "application/vnd.etsi.timestamp-token"}, {"fields": {"category": "", "codelist_iati_version": "2.01", "name": "application/vnd.etsi.tsl.der", "codelist_successor": null, "description": ""}, "model": "iati_codelists.fileformat", "pk": "application/vnd.etsi.tsl.der"}, {"fields": {"category": "", "codelist_iati_version": "2.01", "name": "application/vnd.etsi.tsl+xml", "codelist_successor": null, "description": ""}, "model": "iati_codelists.fileformat", "pk": "application/vnd.etsi.tsl+xml"}, {"fields": {"category": "", "codelist_iati_version": "2.01", "name": "application/vnd.eudora.data", "codelist_successor": null, "description": ""}, "model": "iati_codelists.fileformat", "pk": "application/vnd.eudora.data"}, {"fields": {"category": "", "codelist_iati_version": "2.01", "name": "application/vnd.ezpix-album", "codelist_successor": null, "description": ""}, "model": "iati_codelists.fileformat", "pk": "application/vnd.ezpix-album"}, {"fields": {"category": "", "codelist_iati_version": "2.01", "name": "application/vnd.ezpix-package", "codelist_successor": null, "description": ""}, "model": "iati_codelists.fileformat", "pk": "application/vnd.ezpix-package"}, {"fields": {"category": "", "codelist_iati_version": "2.01", "name": "application/vnd.fdf", "codelist_successor": null, "description": ""}, "model": "iati_codelists.fileformat", "pk": "application/vnd.fdf"}, {"fields": {"category": "", "codelist_iati_version": "2.01", "name": "application/vnd.fdsn.mseed", "codelist_successor": null, "description": ""}, "model": "iati_codelists.fileformat", "pk": "application/vnd.fdsn.mseed"}, {"fields": {"category": "", "codelist_iati_version": "2.01", "name": "application/vnd.fdsn.seed", "codelist_successor": null, "description": ""}, "model": "iati_codelists.fileformat", "pk": "application/vnd.fdsn.seed"}, {"fields": {"category": "", "codelist_iati_version": "2.01", "name": "application/vnd.ffsns", "codelist_successor": null, "description": ""}, "model": "iati_codelists.fileformat", "pk": "application/vnd.ffsns"}, {"fields": {"category": "", "codelist_iati_version": "2.01", "name": "application/vnd.fints", "codelist_successor": null, "description": ""}, "model": "iati_codelists.fileformat", "pk": "application/vnd.fints"}, {"fields": {"category": "", "codelist_iati_version": "2.01", "name": "application/vnd.FloGraphIt", "codelist_successor": null, "description": ""}, "model": "iati_codelists.fileformat", "pk": "application/vnd.FloGraphIt"}, {"fields": {"category": "", "codelist_iati_version": "2.01", "name": "application/vnd.fluxtime.clip", "codelist_successor": null, "description": ""}, "model": "iati_codelists.fileformat", "pk": "application/vnd.fluxtime.clip"}, {"fields": {"category": "", "codelist_iati_version": "2.01", "name": "application/vnd.font-fontforge-sfd", "codelist_successor": null, "description": ""}, "model": "iati_codelists.fileformat", "pk": "application/vnd.font-fontforge-sfd"}, {"fields": {"category": "", "codelist_iati_version": "2.01", "name": "application/vnd.framemaker", "codelist_successor": null, "description": ""}, "model": "iati_codelists.fileformat", "pk": "application/vnd.framemaker"}, {"fields": {"category": "", "codelist_iati_version": "2.01", "name": "application/vnd.frogans.fnc", "codelist_successor": null, "description": ""}, "model": "iati_codelists.fileformat", "pk": "application/vnd.frogans.fnc"}, {"fields": {"category": "", "codelist_iati_version": "2.01", "name": "application/vnd.frogans.ltf", "codelist_successor": null, "description": ""}, "model": "iati_codelists.fileformat", "pk": "application/vnd.frogans.ltf"}, {"fields": {"category": "", "codelist_iati_version": "2.01", "name": "application/vnd.fsc.weblaunch", "codelist_successor": null, "description": ""}, "model": "iati_codelists.fileformat", "pk": "application/vnd.fsc.weblaunch"}, {"fields": {"category": "", "codelist_iati_version": "2.01", "name": "application/vnd.f-secure.mobile", "codelist_successor": null, "description": ""}, "model": "iati_codelists.fileformat", "pk": "application/vnd.f-secure.mobile"}, {"fields": {"category": "", "codelist_iati_version": "2.01", "name": "application/vnd.fujitsu.oasys", "codelist_successor": null, "description": ""}, "model": "iati_codelists.fileformat", "pk": "application/vnd.fujitsu.oasys"}, {"fields": {"category": "", "codelist_iati_version": "2.01", "name": "application/vnd.fujitsu.oasys2", "codelist_successor": null, "description": ""}, "model": "iati_codelists.fileformat", "pk": "application/vnd.fujitsu.oasys2"}, {"fields": {"category": "", "codelist_iati_version": "2.01", "name": "application/vnd.fujitsu.oasys3", "codelist_successor": null, "description": ""}, "model": "iati_codelists.fileformat", "pk": "application/vnd.fujitsu.oasys3"}, {"fields": {"category": "", "codelist_iati_version": "2.01", "name": "application/vnd.fujitsu.oasysgp", "codelist_successor": null, "description": ""}, "model": "iati_codelists.fileformat", "pk": "application/vnd.fujitsu.oasysgp"}, {"fields": {"category": "", "codelist_iati_version": "2.01", "name": "application/vnd.fujitsu.oasysprs", "codelist_successor": null, "description": ""}, "model": "iati_codelists.fileformat", "pk": "application/vnd.fujitsu.oasysprs"}, {"fields": {"category": "", "codelist_iati_version": "2.01", "name": "application/vnd.fujixerox.ART4", "codelist_successor": null, "description": ""}, "model": "iati_codelists.fileformat", "pk": "application/vnd.fujixerox.ART4"}, {"fields": {"category": "", "codelist_iati_version": "2.01", "name": "application/vnd.fujixerox.ART-EX", "codelist_successor": null, "description": ""}, "model": "iati_codelists.fileformat", "pk": "application/vnd.fujixerox.ART-EX"}, {"fields": {"category": "", "codelist_iati_version": "2.01", "name": "application/vnd.fujixerox.ddd", "codelist_successor": null, "description": ""}, "model": "iati_codelists.fileformat", "pk": "application/vnd.fujixerox.ddd"}, {"fields": {"category": "", "codelist_iati_version": "2.01", "name": "application/vnd.fujixerox.docuworks", "codelist_successor": null, "description": ""}, "model": "iati_codelists.fileformat", "pk": "application/vnd.fujixerox.docuworks"}, {"fields": {"category": "", "codelist_iati_version": "2.01", "name": "application/vnd.fujixerox.docuworks.binder", "codelist_successor": null, "description": ""}, "model": "iati_codelists.fileformat", "pk": "application/vnd.fujixerox.docuworks.binder"}, {"fields": {"category": "", "codelist_iati_version": "2.01", "name": "application/vnd.fujixerox.docuworks.container", "codelist_successor": null, "description": ""}, "model": "iati_codelists.fileformat", "pk": "application/vnd.fujixerox.docuworks.container"}, {"fields": {"category": "", "codelist_iati_version": "2.01", "name": "application/vnd.fujixerox.HBPL", "codelist_successor": null, "description": ""}, "model": "iati_codelists.fileformat", "pk": "application/vnd.fujixerox.HBPL"}, {"fields": {"category": "", "codelist_iati_version": "2.01", "name": "application/vnd.fut-misnet", "codelist_successor": null, "description": ""}, "model": "iati_codelists.fileformat", "pk": "application/vnd.fut-misnet"}, {"fields": {"category": "", "codelist_iati_version": "2.01", "name": "application/vnd.fuzzysheet", "codelist_successor": null, "description": ""}, "model": "iati_codelists.fileformat", "pk": "application/vnd.fuzzysheet"}, {"fields": {"category": "", "codelist_iati_version": "2.01", "name": "application/vnd.genomatix.tuxedo", "codelist_successor": null, "description": ""}, "model": "iati_codelists.fileformat", "pk": "application/vnd.genomatix.tuxedo"}, {"fields": {"category": "", "codelist_iati_version": "2.01", "name": "application/vnd.geocube+xml", "codelist_successor": null, "description": ""}, "model": "iati_codelists.fileformat", "pk": "application/vnd.geocube+xml"}, {"fields": {"category": "", "codelist_iati_version": "2.01", "name": "application/vnd.geogebra.file", "codelist_successor": null, "description": ""}, "model": "iati_codelists.fileformat", "pk": "application/vnd.geogebra.file"}, {"fields": {"category": "", "codelist_iati_version": "2.01", "name": "application/vnd.geogebra.tool", "codelist_successor": null, "description": ""}, "model": "iati_codelists.fileformat", "pk": "application/vnd.geogebra.tool"}, {"fields": {"category": "", "codelist_iati_version": "2.01", "name": "application/vnd.geometry-explorer", "codelist_successor": null, "description": ""}, "model": "iati_codelists.fileformat", "pk": "application/vnd.geometry-explorer"}, {"fields": {"category": "", "codelist_iati_version": "2.01", "name": "application/vnd.geonext", "codelist_successor": null, "description": ""}, "model": "iati_codelists.fileformat", "pk": "application/vnd.geonext"}, {"fields": {"category": "", "codelist_iati_version": "2.01", "name": "application/vnd.geoplan", "codelist_successor": null, "description": ""}, "model": "iati_codelists.fileformat", "pk": "application/vnd.geoplan"}, {"fields": {"category": "", "codelist_iati_version": "2.01", "name": "application/vnd.geospace", "codelist_successor": null, "description": ""}, "model": "iati_codelists.fileformat", "pk": "application/vnd.geospace"}, {"fields": {"category": "", "codelist_iati_version": "2.01", "name": "application/vnd.globalplatform.card-content-mgt", "codelist_successor": null, "description": ""}, "model": "iati_codelists.fileformat", "pk": "application/vnd.globalplatform.card-content-mgt"}, {"fields": {"category": "", "codelist_iati_version": "2.01", "name": "application/vnd.globalplatform.card-content-mgt-response", "codelist_successor": null, "description": ""}, "model": "iati_codelists.fileformat", "pk": "application/vnd.globalplatform.card-content-mgt-response"}, {"fields": {"category": "", "codelist_iati_version": "2.01", "name": "application/vnd.gmx", "codelist_successor": null, "description": ""}, "model": "iati_codelists.fileformat", "pk": "application/vnd.gmx"}, {"fields": {"category": "", "codelist_iati_version": "2.01", "name": "application/vnd.google-earth.kml+xml", "codelist_successor": null, "description": ""}, "model": "iati_codelists.fileformat", "pk": "application/vnd.google-earth.kml+xml"}, {"fields": {"category": "", "codelist_iati_version": "2.01", "name": "application/vnd.google-earth.kmz", "codelist_successor": null, "description": ""}, "model": "iati_codelists.fileformat", "pk": "application/vnd.google-earth.kmz"}, {"fields": {"category": "", "codelist_iati_version": "2.01", "name": "application/vnd.grafeq", "codelist_successor": null, "description": ""}, "model": "iati_codelists.fileformat", "pk": "application/vnd.grafeq"}, {"fields": {"category": "", "codelist_iati_version": "2.01", "name": "application/vnd.gridmp", "codelist_successor": null, "description": ""}, "model": "iati_codelists.fileformat", "pk": "application/vnd.gridmp"}, {"fields": {"category": "", "codelist_iati_version": "2.01", "name": "application/vnd.groove-account", "codelist_successor": null, "description": ""}, "model": "iati_codelists.fileformat", "pk": "application/vnd.groove-account"}, {"fields": {"category": "", "codelist_iati_version": "2.01", "name": "application/vnd.groove-help", "codelist_successor": null, "description": ""}, "model": "iati_codelists.fileformat", "pk": "application/vnd.groove-help"}, {"fields": {"category": "", "codelist_iati_version": "2.01", "name": "application/vnd.groove-identity-message", "codelist_successor": null, "description": ""}, "model": "iati_codelists.fileformat", "pk": "application/vnd.groove-identity-message"}, {"fields": {"category": "", "codelist_iati_version": "2.01", "name": "application/vnd.groove-injector", "codelist_successor": null, "description": ""}, "model": "iati_codelists.fileformat", "pk": "application/vnd.groove-injector"}, {"fields": {"category": "", "codelist_iati_version": "2.01", "name": "application/vnd.groove-tool-message", "codelist_successor": null, "description": ""}, "model": "iati_codelists.fileformat", "pk": "application/vnd.groove-tool-message"}, {"fields": {"category": "", "codelist_iati_version": "2.01", "name": "application/vnd.groove-tool-template", "codelist_successor": null, "description": ""}, "model": "iati_codelists.fileformat", "pk": "application/vnd.groove-tool-template"}, {"fields": {"category": "", "codelist_iati_version": "2.01", "name": "application/vnd.groove-vcard", "codelist_successor": null, "description": ""}, "model": "iati_codelists.fileformat", "pk": "application/vnd.groove-vcard"}, {"fields": {"category": "", "codelist_iati_version": "2.01", "name": "application/vnd.hal+json", "codelist_successor": null, "description": ""}, "model": "iati_codelists.fileformat", "pk": "application/vnd.hal+json"}, {"fields": {"category": "", "codelist_iati_version": "2.01", "name": "application/vnd.hal+xml", "codelist_successor": null, "description": ""}, "model": "iati_codelists.fileformat", "pk": "application/vnd.hal+xml"}, {"fields": {"category": "", "codelist_iati_version": "2.01", "name": "application/vnd.HandHeld-Entertainment+xml", "codelist_successor": null, "description": ""}, "model": "iati_codelists.fileformat", "pk": "application/vnd.HandHeld-Entertainment+xml"}, {"fields": {"category": "", "codelist_iati_version": "2.01", "name": "application/vnd.hbci", "codelist_successor": null, "description": ""}, "model": "iati_codelists.fileformat", "pk": "application/vnd.hbci"}, {"fields": {"category": "", "codelist_iati_version": "2.01", "name": "application/vnd.hcl-bireports", "codelist_successor": null, "description": ""}, "model": "iati_codelists.fileformat", "pk": "application/vnd.hcl-bireports"}, {"fields": {"category": "", "codelist_iati_version": "2.01", "name": "application/vnd.heroku+json", "codelist_successor": null, "description": ""}, "model": "iati_codelists.fileformat", "pk": "application/vnd.heroku+json"}, {"fields": {"category": "", "codelist_iati_version": "2.01", "name": "application/vnd.hhe.lesson-player", "codelist_successor": null, "description": ""}, "model": "iati_codelists.fileformat", "pk": "application/vnd.hhe.lesson-player"}, {"fields": {"category": "", "codelist_iati_version": "2.01", "name": "application/vnd.hp-HPGL", "codelist_successor": null, "description": ""}, "model": "iati_codelists.fileformat", "pk": "application/vnd.hp-HPGL"}, {"fields": {"category": "", "codelist_iati_version": "2.01", "name": "application/vnd.hp-hpid", "codelist_successor": null, "description": ""}, "model": "iati_codelists.fileformat", "pk": "application/vnd.hp-hpid"}, {"fields": {"category": "", "codelist_iati_version": "2.01", "name": "application/vnd.hp-hps", "codelist_successor": null, "description": ""}, "model": "iati_codelists.fileformat", "pk": "application/vnd.hp-hps"}, {"fields": {"category": "", "codelist_iati_version": "2.01", "name": "application/vnd.hp-jlyt", "codelist_successor": null, "description": ""}, "model": "iati_codelists.fileformat", "pk": "application/vnd.hp-jlyt"}, {"fields": {"category": "", "codelist_iati_version": "2.01", "name": "application/vnd.hp-PCL", "codelist_successor": null, "description": ""}, "model": "iati_codelists.fileformat", "pk": "application/vnd.hp-PCL"}, {"fields": {"category": "", "codelist_iati_version": "2.01", "name": "application/vnd.hp-PCLXL", "codelist_successor": null, "description": ""}, "model": "iati_codelists.fileformat", "pk": "application/vnd.hp-PCLXL"}, {"fields": {"category": "", "codelist_iati_version": "2.01", "name": "application/vnd.httphone", "codelist_successor": null, "description": ""}, "model": "iati_codelists.fileformat", "pk": "application/vnd.httphone"}, {"fields": {"category": "", "codelist_iati_version": "2.01", "name": "application/vnd.hydrostatix.sof-data", "codelist_successor": null, "description": ""}, "model": "iati_codelists.fileformat", "pk": "application/vnd.hydrostatix.sof-data"}, {"fields": {"category": "", "codelist_iati_version": "2.01", "name": "application/vnd.hzn-3d-crossword", "codelist_successor": null, "description": ""}, "model": "iati_codelists.fileformat", "pk": "application/vnd.hzn-3d-crossword"}, {"fields": {"category": "", "codelist_iati_version": "2.01", "name": "application/vnd.ibm.afplinedata", "codelist_successor": null, "description": ""}, "model": "iati_codelists.fileformat", "pk": "application/vnd.ibm.afplinedata"}, {"fields": {"category": "", "codelist_iati_version": "2.01", "name": "application/vnd.ibm.electronic-media", "codelist_successor": null, "description": ""}, "model": "iati_codelists.fileformat", "pk": "application/vnd.ibm.electronic-media"}, {"fields": {"category": "", "codelist_iati_version": "2.01", "name": "application/vnd.ibm.MiniPay", "codelist_successor": null, "description": ""}, "model": "iati_codelists.fileformat", "pk": "application/vnd.ibm.MiniPay"}, {"fields": {"category": "", "codelist_iati_version": "2.01", "name": "application/vnd.ibm.modcap", "codelist_successor": null, "description": ""}, "model": "iati_codelists.fileformat", "pk": "application/vnd.ibm.modcap"}, {"fields": {"category": "", "codelist_iati_version": "2.01", "name": "application/vnd.ibm.rights-management", "codelist_successor": null, "description": ""}, "model": "iati_codelists.fileformat", "pk": "application/vnd.ibm.rights-management"}, {"fields": {"category": "", "codelist_iati_version": "2.01", "name": "application/vnd.ibm.secure-container", "codelist_successor": null, "description": ""}, "model": "iati_codelists.fileformat", "pk": "application/vnd.ibm.secure-container"}, {"fields": {"category": "", "codelist_iati_version": "2.01", "name": "application/vnd.iccprofile", "codelist_successor": null, "description": ""}, "model": "iati_codelists.fileformat", "pk": "application/vnd.iccprofile"}, {"fields": {"category": "", "codelist_iati_version": "2.01", "name": "application/vnd.ieee.1905", "codelist_successor": null, "description": ""}, "model": "iati_codelists.fileformat", "pk": "application/vnd.ieee.1905"}, {"fields": {"category": "", "codelist_iati_version": "2.01", "name": "application/vnd.igloader", "codelist_successor": null, "description": ""}, "model": "iati_codelists.fileformat", "pk": "application/vnd.igloader"}, {"fields": {"category": "", "codelist_iati_version": "2.01", "name": "application/vnd.immervision-ivp", "codelist_successor": null, "description": ""}, "model": "iati_codelists.fileformat", "pk": "application/vnd.immervision-ivp"}, {"fields": {"category": "", "codelist_iati_version": "2.01", "name": "application/vnd.immervision-ivu", "codelist_successor": null, "description": ""}, "model": "iati_codelists.fileformat", "pk": "application/vnd.immervision-ivu"}, {"fields": {"category": "", "codelist_iati_version": "2.01", "name": "application/vnd.informedcontrol.rms+xml", "codelist_successor": null, "description": ""}, "model": "iati_codelists.fileformat", "pk": "application/vnd.informedcontrol.rms+xml"}, {"fields": {"category": "", "codelist_iati_version": "2.01", "name": "application/vnd.informix-visionary", "codelist_successor": null, "description": ""}, "model": "iati_codelists.fileformat", "pk": "application/vnd.informix-visionary"}, {"fields": {"category": "", "codelist_iati_version": "2.01", "name": "application/vnd.infotech.project", "codelist_successor": null, "description": ""}, "model": "iati_codelists.fileformat", "pk": "application/vnd.infotech.project"}, {"fields": {"category": "", "codelist_iati_version": "2.01", "name": "application/vnd.infotech.project+xml", "codelist_successor": null, "description": ""}, "model": "iati_codelists.fileformat", "pk": "application/vnd.infotech.project+xml"}, {"fields": {"category": "", "codelist_iati_version": "2.01", "name": "application/vnd.innopath.wamp.notification", "codelist_successor": null, "description": ""}, "model": "iati_codelists.fileformat", "pk": "application/vnd.innopath.wamp.notification"}, {"fields": {"category": "", "codelist_iati_version": "2.01", "name": "application/vnd.insors.igm", "codelist_successor": null, "description": ""}, "model": "iati_codelists.fileformat", "pk": "application/vnd.insors.igm"}, {"fields": {"category": "", "codelist_iati_version": "2.01", "name": "application/vnd.intercon.formnet", "codelist_successor": null, "description": ""}, "model": "iati_codelists.fileformat", "pk": "application/vnd.intercon.formnet"}, {"fields": {"category": "", "codelist_iati_version": "2.01", "name": "application/vnd.intergeo", "codelist_successor": null, "description": ""}, "model": "iati_codelists.fileformat", "pk": "application/vnd.intergeo"}, {"fields": {"category": "", "codelist_iati_version": "2.01", "name": "application/vnd.intertrust.digibox", "codelist_successor": null, "description": ""}, "model": "iati_codelists.fileformat", "pk": "application/vnd.intertrust.digibox"}, {"fields": {"category": "", "codelist_iati_version": "2.01", "name": "application/vnd.intertrust.nncp", "codelist_successor": null, "description": ""}, "model": "iati_codelists.fileformat", "pk": "application/vnd.intertrust.nncp"}, {"fields": {"category": "", "codelist_iati_version": "2.01", "name": "application/vnd.intu.qbo", "codelist_successor": null, "description": ""}, "model": "iati_codelists.fileformat", "pk": "application/vnd.intu.qbo"}, {"fields": {"category": "", "codelist_iati_version": "2.01", "name": "application/vnd.intu.qfx", "codelist_successor": null, "description": ""}, "model": "iati_codelists.fileformat", "pk": "application/vnd.intu.qfx"}, {"fields": {"category": "", "codelist_iati_version": "2.01", "name": "application/vnd.iptc.g2.catalogitem+xml", "codelist_successor": null, "description": ""}, "model": "iati_codelists.fileformat", "pk": "application/vnd.iptc.g2.catalogitem+xml"}, {"fields": {"category": "", "codelist_iati_version": "2.01", "name": "application/vnd.iptc.g2.conceptitem+xml", "codelist_successor": null, "description": ""}, "model": "iati_codelists.fileformat", "pk": "application/vnd.iptc.g2.conceptitem+xml"}, {"fields": {"category": "", "codelist_iati_version": "2.01", "name": "application/vnd.iptc.g2.knowledgeitem+xml", "codelist_successor": null, "description": ""}, "model": "iati_codelists.fileformat", "pk": "application/vnd.iptc.g2.knowledgeitem+xml"}, {"fields": {"category": "", "codelist_iati_version": "2.01", "name": "application/vnd.iptc.g2.newsitem+xml", "codelist_successor": null, "description": ""}, "model": "iati_codelists.fileformat", "pk": "application/vnd.iptc.g2.newsitem+xml"}, {"fields": {"category": "", "codelist_iati_version": "2.01", "name": "application/vnd.iptc.g2.newsmessage+xml", "codelist_successor": null, "description": ""}, "model": "iati_codelists.fileformat", "pk": "application/vnd.iptc.g2.newsmessage+xml"}, {"fields": {"category": "", "codelist_iati_version": "2.01", "name": "application/vnd.iptc.g2.packageitem+xml", "codelist_successor": null, "description": ""}, "model": "iati_codelists.fileformat", "pk": "application/vnd.iptc.g2.packageitem+xml"}, {"fields": {"category": "", "codelist_iati_version": "2.01", "name": "application/vnd.iptc.g2.planningitem+xml", "codelist_successor": null, "description": ""}, "model": "iati_codelists.fileformat", "pk": "application/vnd.iptc.g2.planningitem+xml"}, {"fields": {"category": "", "codelist_iati_version": "2.01", "name": "application/vnd.ipunplugged.rcprofile", "codelist_successor": null, "description": ""}, "model": "iati_codelists.fileformat", "pk": "application/vnd.ipunplugged.rcprofile"}, {"fields": {"category": "", "codelist_iati_version": "2.01", "name": "application/vnd.irepository.package+xml", "codelist_successor": null, "description": ""}, "model": "iati_codelists.fileformat", "pk": "application/vnd.irepository.package+xml"}, {"fields": {"category": "", "codelist_iati_version": "2.01", "name": "application/vnd.isac.fcs", "codelist_successor": null, "description": ""}, "model": "iati_codelists.fileformat", "pk": "application/vnd.isac.fcs"}, {"fields": {"category": "", "codelist_iati_version": "2.01", "name": "application/vnd.is-xpr", "codelist_successor": null, "description": ""}, "model": "iati_codelists.fileformat", "pk": "application/vnd.is-xpr"}, {"fields": {"category": "", "codelist_iati_version": "2.01", "name": "application/vnd.jam", "codelist_successor": null, "description": ""}, "model": "iati_codelists.fileformat", "pk": "application/vnd.jam"}, {"fields": {"category": "", "codelist_iati_version": "2.01", "name": "application/vnd.japannet-directory-service", "codelist_successor": null, "description": ""}, "model": "iati_codelists.fileformat", "pk": "application/vnd.japannet-directory-service"}, {"fields": {"category": "", "codelist_iati_version": "2.01", "name": "application/vnd.japannet-jpnstore-wakeup", "codelist_successor": null, "description": ""}, "model": "iati_codelists.fileformat", "pk": "application/vnd.japannet-jpnstore-wakeup"}, {"fields": {"category": "", "codelist_iati_version": "2.01", "name": "application/vnd.japannet-payment-wakeup", "codelist_successor": null, "description": ""}, "model": "iati_codelists.fileformat", "pk": "application/vnd.japannet-payment-wakeup"}, {"fields": {"category": "", "codelist_iati_version": "2.01", "name": "application/vnd.japannet-registration", "codelist_successor": null, "description": ""}, "model": "iati_codelists.fileformat", "pk": "application/vnd.japannet-registration"}, {"fields": {"category": "", "codelist_iati_version": "2.01", "name": "application/vnd.japannet-registration-wakeup", "codelist_successor": null, "description": ""}, "model": "iati_codelists.fileformat", "pk": "application/vnd.japannet-registration-wakeup"}, {"fields": {"category": "", "codelist_iati_version": "2.01", "name": "application/vnd.japannet-setstore-wakeup", "codelist_successor": null, "description": ""}, "model": "iati_codelists.fileformat", "pk": "application/vnd.japannet-setstore-wakeup"}, {"fields": {"category": "", "codelist_iati_version": "2.01", "name": "application/vnd.japannet-verification", "codelist_successor": null, "description": ""}, "model": "iati_codelists.fileformat", "pk": "application/vnd.japannet-verification"}, {"fields": {"category": "", "codelist_iati_version": "2.01", "name": "application/vnd.japannet-verification-wakeup", "codelist_successor": null, "description": ""}, "model": "iati_codelists.fileformat", "pk": "application/vnd.japannet-verification-wakeup"}, {"fields": {"category": "", "codelist_iati_version": "2.01", "name": "application/vnd.jcp.javame.midlet-rms", "codelist_successor": null, "description": ""}, "model": "iati_codelists.fileformat", "pk": "application/vnd.jcp.javame.midlet-rms"}, {"fields": {"category": "", "codelist_iati_version": "2.01", "name": "application/vnd.jisp", "codelist_successor": null, "description": ""}, "model": "iati_codelists.fileformat", "pk": "application/vnd.jisp"}, {"fields": {"category": "", "codelist_iati_version": "2.01", "name": "application/vnd.joost.joda-archive", "codelist_successor": null, "description": ""}, "model": "iati_codelists.fileformat", "pk": "application/vnd.joost.joda-archive"}, {"fields": {"category": "", "codelist_iati_version": "2.01", "name": "application/vnd.jsk.isdn-ngn", "codelist_successor": null, "description": ""}, "model": "iati_codelists.fileformat", "pk": "application/vnd.jsk.isdn-ngn"}, {"fields": {"category": "", "codelist_iati_version": "2.01", "name": "application/vnd.kahootz", "codelist_successor": null, "description": ""}, "model": "iati_codelists.fileformat", "pk": "application/vnd.kahootz"}, {"fields": {"category": "", "codelist_iati_version": "2.01", "name": "application/vnd.kde.karbon", "codelist_successor": null, "description": ""}, "model": "iati_codelists.fileformat", "pk": "application/vnd.kde.karbon"}, {"fields": {"category": "", "codelist_iati_version": "2.01", "name": "application/vnd.kde.kchart", "codelist_successor": null, "description": ""}, "model": "iati_codelists.fileformat", "pk": "application/vnd.kde.kchart"}, {"fields": {"category": "", "codelist_iati_version": "2.01", "name": "application/vnd.kde.kformula", "codelist_successor": null, "description": ""}, "model": "iati_codelists.fileformat", "pk": "application/vnd.kde.kformula"}, {"fields": {"category": "", "codelist_iati_version": "2.01", "name": "application/vnd.kde.kivio", "codelist_successor": null, "description": ""}, "model": "iati_codelists.fileformat", "pk": "application/vnd.kde.kivio"}, {"fields": {"category": "", "codelist_iati_version": "2.01", "name": "application/vnd.kde.kontour", "codelist_successor": null, "description": ""}, "model": "iati_codelists.fileformat", "pk": "application/vnd.kde.kontour"}, {"fields": {"category": "", "codelist_iati_version": "2.01", "name": "application/vnd.kde.kpresenter", "codelist_successor": null, "description": ""}, "model": "iati_codelists.fileformat", "pk": "application/vnd.kde.kpresenter"}, {"fields": {"category": "", "codelist_iati_version": "2.01", "name": "application/vnd.kde.kspread", "codelist_successor": null, "description": ""}, "model": "iati_codelists.fileformat", "pk": "application/vnd.kde.kspread"}, {"fields": {"category": "", "codelist_iati_version": "2.01", "name": "application/vnd.kde.kword", "codelist_successor": null, "description": ""}, "model": "iati_codelists.fileformat", "pk": "application/vnd.kde.kword"}, {"fields": {"category": "", "codelist_iati_version": "2.01", "name": "application/vnd.kenameaapp", "codelist_successor": null, "description": ""}, "model": "iati_codelists.fileformat", "pk": "application/vnd.kenameaapp"}, {"fields": {"category": "", "codelist_iati_version": "2.01", "name": "application/vnd.kidspiration", "codelist_successor": null, "description": ""}, "model": "iati_codelists.fileformat", "pk": "application/vnd.kidspiration"}, {"fields": {"category": "", "codelist_iati_version": "2.01", "name": "application/vnd.Kinar", "codelist_successor": null, "description": ""}, "model": "iati_codelists.fileformat", "pk": "application/vnd.Kinar"}, {"fields": {"category": "", "codelist_iati_version": "2.01", "name": "application/vnd.koan", "codelist_successor": null, "description": ""}, "model": "iati_codelists.fileformat", "pk": "application/vnd.koan"}, {"fields": {"category": "", "codelist_iati_version": "2.01", "name": "application/vnd.kodak-descriptor", "codelist_successor": null, "description": ""}, "model": "iati_codelists.fileformat", "pk": "application/vnd.kodak-descriptor"}, {"fields": {"category": "", "codelist_iati_version": "2.01", "name": "application/vnd.las.las+xml", "codelist_successor": null, "description": ""}, "model": "iati_codelists.fileformat", "pk": "application/vnd.las.las+xml"}, {"fields": {"category": "", "codelist_iati_version": "2.01", "name": "application/vnd.liberty-request+xml", "codelist_successor": null, "description": ""}, "model": "iati_codelists.fileformat", "pk": "application/vnd.liberty-request+xml"}, {"fields": {"category": "", "codelist_iati_version": "2.01", "name": "application/vnd.llamagraphics.life-balance.desktop", "codelist_successor": null, "description": ""}, "model": "iati_codelists.fileformat", "pk": "application/vnd.llamagraphics.life-balance.desktop"}, {"fields": {"category": "", "codelist_iati_version": "2.01", "name": "application/vnd.llamagraphics.life-balance.exchange+xml", "codelist_successor": null, "description": ""}, "model": "iati_codelists.fileformat", "pk": "application/vnd.llamagraphics.life-balance.exchange+xml"}, {"fields": {"category": "", "codelist_iati_version": "2.01", "name": "application/vnd.lotus-1-2-3", "codelist_successor": null, "description": ""}, "model": "iati_codelists.fileformat", "pk": "application/vnd.lotus-1-2-3"}, {"fields": {"category": "", "codelist_iati_version": "2.01", "name": "application/vnd.lotus-approach", "codelist_successor": null, "description": ""}, "model": "iati_codelists.fileformat", "pk": "application/vnd.lotus-approach"}, {"fields": {"category": "", "codelist_iati_version": "2.01", "name": "application/vnd.lotus-freelance", "codelist_successor": null, "description": ""}, "model": "iati_codelists.fileformat", "pk": "application/vnd.lotus-freelance"}, {"fields": {"category": "", "codelist_iati_version": "2.01", "name": "application/vnd.lotus-notes", "codelist_successor": null, "description": ""}, "model": "iati_codelists.fileformat", "pk": "application/vnd.lotus-notes"}, {"fields": {"category": "", "codelist_iati_version": "2.01", "name": "application/vnd.lotus-organizer", "codelist_successor": null, "description": ""}, "model": "iati_codelists.fileformat", "pk": "application/vnd.lotus-organizer"}, {"fields": {"category": "", "codelist_iati_version": "2.01", "name": "application/vnd.lotus-screencam", "codelist_successor": null, "description": ""}, "model": "iati_codelists.fileformat", "pk": "application/vnd.lotus-screencam"}, {"fields": {"category": "", "codelist_iati_version": "2.01", "name": "application/vnd.lotus-wordpro", "codelist_successor": null, "description": ""}, "model": "iati_codelists.fileformat", "pk": "application/vnd.lotus-wordpro"}, {"fields": {"category": "", "codelist_iati_version": "2.01", "name": "application/vnd.macports.portpkg", "codelist_successor": null, "description": ""}, "model": "iati_codelists.fileformat", "pk": "application/vnd.macports.portpkg"}, {"fields": {"category": "", "codelist_iati_version": "2.01", "name": "application/vnd.marlin.drm.actiontoken+xml", "codelist_successor": null, "description": ""}, "model": "iati_codelists.fileformat", "pk": "application/vnd.marlin.drm.actiontoken+xml"}, {"fields": {"category": "", "codelist_iati_version": "2.01", "name": "application/vnd.marlin.drm.conftoken+xml", "codelist_successor": null, "description": ""}, "model": "iati_codelists.fileformat", "pk": "application/vnd.marlin.drm.conftoken+xml"}, {"fields": {"category": "", "codelist_iati_version": "2.01", "name": "application/vnd.marlin.drm.license+xml", "codelist_successor": null, "description": ""}, "model": "iati_codelists.fileformat", "pk": "application/vnd.marlin.drm.license+xml"}, {"fields": {"category": "", "codelist_iati_version": "2.01", "name": "application/vnd.marlin.drm.mdcf", "codelist_successor": null, "description": ""}, "model": "iati_codelists.fileformat", "pk": "application/vnd.marlin.drm.mdcf"}, {"fields": {"category": "", "codelist_iati_version": "2.01", "name": "application/vnd.mason+json", "codelist_successor": null, "description": ""}, "model": "iati_codelists.fileformat", "pk": "application/vnd.mason+json"}, {"fields": {"category": "", "codelist_iati_version": "2.01", "name": "application/vnd.mcd", "codelist_successor": null, "description": ""}, "model": "iati_codelists.fileformat", "pk": "application/vnd.mcd"}, {"fields": {"category": "", "codelist_iati_version": "2.01", "name": "application/vnd.medcalcdata", "codelist_successor": null, "description": ""}, "model": "iati_codelists.fileformat", "pk": "application/vnd.medcalcdata"}, {"fields": {"category": "", "codelist_iati_version": "2.01", "name": "application/vnd.mediastation.cdkey", "codelist_successor": null, "description": ""}, "model": "iati_codelists.fileformat", "pk": "application/vnd.mediastation.cdkey"}, {"fields": {"category": "", "codelist_iati_version": "2.01", "name": "application/vnd.meridian-slingshot", "codelist_successor": null, "description": ""}, "model": "iati_codelists.fileformat", "pk": "application/vnd.meridian-slingshot"}, {"fields": {"category": "", "codelist_iati_version": "2.01", "name": "application/vnd.MFER", "codelist_successor": null, "description": ""}, "model": "iati_codelists.fileformat", "pk": "application/vnd.MFER"}, {"fields": {"category": "", "codelist_iati_version": "2.01", "name": "application/vnd.mfmp", "codelist_successor": null, "description": ""}, "model": "iati_codelists.fileformat", "pk": "application/vnd.mfmp"}, {"fields": {"category": "", "codelist_iati_version": "2.01", "name": "application/vnd.micrografx.flo", "codelist_successor": null, "description": ""}, "model": "iati_codelists.fileformat", "pk": "application/vnd.micrografx.flo"}, {"fields": {"category": "", "codelist_iati_version": "2.01", "name": "application/vnd.micrografx.igx", "codelist_successor": null, "description": ""}, "model": "iati_codelists.fileformat", "pk": "application/vnd.micrografx.igx"}, {"fields": {"category": "", "codelist_iati_version": "2.01", "name": "application/vnd.mif", "codelist_successor": null, "description": ""}, "model": "iati_codelists.fileformat", "pk": "application/vnd.mif"}, {"fields": {"category": "", "codelist_iati_version": "2.01", "name": "application/vnd.minisoft-hp3000-save", "codelist_successor": null, "description": ""}, "model": "iati_codelists.fileformat", "pk": "application/vnd.minisoft-hp3000-save"}, {"fields": {"category": "", "codelist_iati_version": "2.01", "name": "application/vnd.mitsubishi.misty-guard.trustweb", "codelist_successor": null, "description": ""}, "model": "iati_codelists.fileformat", "pk": "application/vnd.mitsubishi.misty-guard.trustweb"}, {"fields": {"category": "", "codelist_iati_version": "2.01", "name": "application/vnd.Mobius.DAF", "codelist_successor": null, "description": ""}, "model": "iati_codelists.fileformat", "pk": "application/vnd.Mobius.DAF"}, {"fields": {"category": "", "codelist_iati_version": "2.01", "name": "application/vnd.Mobius.DIS", "codelist_successor": null, "description": ""}, "model": "iati_codelists.fileformat", "pk": "application/vnd.Mobius.DIS"}, {"fields": {"category": "", "codelist_iati_version": "2.01", "name": "application/vnd.Mobius.MBK", "codelist_successor": null, "description": ""}, "model": "iati_codelists.fileformat", "pk": "application/vnd.Mobius.MBK"}, {"fields": {"category": "", "codelist_iati_version": "2.01", "name": "application/vnd.Mobius.MQY", "codelist_successor": null, "description": ""}, "model": "iati_codelists.fileformat", "pk": "application/vnd.Mobius.MQY"}, {"fields": {"category": "", "codelist_iati_version": "2.01", "name": "application/vnd.Mobius.MSL", "codelist_successor": null, "description": ""}, "model": "iati_codelists.fileformat", "pk": "application/vnd.Mobius.MSL"}, {"fields": {"category": "", "codelist_iati_version": "2.01", "name": "application/vnd.Mobius.PLC", "codelist_successor": null, "description": ""}, "model": "iati_codelists.fileformat", "pk": "application/vnd.Mobius.PLC"}, {"fields": {"category": "", "codelist_iati_version": "2.01", "name": "application/vnd.Mobius.TXF", "codelist_successor": null, "description": ""}, "model": "iati_codelists.fileformat", "pk": "application/vnd.Mobius.TXF"}, {"fields": {"category": "", "codelist_iati_version": "2.01", "name": "application/vnd.mophun.application", "codelist_successor": null, "description": ""}, "model": "iati_codelists.fileformat", "pk": "application/vnd.mophun.application"}, {"fields": {"category": "", "codelist_iati_version": "2.01", "name": "application/vnd.mophun.certificate", "codelist_successor": null, "description": ""}, "model": "iati_codelists.fileformat", "pk": "application/vnd.mophun.certificate"}, {"fields": {"category": "", "codelist_iati_version": "2.01", "name": "application/vnd.motorola.flexsuite", "codelist_successor": null, "description": ""}, "model": "iati_codelists.fileformat", "pk": "application/vnd.motorola.flexsuite"}, {"fields": {"category": "", "codelist_iati_version": "2.01", "name": "application/vnd.motorola.flexsuite.adsi", "codelist_successor": null, "description": ""}, "model": "iati_codelists.fileformat", "pk": "application/vnd.motorola.flexsuite.adsi"}, {"fields": {"category": "", "codelist_iati_version": "2.01", "name": "application/vnd.motorola.flexsuite.fis", "codelist_successor": null, "description": ""}, "model": "iati_codelists.fileformat", "pk": "application/vnd.motorola.flexsuite.fis"}, {"fields": {"category": "", "codelist_iati_version": "2.01", "name": "application/vnd.motorola.flexsuite.gotap", "codelist_successor": null, "description": ""}, "model": "iati_codelists.fileformat", "pk": "application/vnd.motorola.flexsuite.gotap"}, {"fields": {"category": "", "codelist_iati_version": "2.01", "name": "application/vnd.motorola.flexsuite.kmr", "codelist_successor": null, "description": ""}, "model": "iati_codelists.fileformat", "pk": "application/vnd.motorola.flexsuite.kmr"}, {"fields": {"category": "", "codelist_iati_version": "2.01", "name": "application/vnd.motorola.flexsuite.ttc", "codelist_successor": null, "description": ""}, "model": "iati_codelists.fileformat", "pk": "application/vnd.motorola.flexsuite.ttc"}, {"fields": {"category": "", "codelist_iati_version": "2.01", "name": "application/vnd.motorola.flexsuite.wem", "codelist_successor": null, "description": ""}, "model": "iati_codelists.fileformat", "pk": "application/vnd.motorola.flexsuite.wem"}, {"fields": {"category": "", "codelist_iati_version": "2.01", "name": "application/vnd.motorola.iprm", "codelist_successor": null, "description": ""}, "model": "iati_codelists.fileformat", "pk": "application/vnd.motorola.iprm"}, {"fields": {"category": "", "codelist_iati_version": "2.01", "name": "application/vnd.mozilla.xul+xml", "codelist_successor": null, "description": ""}, "model": "iati_codelists.fileformat", "pk": "application/vnd.mozilla.xul+xml"}, {"fields": {"category": "", "codelist_iati_version": "2.01", "name": "application/vnd.ms-artgalry", "codelist_successor": null, "description": ""}, "model": "iati_codelists.fileformat", "pk": "application/vnd.ms-artgalry"}, {"fields": {"category": "", "codelist_iati_version": "2.01", "name": "application/vnd.ms-asf", "codelist_successor": null, "description": ""}, "model": "iati_codelists.fileformat", "pk": "application/vnd.ms-asf"}, {"fields": {"category": "", "codelist_iati_version": "2.01", "name": "application/vnd.ms-cab-compressed", "codelist_successor": null, "description": ""}, "model": "iati_codelists.fileformat", "pk": "application/vnd.ms-cab-compressed"}, {"fields": {"category": "", "codelist_iati_version": "2.01", "name": "application/vnd.mseq", "codelist_successor": null, "description": ""}, "model": "iati_codelists.fileformat", "pk": "application/vnd.mseq"}, {"fields": {"category": "", "codelist_iati_version": "2.01", "name": "application/vnd.ms-excel", "codelist_successor": null, "description": ""}, "model": "iati_codelists.fileformat", "pk": "application/vnd.ms-excel"}, {"fields": {"category": "", "codelist_iati_version": "2.01", "name": "application/vnd.ms-excel.addin.macroEnabled.12", "codelist_successor": null, "description": ""}, "model": "iati_codelists.fileformat", "pk": "application/vnd.ms-excel.addin.macroEnabled.12"}, {"fields": {"category": "", "codelist_iati_version": "2.01", "name": "application/vnd.ms-excel.sheet.binary.macroEnabled.12", "codelist_successor": null, "description": ""}, "model": "iati_codelists.fileformat", "pk": "application/vnd.ms-excel.sheet.binary.macroEnabled.12"}, {"fields": {"category": "", "codelist_iati_version": "2.01", "name": "application/vnd.ms-excel.sheet.macroEnabled.12", "codelist_successor": null, "description": ""}, "model": "iati_codelists.fileformat", "pk": "application/vnd.ms-excel.sheet.macroEnabled.12"}, {"fields": {"category": "", "codelist_iati_version": "2.01", "name": "application/vnd.ms-excel.template.macroEnabled.12", "codelist_successor": null, "description": ""}, "model": "iati_codelists.fileformat", "pk": "application/vnd.ms-excel.template.macroEnabled.12"}, {"fields": {"category": "", "codelist_iati_version": "2.01", "name": "application/vnd.ms-fontobject", "codelist_successor": null, "description": ""}, "model": "iati_codelists.fileformat", "pk": "application/vnd.ms-fontobject"}, {"fields": {"category": "", "codelist_iati_version": "2.01", "name": "application/vnd.ms-htmlhelp", "codelist_successor": null, "description": ""}, "model": "iati_codelists.fileformat", "pk": "application/vnd.ms-htmlhelp"}, {"fields": {"category": "", "codelist_iati_version": "2.01", "name": "application/vnd.msign", "codelist_successor": null, "description": ""}, "model": "iati_codelists.fileformat", "pk": "application/vnd.msign"}, {"fields": {"category": "", "codelist_iati_version": "2.01", "name": "application/vnd.ms-ims", "codelist_successor": null, "description": ""}, "model": "iati_codelists.fileformat", "pk": "application/vnd.ms-ims"}, {"fields": {"category": "", "codelist_iati_version": "2.01", "name": "application/vnd.ms-lrm", "codelist_successor": null, "description": ""}, "model": "iati_codelists.fileformat", "pk": "application/vnd.ms-lrm"}, {"fields": {"category": "", "codelist_iati_version": "2.01", "name": "application/vnd.ms-office.activeX+xml", "codelist_successor": null, "description": ""}, "model": "iati_codelists.fileformat", "pk": "application/vnd.ms-office.activeX+xml"}, {"fields": {"category": "", "codelist_iati_version": "2.01", "name": "application/vnd.ms-officetheme", "codelist_successor": null, "description": ""}, "model": "iati_codelists.fileformat", "pk": "application/vnd.ms-officetheme"}, {"fields": {"category": "", "codelist_iati_version": "2.01", "name": "application/vnd.ms-playready.initiator+xml", "codelist_successor": null, "description": ""}, "model": "iati_codelists.fileformat", "pk": "application/vnd.ms-playready.initiator+xml"}, {"fields": {"category": "", "codelist_iati_version": "2.01", "name": "application/vnd.ms-powerpoint", "codelist_successor": null, "description": ""}, "model": "iati_codelists.fileformat", "pk": "application/vnd.ms-powerpoint"}, {"fields": {"category": "", "codelist_iati_version": "2.01", "name": "application/vnd.ms-powerpoint.addin.macroEnabled.12", "codelist_successor": null, "description": ""}, "model": "iati_codelists.fileformat", "pk": "application/vnd.ms-powerpoint.addin.macroEnabled.12"}, {"fields": {"category": "", "codelist_iati_version": "2.01", "name": "application/vnd.ms-powerpoint.presentation.macroEnabled.12", "codelist_successor": null, "description": ""}, "model": "iati_codelists.fileformat", "pk": "application/vnd.ms-powerpoint.presentation.macroEnabled.12"}, {"fields": {"category": "", "codelist_iati_version": "2.01", "name": "application/vnd.ms-powerpoint.slide.macroEnabled.12", "codelist_successor": null, "description": ""}, "model": "iati_codelists.fileformat", "pk": "application/vnd.ms-powerpoint.slide.macroEnabled.12"}, {"fields": {"category": "", "codelist_iati_version": "2.01", "name": "application/vnd.ms-powerpoint.slideshow.macroEnabled.12", "codelist_successor": null, "description": ""}, "model": "iati_codelists.fileformat", "pk": "application/vnd.ms-powerpoint.slideshow.macroEnabled.12"}, {"fields": {"category": "", "codelist_iati_version": "2.01", "name": "application/vnd.ms-powerpoint.template.macroEnabled.12", "codelist_successor": null, "description": ""}, "model": "iati_codelists.fileformat", "pk": "application/vnd.ms-powerpoint.template.macroEnabled.12"}, {"fields": {"category": "", "codelist_iati_version": "2.01", "name": "application/vnd.ms-project", "codelist_successor": null, "description": ""}, "model": "iati_codelists.fileformat", "pk": "application/vnd.ms-project"}, {"fields": {"category": "", "codelist_iati_version": "2.01", "name": "application/vnd.ms-tnef", "codelist_successor": null, "description": ""}, "model": "iati_codelists.fileformat", "pk": "application/vnd.ms-tnef"}, {"fields": {"category": "", "codelist_iati_version": "2.01", "name": "application/vnd.ms-windows.printerpairing", "codelist_successor": null, "description": ""}, "model": "iati_codelists.fileformat", "pk": "application/vnd.ms-windows.printerpairing"}, {"fields": {"category": "", "codelist_iati_version": "2.01", "name": "application/vnd.ms-wmdrm.lic-chlg-req", "codelist_successor": null, "description": ""}, "model": "iati_codelists.fileformat", "pk": "application/vnd.ms-wmdrm.lic-chlg-req"}, {"fields": {"category": "", "codelist_iati_version": "2.01", "name": "application/vnd.ms-wmdrm.lic-resp", "codelist_successor": null, "description": ""}, "model": "iati_codelists.fileformat", "pk": "application/vnd.ms-wmdrm.lic-resp"}, {"fields": {"category": "", "codelist_iati_version": "2.01", "name": "application/vnd.ms-wmdrm.meter-chlg-req", "codelist_successor": null, "description": ""}, "model": "iati_codelists.fileformat", "pk": "application/vnd.ms-wmdrm.meter-chlg-req"}, {"fields": {"category": "", "codelist_iati_version": "2.01", "name": "application/vnd.ms-wmdrm.meter-resp", "codelist_successor": null, "description": ""}, "model": "iati_codelists.fileformat", "pk": "application/vnd.ms-wmdrm.meter-resp"}, {"fields": {"category": "", "codelist_iati_version": "2.01", "name": "application/vnd.ms-word.document.macroEnabled.12", "codelist_successor": null, "description": ""}, "model": "iati_codelists.fileformat", "pk": "application/vnd.ms-word.document.macroEnabled.12"}, {"fields": {"category": "", "codelist_iati_version": "2.01", "name": "application/vnd.ms-word.template.macroEnabled.12", "codelist_successor": null, "description": ""}, "model": "iati_codelists.fileformat", "pk": "application/vnd.ms-word.template.macroEnabled.12"}, {"fields": {"category": "", "codelist_iati_version": "2.01", "name": "application/vnd.ms-works", "codelist_successor": null, "description": ""}, "model": "iati_codelists.fileformat", "pk": "application/vnd.ms-works"}, {"fields": {"category": "", "codelist_iati_version": "2.01", "name": "application/vnd.ms-wpl", "codelist_successor": null, "description": ""}, "model": "iati_codelists.fileformat", "pk": "application/vnd.ms-wpl"}, {"fields": {"category": "", "codelist_iati_version": "2.01", "name": "application/vnd.ms-xpsdocument", "codelist_successor": null, "description": ""}, "model": "iati_codelists.fileformat", "pk": "application/vnd.ms-xpsdocument"}, {"fields": {"category": "", "codelist_iati_version": "2.01", "name": "application/vnd.multiad.creator", "codelist_successor": null, "description": ""}, "model": "iati_codelists.fileformat", "pk": "application/vnd.multiad.creator"}, {"fields": {"category": "", "codelist_iati_version": "2.01", "name": "application/vnd.multiad.creator.cif", "codelist_successor": null, "description": ""}, "model": "iati_codelists.fileformat", "pk": "application/vnd.multiad.creator.cif"}, {"fields": {"category": "", "codelist_iati_version": "2.01", "name": "application/vnd.musician", "codelist_successor": null, "description": ""}, "model": "iati_codelists.fileformat", "pk": "application/vnd.musician"}, {"fields": {"category": "", "codelist_iati_version": "2.01", "name": "application/vnd.music-niff", "codelist_successor": null, "description": ""}, "model": "iati_codelists.fileformat", "pk": "application/vnd.music-niff"}, {"fields": {"category": "", "codelist_iati_version": "2.01", "name": "application/vnd.muvee.style", "codelist_successor": null, "description": ""}, "model": "iati_codelists.fileformat", "pk": "application/vnd.muvee.style"}, {"fields": {"category": "", "codelist_iati_version": "2.01", "name": "application/vnd.mynfc", "codelist_successor": null, "description": ""}, "model": "iati_codelists.fileformat", "pk": "application/vnd.mynfc"}, {"fields": {"category": "", "codelist_iati_version": "2.01", "name": "application/vnd.ncd.control", "codelist_successor": null, "description": ""}, "model": "iati_codelists.fileformat", "pk": "application/vnd.ncd.control"}, {"fields": {"category": "", "codelist_iati_version": "2.01", "name": "application/vnd.ncd.reference", "codelist_successor": null, "description": ""}, "model": "iati_codelists.fileformat", "pk": "application/vnd.ncd.reference"}, {"fields": {"category": "", "codelist_iati_version": "2.01", "name": "application/vnd.nervana", "codelist_successor": null, "description": ""}, "model": "iati_codelists.fileformat", "pk": "application/vnd.nervana"}, {"fields": {"category": "", "codelist_iati_version": "2.01", "name": "application/vnd.netfpx", "codelist_successor": null, "description": ""}, "model": "iati_codelists.fileformat", "pk": "application/vnd.netfpx"}, {"fields": {"category": "", "codelist_iati_version": "2.01", "name": "application/vnd.neurolanguage.nlu", "codelist_successor": null, "description": ""}, "model": "iati_codelists.fileformat", "pk": "application/vnd.neurolanguage.nlu"}, {"fields": {"category": "", "codelist_iati_version": "2.01", "name": "application/vnd.nintendo.nitro.rom", "codelist_successor": null, "description": ""}, "model": "iati_codelists.fileformat", "pk": "application/vnd.nintendo.nitro.rom"}, {"fields": {"category": "", "codelist_iati_version": "2.01", "name": "application/vnd.nintendo.snes.rom", "codelist_successor": null, "description": ""}, "model": "iati_codelists.fileformat", "pk": "application/vnd.nintendo.snes.rom"}, {"fields": {"category": "", "codelist_iati_version": "2.01", "name": "application/vnd.nitf", "codelist_successor": null, "description": ""}, "model": "iati_codelists.fileformat", "pk": "application/vnd.nitf"}, {"fields": {"category": "", "codelist_iati_version": "2.01", "name": "application/vnd.noblenet-directory", "codelist_successor": null, "description": ""}, "model": "iati_codelists.fileformat", "pk": "application/vnd.noblenet-directory"}, {"fields": {"category": "", "codelist_iati_version": "2.01", "name": "application/vnd.noblenet-sealer", "codelist_successor": null, "description": ""}, "model": "iati_codelists.fileformat", "pk": "application/vnd.noblenet-sealer"}, {"fields": {"category": "", "codelist_iati_version": "2.01", "name": "application/vnd.noblenet-web", "codelist_successor": null, "description": ""}, "model": "iati_codelists.fileformat", "pk": "application/vnd.noblenet-web"}, {"fields": {"category": "", "codelist_iati_version": "2.01", "name": "application/vnd.nokia.catalogs", "codelist_successor": null, "description": ""}, "model": "iati_codelists.fileformat", "pk": "application/vnd.nokia.catalogs"}, {"fields": {"category": "", "codelist_iati_version": "2.01", "name": "application/vnd.nokia.conml+wbxml", "codelist_successor": null, "description": ""}, "model": "iati_codelists.fileformat", "pk": "application/vnd.nokia.conml+wbxml"}, {"fields": {"category": "", "codelist_iati_version": "2.01", "name": "application/vnd.nokia.conml+xml", "codelist_successor": null, "description": ""}, "model": "iati_codelists.fileformat", "pk": "application/vnd.nokia.conml+xml"}, {"fields": {"category": "", "codelist_iati_version": "2.01", "name": "application/vnd.nokia.iptv.config+xml", "codelist_successor": null, "description": ""}, "model": "iati_codelists.fileformat", "pk": "application/vnd.nokia.iptv.config+xml"}, {"fields": {"category": "", "codelist_iati_version": "2.01", "name": "application/vnd.nokia.iSDS-radio-presets", "codelist_successor": null, "description": ""}, "model": "iati_codelists.fileformat", "pk": "application/vnd.nokia.iSDS-radio-presets"}, {"fields": {"category": "", "codelist_iati_version": "2.01", "name": "application/vnd.nokia.landmarkcollection+xml", "codelist_successor": null, "description": ""}, "model": "iati_codelists.fileformat", "pk": "application/vnd.nokia.landmarkcollection+xml"}, {"fields": {"category": "", "codelist_iati_version": "2.01", "name": "application/vnd.nokia.landmark+wbxml", "codelist_successor": null, "description": ""}, "model": "iati_codelists.fileformat", "pk": "application/vnd.nokia.landmark+wbxml"}, {"fields": {"category": "", "codelist_iati_version": "2.01", "name": "application/vnd.nokia.landmark+xml", "codelist_successor": null, "description": ""}, "model": "iati_codelists.fileformat", "pk": "application/vnd.nokia.landmark+xml"}, {"fields": {"category": "", "codelist_iati_version": "2.01", "name": "application/vnd.nokia.ncd", "codelist_successor": null, "description": ""}, "model": "iati_codelists.fileformat", "pk": "application/vnd.nokia.ncd"}, {"fields": {"category": "", "codelist_iati_version": "2.01", "name": "application/vnd.nokia.n-gage.ac+xml", "codelist_successor": null, "description": ""}, "model": "iati_codelists.fileformat", "pk": "application/vnd.nokia.n-gage.ac+xml"}, {"fields": {"category": "", "codelist_iati_version": "2.01", "name": "application/vnd.nokia.n-gage.data", "codelist_successor": null, "description": ""}, "model": "iati_codelists.fileformat", "pk": "application/vnd.nokia.n-gage.data"}, {"fields": {"category": "", "codelist_iati_version": "2.01", "name": "application/vnd.nokia.n-gage.symbian.install", "codelist_successor": null, "description": ""}, "model": "iati_codelists.fileformat", "pk": "application/vnd.nokia.n-gage.symbian.install"}, {"fields": {"category": "", "codelist_iati_version": "2.01", "name": "application/vnd.nokia.pcd+wbxml", "codelist_successor": null, "description": ""}, "model": "iati_codelists.fileformat", "pk": "application/vnd.nokia.pcd+wbxml"}, {"fields": {"category": "", "codelist_iati_version": "2.01", "name": "application/vnd.nokia.pcd+xml", "codelist_successor": null, "description": ""}, "model": "iati_codelists.fileformat", "pk": "application/vnd.nokia.pcd+xml"}, {"fields": {"category": "", "codelist_iati_version": "2.01", "name": "application/vnd.nokia.radio-preset", "codelist_successor": null, "description": ""}, "model": "iati_codelists.fileformat", "pk": "application/vnd.nokia.radio-preset"}, {"fields": {"category": "", "codelist_iati_version": "2.01", "name": "application/vnd.nokia.radio-presets", "codelist_successor": null, "description": ""}, "model": "iati_codelists.fileformat", "pk": "application/vnd.nokia.radio-presets"}, {"fields": {"category": "", "codelist_iati_version": "2.01", "name": "application/vnd.novadigm.EDM", "codelist_successor": null, "description": ""}, "model": "iati_codelists.fileformat", "pk": "application/vnd.novadigm.EDM"}, {"fields": {"category": "", "codelist_iati_version": "2.01", "name": "application/vnd.novadigm.EDX", "codelist_successor": null, "description": ""}, "model": "iati_codelists.fileformat", "pk": "application/vnd.novadigm.EDX"}, {"fields": {"category": "", "codelist_iati_version": "2.01", "name": "application/vnd.novadigm.EXT", "codelist_successor": null, "description": ""}, "model": "iati_codelists.fileformat", "pk": "application/vnd.novadigm.EXT"}, {"fields": {"category": "", "codelist_iati_version": "2.01", "name": "application/vnd.ntt-local.content-share", "codelist_successor": null, "description": ""}, "model": "iati_codelists.fileformat", "pk": "application/vnd.ntt-local.content-share"}, {"fields": {"category": "", "codelist_iati_version": "2.01", "name": "application/vnd.ntt-local.file-transfer", "codelist_successor": null, "description": ""}, "model": "iati_codelists.fileformat", "pk": "application/vnd.ntt-local.file-transfer"}, {"fields": {"category": "", "codelist_iati_version": "2.01", "name": "application/vnd.ntt-local.sip-ta_remote", "codelist_successor": null, "description": ""}, "model": "iati_codelists.fileformat", "pk": "application/vnd.ntt-local.sip-ta_remote"}, {"fields": {"category": "", "codelist_iati_version": "2.01", "name": "application/vnd.ntt-local.sip-ta_tcp_stream", "codelist_successor": null, "description": ""}, "model": "iati_codelists.fileformat", "pk": "application/vnd.ntt-local.sip-ta_tcp_stream"}, {"fields": {"category": "", "codelist_iati_version": "2.01", "name": "application/vnd.oasis.opendocument.chart", "codelist_successor": null, "description": ""}, "model": "iati_codelists.fileformat", "pk": "application/vnd.oasis.opendocument.chart"}, {"fields": {"category": "", "codelist_iati_version": "2.01", "name": "application/vnd.oasis.opendocument.chart-template", "codelist_successor": null, "description": ""}, "model": "iati_codelists.fileformat", "pk": "application/vnd.oasis.opendocument.chart-template"}, {"fields": {"category": "", "codelist_iati_version": "2.01", "name": "application/vnd.oasis.opendocument.database", "codelist_successor": null, "description": ""}, "model": "iati_codelists.fileformat", "pk": "application/vnd.oasis.opendocument.database"}, {"fields": {"category": "", "codelist_iati_version": "2.01", "name": "application/vnd.oasis.opendocument.formula", "codelist_successor": null, "description": ""}, "model": "iati_codelists.fileformat", "pk": "application/vnd.oasis.opendocument.formula"}, {"fields": {"category": "", "codelist_iati_version": "2.01", "name": "application/vnd.oasis.opendocument.formula-template", "codelist_successor": null, "description": ""}, "model": "iati_codelists.fileformat", "pk": "application/vnd.oasis.opendocument.formula-template"}, {"fields": {"category": "", "codelist_iati_version": "2.01", "name": "application/vnd.oasis.opendocument.graphics", "codelist_successor": null, "description": ""}, "model": "iati_codelists.fileformat", "pk": "application/vnd.oasis.opendocument.graphics"}, {"fields": {"category": "", "codelist_iati_version": "2.01", "name": "application/vnd.oasis.opendocument.graphics-template", "codelist_successor": null, "description": ""}, "model": "iati_codelists.fileformat", "pk": "application/vnd.oasis.opendocument.graphics-template"}, {"fields": {"category": "", "codelist_iati_version": "2.01", "name": "application/vnd.oasis.opendocument.image", "codelist_successor": null, "description": ""}, "model": "iati_codelists.fileformat", "pk": "application/vnd.oasis.opendocument.image"}, {"fields": {"category": "", "codelist_iati_version": "2.01", "name": "application/vnd.oasis.opendocument.image-template", "codelist_successor": null, "description": ""}, "model": "iati_codelists.fileformat", "pk": "application/vnd.oasis.opendocument.image-template"}, {"fields": {"category": "", "codelist_iati_version": "2.01", "name": "application/vnd.oasis.opendocument.presentation", "codelist_successor": null, "description": ""}, "model": "iati_codelists.fileformat", "pk": "application/vnd.oasis.opendocument.presentation"}, {"fields": {"category": "", "codelist_iati_version": "2.01", "name": "application/vnd.oasis.opendocument.presentation-template", "codelist_successor": null, "description": ""}, "model": "iati_codelists.fileformat", "pk": "application/vnd.oasis.opendocument.presentation-template"}, {"fields": {"category": "", "codelist_iati_version": "2.01", "name": "application/vnd.oasis.opendocument.spreadsheet", "codelist_successor": null, "description": ""}, "model": "iati_codelists.fileformat", "pk": "application/vnd.oasis.opendocument.spreadsheet"}, {"fields": {"category": "", "codelist_iati_version": "2.01", "name": "application/vnd.oasis.opendocument.spreadsheet-template", "codelist_successor": null, "description": ""}, "model": "iati_codelists.fileformat", "pk": "application/vnd.oasis.opendocument.spreadsheet-template"}, {"fields": {"category": "", "codelist_iati_version": "2.01", "name": "application/vnd.oasis.opendocument.text", "codelist_successor": null, "description": ""}, "model": "iati_codelists.fileformat", "pk": "application/vnd.oasis.opendocument.text"}, {"fields": {"category": "", "codelist_iati_version": "2.01", "name": "application/vnd.oasis.opendocument.text-master", "codelist_successor": null, "description": ""}, "model": "iati_codelists.fileformat", "pk": "application/vnd.oasis.opendocument.text-master"}, {"fields": {"category": "", "codelist_iati_version": "2.01", "name": "application/vnd.oasis.opendocument.text-template", "codelist_successor": null, "description": ""}, "model": "iati_codelists.fileformat", "pk": "application/vnd.oasis.opendocument.text-template"}, {"fields": {"category": "", "codelist_iati_version": "2.01", "name": "application/vnd.oasis.opendocument.text-web", "codelist_successor": null, "description": ""}, "model": "iati_codelists.fileformat", "pk": "application/vnd.oasis.opendocument.text-web"}, {"fields": {"category": "", "codelist_iati_version": "2.01", "name": "application/vnd.obn", "codelist_successor": null, "description": ""}, "model": "iati_codelists.fileformat", "pk": "application/vnd.obn"}, {"fields": {"category": "", "codelist_iati_version": "2.01", "name": "application/vnd.oftn.l10n+json", "codelist_successor": null, "description": ""}, "model": "iati_codelists.fileformat", "pk": "application/vnd.oftn.l10n+json"}, {"fields": {"category": "", "codelist_iati_version": "2.01", "name": "application/vnd.oipf.contentaccessdownload+xml", "codelist_successor": null, "description": ""}, "model": "iati_codelists.fileformat", "pk": "application/vnd.oipf.contentaccessdownload+xml"}, {"fields": {"category": "", "codelist_iati_version": "2.01", "name": "application/vnd.oipf.contentaccessstreaming+xml", "codelist_successor": null, "description": ""}, "model": "iati_codelists.fileformat", "pk": "application/vnd.oipf.contentaccessstreaming+xml"}, {"fields": {"category": "", "codelist_iati_version": "2.01", "name": "application/vnd.oipf.cspg-hexbinary", "codelist_successor": null, "description": ""}, "model": "iati_codelists.fileformat", "pk": "application/vnd.oipf.cspg-hexbinary"}, {"fields": {"category": "", "codelist_iati_version": "2.01", "name": "application/vnd.oipf.dae.svg+xml", "codelist_successor": null, "description": ""}, "model": "iati_codelists.fileformat", "pk": "application/vnd.oipf.dae.svg+xml"}, {"fields": {"category": "", "codelist_iati_version": "2.01", "name": "application/vnd.oipf.dae.xhtml+xml", "codelist_successor": null, "description": ""}, "model": "iati_codelists.fileformat", "pk": "application/vnd.oipf.dae.xhtml+xml"}, {"fields": {"category": "", "codelist_iati_version": "2.01", "name": "application/vnd.oipf.mippvcontrolmessage+xml", "codelist_successor": null, "description": ""}, "model": "iati_codelists.fileformat", "pk": "application/vnd.oipf.mippvcontrolmessage+xml"}, {"fields": {"category": "", "codelist_iati_version": "2.01", "name": "application/vnd.oipf.pae.gem", "codelist_successor": null, "description": ""}, "model": "iati_codelists.fileformat", "pk": "application/vnd.oipf.pae.gem"}, {"fields": {"category": "", "codelist_iati_version": "2.01", "name": "application/vnd.oipf.spdiscovery+xml", "codelist_successor": null, "description": ""}, "model": "iati_codelists.fileformat", "pk": "application/vnd.oipf.spdiscovery+xml"}, {"fields": {"category": "", "codelist_iati_version": "2.01", "name": "application/vnd.oipf.spdlist+xml", "codelist_successor": null, "description": ""}, "model": "iati_codelists.fileformat", "pk": "application/vnd.oipf.spdlist+xml"}, {"fields": {"category": "", "codelist_iati_version": "2.01", "name": "application/vnd.oipf.ueprofile+xml", "codelist_successor": null, "description": ""}, "model": "iati_codelists.fileformat", "pk": "application/vnd.oipf.ueprofile+xml"}, {"fields": {"category": "", "codelist_iati_version": "2.01", "name": "application/vnd.oipf.userprofile+xml", "codelist_successor": null, "description": ""}, "model": "iati_codelists.fileformat", "pk": "application/vnd.oipf.userprofile+xml"}, {"fields": {"category": "", "codelist_iati_version": "2.01", "name": "application/vnd.olpc-sugar", "codelist_successor": null, "description": ""}, "model": "iati_codelists.fileformat", "pk": "application/vnd.olpc-sugar"}, {"fields": {"category": "", "codelist_iati_version": "2.01", "name": "application/vnd.oma.bcast.associated-procedure-parameter+xml", "codelist_successor": null, "description": ""}, "model": "iati_codelists.fileformat", "pk": "application/vnd.oma.bcast.associated-procedure-parameter+xml"}, {"fields": {"category": "", "codelist_iati_version": "2.01", "name": "application/vnd.oma.bcast.drm-trigger+xml", "codelist_successor": null, "description": ""}, "model": "iati_codelists.fileformat", "pk": "application/vnd.oma.bcast.drm-trigger+xml"}, {"fields": {"category": "", "codelist_iati_version": "2.01", "name": "application/vnd.oma.bcast.imd+xml", "codelist_successor": null, "description": ""}, "model": "iati_codelists.fileformat", "pk": "application/vnd.oma.bcast.imd+xml"}, {"fields": {"category": "", "codelist_iati_version": "2.01", "name": "application/vnd.oma.bcast.ltkm", "codelist_successor": null, "description": ""}, "model": "iati_codelists.fileformat", "pk": "application/vnd.oma.bcast.ltkm"}, {"fields": {"category": "", "codelist_iati_version": "2.01", "name": "application/vnd.oma.bcast.notification+xml", "codelist_successor": null, "description": ""}, "model": "iati_codelists.fileformat", "pk": "application/vnd.oma.bcast.notification+xml"}, {"fields": {"category": "", "codelist_iati_version": "2.01", "name": "application/vnd.oma.bcast.provisioningtrigger", "codelist_successor": null, "description": ""}, "model": "iati_codelists.fileformat", "pk": "application/vnd.oma.bcast.provisioningtrigger"}, {"fields": {"category": "", "codelist_iati_version": "2.01", "name": "application/vnd.oma.bcast.sgboot", "codelist_successor": null, "description": ""}, "model": "iati_codelists.fileformat", "pk": "application/vnd.oma.bcast.sgboot"}, {"fields": {"category": "", "codelist_iati_version": "2.01", "name": "application/vnd.oma.bcast.sgdd+xml", "codelist_successor": null, "description": ""}, "model": "iati_codelists.fileformat", "pk": "application/vnd.oma.bcast.sgdd+xml"}, {"fields": {"category": "", "codelist_iati_version": "2.01", "name": "application/vnd.oma.bcast.sgdu", "codelist_successor": null, "description": ""}, "model": "iati_codelists.fileformat", "pk": "application/vnd.oma.bcast.sgdu"}, {"fields": {"category": "", "codelist_iati_version": "2.01", "name": "application/vnd.oma.bcast.simple-symbol-container", "codelist_successor": null, "description": ""}, "model": "iati_codelists.fileformat", "pk": "application/vnd.oma.bcast.simple-symbol-container"}, {"fields": {"category": "", "codelist_iati_version": "2.01", "name": "application/vnd.oma.bcast.smartcard-trigger+xml", "codelist_successor": null, "description": ""}, "model": "iati_codelists.fileformat", "pk": "application/vnd.oma.bcast.smartcard-trigger+xml"}, {"fields": {"category": "", "codelist_iati_version": "2.01", "name": "application/vnd.oma.bcast.sprov+xml", "codelist_successor": null, "description": ""}, "model": "iati_codelists.fileformat", "pk": "application/vnd.oma.bcast.sprov+xml"}, {"fields": {"category": "", "codelist_iati_version": "2.01", "name": "application/vnd.oma.bcast.stkm", "codelist_successor": null, "description": ""}, "model": "iati_codelists.fileformat", "pk": "application/vnd.oma.bcast.stkm"}, {"fields": {"category": "", "codelist_iati_version": "2.01", "name": "application/vnd.oma.cab-address-book+xml", "codelist_successor": null, "description": ""}, "model": "iati_codelists.fileformat", "pk": "application/vnd.oma.cab-address-book+xml"}, {"fields": {"category": "", "codelist_iati_version": "2.01", "name": "application/vnd.oma.cab-feature-handler+xml", "codelist_successor": null, "description": ""}, "model": "iati_codelists.fileformat", "pk": "application/vnd.oma.cab-feature-handler+xml"}, {"fields": {"category": "", "codelist_iati_version": "2.01", "name": "application/vnd.oma.cab-pcc+xml", "codelist_successor": null, "description": ""}, "model": "iati_codelists.fileformat", "pk": "application/vnd.oma.cab-pcc+xml"}, {"fields": {"category": "", "codelist_iati_version": "2.01", "name": "application/vnd.oma.cab-subs-invite+xml", "codelist_successor": null, "description": ""}, "model": "iati_codelists.fileformat", "pk": "application/vnd.oma.cab-subs-invite+xml"}, {"fields": {"category": "", "codelist_iati_version": "2.01", "name": "application/vnd.oma.cab-user-prefs+xml", "codelist_successor": null, "description": ""}, "model": "iati_codelists.fileformat", "pk": "application/vnd.oma.cab-user-prefs+xml"}, {"fields": {"category": "", "codelist_iati_version": "2.01", "name": "application/vnd.oma.dcd", "codelist_successor": null, "description": ""}, "model": "iati_codelists.fileformat", "pk": "application/vnd.oma.dcd"}, {"fields": {"category": "", "codelist_iati_version": "2.01", "name": "application/vnd.oma.dcdc", "codelist_successor": null, "description": ""}, "model": "iati_codelists.fileformat", "pk": "application/vnd.oma.dcdc"}, {"fields": {"category": "", "codelist_iati_version": "2.01", "name": "application/vnd.oma.dd2+xml", "codelist_successor": null, "description": ""}, "model": "iati_codelists.fileformat", "pk": "application/vnd.oma.dd2+xml"}, {"fields": {"category": "", "codelist_iati_version": "2.01", "name": "application/vnd.oma.drm.risd+xml", "codelist_successor": null, "description": ""}, "model": "iati_codelists.fileformat", "pk": "application/vnd.oma.drm.risd+xml"}, {"fields": {"category": "", "codelist_iati_version": "2.01", "name": "application/vnd.omads-email+xml", "codelist_successor": null, "description": ""}, "model": "iati_codelists.fileformat", "pk": "application/vnd.omads-email+xml"}, {"fields": {"category": "", "codelist_iati_version": "2.01", "name": "application/vnd.omads-file+xml", "codelist_successor": null, "description": ""}, "model": "iati_codelists.fileformat", "pk": "application/vnd.omads-file+xml"}, {"fields": {"category": "", "codelist_iati_version": "2.01", "name": "application/vnd.omads-folder+xml", "codelist_successor": null, "description": ""}, "model": "iati_codelists.fileformat", "pk": "application/vnd.omads-folder+xml"}, {"fields": {"category": "", "codelist_iati_version": "2.01", "name": "application/vnd.oma.group-usage-list+xml", "codelist_successor": null, "description": ""}, "model": "iati_codelists.fileformat", "pk": "application/vnd.oma.group-usage-list+xml"}, {"fields": {"category": "", "codelist_iati_version": "2.01", "name": "application/vnd.omaloc-supl-init", "codelist_successor": null, "description": ""}, "model": "iati_codelists.fileformat", "pk": "application/vnd.omaloc-supl-init"}, {"fields": {"category": "", "codelist_iati_version": "2.01", "name": "application/vnd.oma.pal+xml", "codelist_successor": null, "description": ""}, "model": "iati_codelists.fileformat", "pk": "application/vnd.oma.pal+xml"}, {"fields": {"category": "", "codelist_iati_version": "2.01", "name": "application/vnd.oma.poc.detailed-progress-report+xml", "codelist_successor": null, "description": ""}, "model": "iati_codelists.fileformat", "pk": "application/vnd.oma.poc.detailed-progress-report+xml"}, {"fields": {"category": "", "codelist_iati_version": "2.01", "name": "application/vnd.oma.poc.final-report+xml", "codelist_successor": null, "description": ""}, "model": "iati_codelists.fileformat", "pk": "application/vnd.oma.poc.final-report+xml"}, {"fields": {"category": "", "codelist_iati_version": "2.01", "name": "application/vnd.oma.poc.groups+xml", "codelist_successor": null, "description": ""}, "model": "iati_codelists.fileformat", "pk": "application/vnd.oma.poc.groups+xml"}, {"fields": {"category": "", "codelist_iati_version": "2.01", "name": "application/vnd.oma.poc.invocation-descriptor+xml", "codelist_successor": null, "description": ""}, "model": "iati_codelists.fileformat", "pk": "application/vnd.oma.poc.invocation-descriptor+xml"}, {"fields": {"category": "", "codelist_iati_version": "2.01", "name": "application/vnd.oma.poc.optimized-progress-report+xml", "codelist_successor": null, "description": ""}, "model": "iati_codelists.fileformat", "pk": "application/vnd.oma.poc.optimized-progress-report+xml"}, {"fields": {"category": "", "codelist_iati_version": "2.01", "name": "application/vnd.oma.push", "codelist_successor": null, "description": ""}, "model": "iati_codelists.fileformat", "pk": "application/vnd.oma.push"}, {"fields": {"category": "", "codelist_iati_version": "2.01", "name": "application/vnd.oma.scidm.messages+xml", "codelist_successor": null, "description": ""}, "model": "iati_codelists.fileformat", "pk": "application/vnd.oma.scidm.messages+xml"}, {"fields": {"category": "", "codelist_iati_version": "2.01", "name": "application/vnd.oma-scws-config", "codelist_successor": null, "description": ""}, "model": "iati_codelists.fileformat", "pk": "application/vnd.oma-scws-config"}, {"fields": {"category": "", "codelist_iati_version": "2.01", "name": "application/vnd.oma-scws-http-request", "codelist_successor": null, "description": ""}, "model": "iati_codelists.fileformat", "pk": "application/vnd.oma-scws-http-request"}, {"fields": {"category": "", "codelist_iati_version": "2.01", "name": "application/vnd.oma-scws-http-response", "codelist_successor": null, "description": ""}, "model": "iati_codelists.fileformat", "pk": "application/vnd.oma-scws-http-response"}, {"fields": {"category": "", "codelist_iati_version": "2.01", "name": "application/vnd.oma.xcap-directory+xml", "codelist_successor": null, "description": ""}, "model": "iati_codelists.fileformat", "pk": "application/vnd.oma.xcap-directory+xml"}, {"fields": {"category": "", "codelist_iati_version": "2.01", "name": "application/vnd.openeye.oeb", "codelist_successor": null, "description": ""}, "model": "iati_codelists.fileformat", "pk": "application/vnd.openeye.oeb"}, {"fields": {"category": "", "codelist_iati_version": "2.01", "name": "application/vnd.openxmlformats-officedocument.custom-properties+xml", "codelist_successor": null, "description": ""}, "model": "iati_codelists.fileformat", "pk": "application/vnd.openxmlformats-officedocument.custom-properties+xml"}, {"fields": {"category": "", "codelist_iati_version": "2.01", "name": "application/vnd.openxmlformats-officedocument.customXmlProperties+xml", "codelist_successor": null, "description": ""}, "model": "iati_codelists.fileformat", "pk": "application/vnd.openxmlformats-officedocument.customXmlProperties+xml"}, {"fields": {"category": "", "codelist_iati_version": "2.01", "name": "application/vnd.openxmlformats-officedocument.drawingml.chartshapes+xml", "codelist_successor": null, "description": ""}, "model": "iati_codelists.fileformat", "pk": "application/vnd.openxmlformats-officedocument.drawingml.chartshapes+xml"}, {"fields": {"category": "", "codelist_iati_version": "2.01", "name": "application/vnd.openxmlformats-officedocument.drawingml.chart+xml", "codelist_successor": null, "description": ""}, "model": "iati_codelists.fileformat", "pk": "application/vnd.openxmlformats-officedocument.drawingml.chart+xml"}, {"fields": {"category": "", "codelist_iati_version": "2.01", "name": "application/vnd.openxmlformats-officedocument.drawingml.diagramColors+xml", "codelist_successor": null, "description": ""}, "model": "iati_codelists.fileformat", "pk": "application/vnd.openxmlformats-officedocument.drawingml.diagramColors+xml"}, {"fields": {"category": "", "codelist_iati_version": "2.01", "name": "application/vnd.openxmlformats-officedocument.drawingml.diagramData+xml", "codelist_successor": null, "description": ""}, "model": "iati_codelists.fileformat", "pk": "application/vnd.openxmlformats-officedocument.drawingml.diagramData+xml"}, {"fields": {"category": "", "codelist_iati_version": "2.01", "name": "application/vnd.openxmlformats-officedocument.drawingml.diagramLayout+xml", "codelist_successor": null, "description": ""}, "model": "iati_codelists.fileformat", "pk": "application/vnd.openxmlformats-officedocument.drawingml.diagramLayout+xml"}, {"fields": {"category": "", "codelist_iati_version": "2.01", "name": "application/vnd.openxmlformats-officedocument.drawingml.diagramStyle+xml", "codelist_successor": null, "description": ""}, "model": "iati_codelists.fileformat", "pk": "application/vnd.openxmlformats-officedocument.drawingml.diagramStyle+xml"}, {"fields": {"category": "", "codelist_iati_version": "2.01", "name": "application/vnd.openxmlformats-officedocument.drawing+xml", "codelist_successor": null, "description": ""}, "model": "iati_codelists.fileformat", "pk": "application/vnd.openxmlformats-officedocument.drawing+xml"}, {"fields": {"category": "", "codelist_iati_version": "2.01", "name": "application/vnd.openxmlformats-officedocument.extended-properties+xml", "codelist_successor": null, "description": ""}, "model": "iati_codelists.fileformat", "pk": "application/vnd.openxmlformats-officedocument.extended-properties+xml"}, {"fields": {"category": "", "codelist_iati_version": "2.01", "name": "application/vnd.openxmlformats-officedocument.presentationml.commentAuthors+xml", "codelist_successor": null, "description": ""}, "model": "iati_codelists.fileformat", "pk": "application/vnd.openxmlformats-officedocument.presentationml.commentAuthors+xml"}, {"fields": {"category": "", "codelist_iati_version": "2.01", "name": "application/vnd.openxmlformats-officedocument.presentationml.comments+xml", "codelist_successor": null, "description": ""}, "model": "iati_codelists.fileformat", "pk": "application/vnd.openxmlformats-officedocument.presentationml.comments+xml"}, {"fields": {"category": "", "codelist_iati_version": "2.01", "name": "application/vnd.openxmlformats-officedocument.presentationml.handoutMaster+xml", "codelist_successor": null, "description": ""}, "model": "iati_codelists.fileformat", "pk": "application/vnd.openxmlformats-officedocument.presentationml.handoutMaster+xml"}, {"fields": {"category": "", "codelist_iati_version": "2.01", "name": "application/vnd.openxmlformats-officedocument.presentationml.notesMaster+xml", "codelist_successor": null, "description": ""}, "model": "iati_codelists.fileformat", "pk": "application/vnd.openxmlformats-officedocument.presentationml.notesMaster+xml"}, {"fields": {"category": "", "codelist_iati_version": "2.01", "name": "application/vnd.openxmlformats-officedocument.presentationml.notesSlide+xml", "codelist_successor": null, "description": ""}, "model": "iati_codelists.fileformat", "pk": "application/vnd.openxmlformats-officedocument.presentationml.notesSlide+xml"}, {"fields": {"category": "", "codelist_iati_version": "2.01", "name": "application/vnd.openxmlformats-officedocument.presentationml.presentation", "codelist_successor": null, "description": ""}, "model": "iati_codelists.fileformat", "pk": "application/vnd.openxmlformats-officedocument.presentationml.presentation"}, {"fields": {"category": "", "codelist_iati_version": "2.01", "name": "application/vnd.openxmlformats-officedocument.presentationml.presentation.main+xml", "codelist_successor": null, "description": ""}, "model": "iati_codelists.fileformat", "pk": "application/vnd.openxmlformats-officedocument.presentationml.presentation.main+xml"}, {"fields": {"category": "", "codelist_iati_version": "2.01", "name": "application/vnd.openxmlformats-officedocument.presentationml.presProps+xml", "codelist_successor": null, "description": ""}, "model": "iati_codelists.fileformat", "pk": "application/vnd.openxmlformats-officedocument.presentationml.presProps+xml"}, {"fields": {"category": "", "codelist_iati_version": "2.01", "name": "application/vnd.openxmlformats-officedocument.presentationml.slide", "codelist_successor": null, "description": ""}, "model": "iati_codelists.fileformat", "pk": "application/vnd.openxmlformats-officedocument.presentationml.slide"}, {"fields": {"category": "", "codelist_iati_version": "2.01", "name": "application/vnd.openxmlformats-officedocument.presentationml.slideLayout+xml", "codelist_successor": null, "description": ""}, "model": "iati_codelists.fileformat", "pk": "application/vnd.openxmlformats-officedocument.presentationml.slideLayout+xml"}, {"fields": {"category": "", "codelist_iati_version": "2.01", "name": "application/vnd.openxmlformats-officedocument.presentationml.slideMaster+xml", "codelist_successor": null, "description": ""}, "model": "iati_codelists.fileformat", "pk": "application/vnd.openxmlformats-officedocument.presentationml.slideMaster+xml"}, {"fields": {"category": "", "codelist_iati_version": "2.01", "name": "application/vnd.openxmlformats-officedocument.presentationml.slideshow", "codelist_successor": null, "description": ""}, "model": "iati_codelists.fileformat", "pk": "application/vnd.openxmlformats-officedocument.presentationml.slideshow"}, {"fields": {"category": "", "codelist_iati_version": "2.01", "name": "application/vnd.openxmlformats-officedocument.presentationml.slideshow.main+xml", "codelist_successor": null, "description": ""}, "model": "iati_codelists.fileformat", "pk": "application/vnd.openxmlformats-officedocument.presentationml.slideshow.main+xml"}, {"fields": {"category": "", "codelist_iati_version": "2.01", "name": "application/vnd.openxmlformats-officedocument.presentationml.slideUpdateInfo+xml", "codelist_successor": null, "description": ""}, "model": "iati_codelists.fileformat", "pk": "application/vnd.openxmlformats-officedocument.presentationml.slideUpdateInfo+xml"}, {"fields": {"category": "", "codelist_iati_version": "2.01", "name": "application/vnd.openxmlformats-officedocument.presentationml.slide+xml", "codelist_successor": null, "description": ""}, "model": "iati_codelists.fileformat", "pk": "application/vnd.openxmlformats-officedocument.presentationml.slide+xml"}, {"fields": {"category": "", "codelist_iati_version": "2.01", "name": "application/vnd.openxmlformats-officedocument.presentationml.tableStyles+xml", "codelist_successor": null, "description": ""}, "model": "iati_codelists.fileformat", "pk": "application/vnd.openxmlformats-officedocument.presentationml.tableStyles+xml"}, {"fields": {"category": "", "codelist_iati_version": "2.01", "name": "application/vnd.openxmlformats-officedocument.presentationml.tags+xml", "codelist_successor": null, "description": ""}, "model": "iati_codelists.fileformat", "pk": "application/vnd.openxmlformats-officedocument.presentationml.tags+xml"}, {"fields": {"category": "", "codelist_iati_version": "2.01", "name": "application/vnd.openxmlformats-officedocument.presentationml.template", "codelist_successor": null, "description": ""}, "model": "iati_codelists.fileformat", "pk": "application/vnd.openxmlformats-officedocument.presentationml.template"}, {"fields": {"category": "", "codelist_iati_version": "2.01", "name": "application/vnd.openxmlformats-officedocument.presentationml.template.main+xml", "codelist_successor": null, "description": ""}, "model": "iati_codelists.fileformat", "pk": "application/vnd.openxmlformats-officedocument.presentationml.template.main+xml"}, {"fields": {"category": "", "codelist_iati_version": "2.01", "name": "application/vnd.openxmlformats-officedocument.presentationml.viewProps+xml", "codelist_successor": null, "description": ""}, "model": "iati_codelists.fileformat", "pk": "application/vnd.openxmlformats-officedocument.presentationml.viewProps+xml"}, {"fields": {"category": "", "codelist_iati_version": "2.01", "name": "application/vnd.openxmlformats-officedocument.spreadsheetml.calcChain+xml", "codelist_successor": null, "description": ""}, "model": "iati_codelists.fileformat", "pk": "application/vnd.openxmlformats-officedocument.spreadsheetml.calcChain+xml"}, {"fields": {"category": "", "codelist_iati_version": "2.01", "name": "application/vnd.openxmlformats-officedocument.spreadsheetml.chartsheet+xml", "codelist_successor": null, "description": ""}, "model": "iati_codelists.fileformat", "pk": "application/vnd.openxmlformats-officedocument.spreadsheetml.chartsheet+xml"}, {"fields": {"category": "", "codelist_iati_version": "2.01", "name": "application/vnd.openxmlformats-officedocument.spreadsheetml.comments+xml", "codelist_successor": null, "description": ""}, "model": "iati_codelists.fileformat", "pk": "application/vnd.openxmlformats-officedocument.spreadsheetml.comments+xml"}, {"fields": {"category": "", "codelist_iati_version": "2.01", "name": "application/vnd.openxmlformats-officedocument.spreadsheetml.connections+xml", "codelist_successor": null, "description": ""}, "model": "iati_codelists.fileformat", "pk": "application/vnd.openxmlformats-officedocument.spreadsheetml.connections+xml"}, {"fields": {"category": "", "codelist_iati_version": "2.01", "name": "application/vnd.openxmlformats-officedocument.spreadsheetml.dialogsheet+xml", "codelist_successor": null, "description": ""}, "model": "iati_codelists.fileformat", "pk": "application/vnd.openxmlformats-officedocument.spreadsheetml.dialogsheet+xml"}, {"fields": {"category": "", "codelist_iati_version": "2.01", "name": "application/vnd.openxmlformats-officedocument.spreadsheetml.externalLink+xml", "codelist_successor": null, "description": ""}, "model": "iati_codelists.fileformat", "pk": "application/vnd.openxmlformats-officedocument.spreadsheetml.externalLink+xml"}, {"fields": {"category": "", "codelist_iati_version": "2.01", "name": "application/vnd.openxmlformats-officedocument.spreadsheetml.pivotCacheDefinition+xml", "codelist_successor": null, "description": ""}, "model": "iati_codelists.fileformat", "pk": "application/vnd.openxmlformats-officedocument.spreadsheetml.pivotCacheDefinition+xml"}, {"fields": {"category": "", "codelist_iati_version": "2.01", "name": "application/vnd.openxmlformats-officedocument.spreadsheetml.pivotCacheRecords+xml", "codelist_successor": null, "description": ""}, "model": "iati_codelists.fileformat", "pk": "application/vnd.openxmlformats-officedocument.spreadsheetml.pivotCacheRecords+xml"}, {"fields": {"category": "", "codelist_iati_version": "2.01", "name": "application/vnd.openxmlformats-officedocument.spreadsheetml.pivotTable+xml", "codelist_successor": null, "description": ""}, "model": "iati_codelists.fileformat", "pk": "application/vnd.openxmlformats-officedocument.spreadsheetml.pivotTable+xml"}, {"fields": {"category": "", "codelist_iati_version": "2.01", "name": "application/vnd.openxmlformats-officedocument.spreadsheetml.queryTable+xml", "codelist_successor": null, "description": ""}, "model": "iati_codelists.fileformat", "pk": "application/vnd.openxmlformats-officedocument.spreadsheetml.queryTable+xml"}, {"fields": {"category": "", "codelist_iati_version": "2.01", "name": "application/vnd.openxmlformats-officedocument.spreadsheetml.revisionHeaders+xml", "codelist_successor": null, "description": ""}, "model": "iati_codelists.fileformat", "pk": "application/vnd.openxmlformats-officedocument.spreadsheetml.revisionHeaders+xml"}, {"fields": {"category": "", "codelist_iati_version": "2.01", "name": "application/vnd.openxmlformats-officedocument.spreadsheetml.revisionLog+xml", "codelist_successor": null, "description": ""}, "model": "iati_codelists.fileformat", "pk": "application/vnd.openxmlformats-officedocument.spreadsheetml.revisionLog+xml"}, {"fields": {"category": "", "codelist_iati_version": "2.01", "name": "application/vnd.openxmlformats-officedocument.spreadsheetml.sharedStrings+xml", "codelist_successor": null, "description": ""}, "model": "iati_codelists.fileformat", "pk": "application/vnd.openxmlformats-officedocument.spreadsheetml.sharedStrings+xml"}, {"fields": {"category": "", "codelist_iati_version": "2.01", "name": "application/vnd.openxmlformats-officedocument.spreadsheetml.sheet", "codelist_successor": null, "description": ""}, "model": "iati_codelists.fileformat", "pk": "application/vnd.openxmlformats-officedocument.spreadsheetml.sheet"}, {"fields": {"category": "", "codelist_iati_version": "2.01", "name": "application/vnd.openxmlformats-officedocument.spreadsheetml.sheet.main+xml", "codelist_successor": null, "description": ""}, "model": "iati_codelists.fileformat", "pk": "application/vnd.openxmlformats-officedocument.spreadsheetml.sheet.main+xml"}, {"fields": {"category": "", "codelist_iati_version": "2.01", "name": "application/vnd.openxmlformats-officedocument.spreadsheetml.sheetMetadata+xml", "codelist_successor": null, "description": ""}, "model": "iati_codelists.fileformat", "pk": "application/vnd.openxmlformats-officedocument.spreadsheetml.sheetMetadata+xml"}, {"fields": {"category": "", "codelist_iati_version": "2.01", "name": "application/vnd.openxmlformats-officedocument.spreadsheetml.styles+xml", "codelist_successor": null, "description": ""}, "model": "iati_codelists.fileformat", "pk": "application/vnd.openxmlformats-officedocument.spreadsheetml.styles+xml"}, {"fields": {"category": "", "codelist_iati_version": "2.01", "name": "application/vnd.openxmlformats-officedocument.spreadsheetml.tableSingleCells+xml", "codelist_successor": null, "description": ""}, "model": "iati_codelists.fileformat", "pk": "application/vnd.openxmlformats-officedocument.spreadsheetml.tableSingleCells+xml"}, {"fields": {"category": "", "codelist_iati_version": "2.01", "name": "application/vnd.openxmlformats-officedocument.spreadsheetml.table+xml", "codelist_successor": null, "description": ""}, "model": "iati_codelists.fileformat", "pk": "application/vnd.openxmlformats-officedocument.spreadsheetml.table+xml"}, {"fields": {"category": "", "codelist_iati_version": "2.01", "name": "application/vnd.openxmlformats-officedocument.spreadsheetml.template", "codelist_successor": null, "description": ""}, "model": "iati_codelists.fileformat", "pk": "application/vnd.openxmlformats-officedocument.spreadsheetml.template"}, {"fields": {"category": "", "codelist_iati_version": "2.01", "name": "application/vnd.openxmlformats-officedocument.spreadsheetml.template.main+xml", "codelist_successor": null, "description": ""}, "model": "iati_codelists.fileformat", "pk": "application/vnd.openxmlformats-officedocument.spreadsheetml.template.main+xml"}, {"fields": {"category": "", "codelist_iati_version": "2.01", "name": "application/vnd.openxmlformats-officedocument.spreadsheetml.userNames+xml", "codelist_successor": null, "description": ""}, "model": "iati_codelists.fileformat", "pk": "application/vnd.openxmlformats-officedocument.spreadsheetml.userNames+xml"}, {"fields": {"category": "", "codelist_iati_version": "2.01", "name": "application/vnd.openxmlformats-officedocument.spreadsheetml.volatileDependencies+xml", "codelist_successor": null, "description": ""}, "model": "iati_codelists.fileformat", "pk": "application/vnd.openxmlformats-officedocument.spreadsheetml.volatileDependencies+xml"}, {"fields": {"category": "", "codelist_iati_version": "2.01", "name": "application/vnd.openxmlformats-officedocument.spreadsheetml.worksheet+xml", "codelist_successor": null, "description": ""}, "model": "iati_codelists.fileformat", "pk": "application/vnd.openxmlformats-officedocument.spreadsheetml.worksheet+xml"}, {"fields": {"category": "", "codelist_iati_version": "2.01", "name": "application/vnd.openxmlformats-officedocument.themeOverride+xml", "codelist_successor": null, "description": ""}, "model": "iati_codelists.fileformat", "pk": "application/vnd.openxmlformats-officedocument.themeOverride+xml"}, {"fields": {"category": "", "codelist_iati_version": "2.01", "name": "application/vnd.openxmlformats-officedocument.theme+xml", "codelist_successor": null, "description": ""}, "model": "iati_codelists.fileformat", "pk": "application/vnd.openxmlformats-officedocument.theme+xml"}, {"fields": {"category": "", "codelist_iati_version": "2.01", "name": "application/vnd.openxmlformats-officedocument.vmlDrawing", "codelist_successor": null, "description": ""}, "model": "iati_codelists.fileformat", "pk": "application/vnd.openxmlformats-officedocument.vmlDrawing"}, {"fields": {"category": "", "codelist_iati_version": "2.01", "name": "application/vnd.openxmlformats-officedocument.wordprocessingml.comments+xml", "codelist_successor": null, "description": ""}, "model": "iati_codelists.fileformat", "pk": "application/vnd.openxmlformats-officedocument.wordprocessingml.comments+xml"}, {"fields": {"category": "", "codelist_iati_version": "2.01", "name": "application/vnd.openxmlformats-officedocument.wordprocessingml.document", "codelist_successor": null, "description": ""}, "model": "iati_codelists.fileformat", "pk": "application/vnd.openxmlformats-officedocument.wordprocessingml.document"}, {"fields": {"category": "", "codelist_iati_version": "2.01", "name": "application/vnd.openxmlformats-officedocument.wordprocessingml.document.glossary+xml", "codelist_successor": null, "description": ""}, "model": "iati_codelists.fileformat", "pk": "application/vnd.openxmlformats-officedocument.wordprocessingml.document.glossary+xml"}, {"fields": {"category": "", "codelist_iati_version": "2.01", "name": "application/vnd.openxmlformats-officedocument.wordprocessingml.document.main+xml", "codelist_successor": null, "description": ""}, "model": "iati_codelists.fileformat", "pk": "application/vnd.openxmlformats-officedocument.wordprocessingml.document.main+xml"}, {"fields": {"category": "", "codelist_iati_version": "2.01", "name": "application/vnd.openxmlformats-officedocument.wordprocessingml.endnotes+xml", "codelist_successor": null, "description": ""}, "model": "iati_codelists.fileformat", "pk": "application/vnd.openxmlformats-officedocument.wordprocessingml.endnotes+xml"}, {"fields": {"category": "", "codelist_iati_version": "2.01", "name": "application/vnd.openxmlformats-officedocument.wordprocessingml.fontTable+xml", "codelist_successor": null, "description": ""}, "model": "iati_codelists.fileformat", "pk": "application/vnd.openxmlformats-officedocument.wordprocessingml.fontTable+xml"}, {"fields": {"category": "", "codelist_iati_version": "2.01", "name": "application/vnd.openxmlformats-officedocument.wordprocessingml.footer+xml", "codelist_successor": null, "description": ""}, "model": "iati_codelists.fileformat", "pk": "application/vnd.openxmlformats-officedocument.wordprocessingml.footer+xml"}, {"fields": {"category": "", "codelist_iati_version": "2.01", "name": "application/vnd.openxmlformats-officedocument.wordprocessingml.footnotes+xml", "codelist_successor": null, "description": ""}, "model": "iati_codelists.fileformat", "pk": "application/vnd.openxmlformats-officedocument.wordprocessingml.footnotes+xml"}, {"fields": {"category": "", "codelist_iati_version": "2.01", "name": "application/vnd.openxmlformats-officedocument.wordprocessingml.numbering+xml", "codelist_successor": null, "description": ""}, "model": "iati_codelists.fileformat", "pk": "application/vnd.openxmlformats-officedocument.wordprocessingml.numbering+xml"}, {"fields": {"category": "", "codelist_iati_version": "2.01", "name": "application/vnd.openxmlformats-officedocument.wordprocessingml.settings+xml", "codelist_successor": null, "description": ""}, "model": "iati_codelists.fileformat", "pk": "application/vnd.openxmlformats-officedocument.wordprocessingml.settings+xml"}, {"fields": {"category": "", "codelist_iati_version": "2.01", "name": "application/vnd.openxmlformats-officedocument.wordprocessingml.styles+xml", "codelist_successor": null, "description": ""}, "model": "iati_codelists.fileformat", "pk": "application/vnd.openxmlformats-officedocument.wordprocessingml.styles+xml"}, {"fields": {"category": "", "codelist_iati_version": "2.01", "name": "application/vnd.openxmlformats-officedocument.wordprocessingml.template", "codelist_successor": null, "description": ""}, "model": "iati_codelists.fileformat", "pk": "application/vnd.openxmlformats-officedocument.wordprocessingml.template"}, {"fields": {"category": "", "codelist_iati_version": "2.01", "name": "application/vnd.openxmlformats-officedocument.wordprocessingml.template.main+xml", "codelist_successor": null, "description": ""}, "model": "iati_codelists.fileformat", "pk": "application/vnd.openxmlformats-officedocument.wordprocessingml.template.main+xml"}, {"fields": {"category": "", "codelist_iati_version": "2.01", "name": "application/vnd.openxmlformats-officedocument.wordprocessingml.webSettings+xml", "codelist_successor": null, "description": ""}, "model": "iati_codelists.fileformat", "pk": "application/vnd.openxmlformats-officedocument.wordprocessingml.webSettings+xml"}, {"fields": {"category": "", "codelist_iati_version": "2.01", "name": "application/vnd.openxmlformats-package.core-properties+xml", "codelist_successor": null, "description": ""}, "model": "iati_codelists.fileformat", "pk": "application/vnd.openxmlformats-package.core-properties+xml"}, {"fields": {"category": "", "codelist_iati_version": "2.01", "name": "application/vnd.openxmlformats-package.digital-signature-xmlsignature+xml", "codelist_successor": null, "description": ""}, "model": "iati_codelists.fileformat", "pk": "application/vnd.openxmlformats-package.digital-signature-xmlsignature+xml"}, {"fields": {"category": "", "codelist_iati_version": "2.01", "name": "application/vnd.openxmlformats-package.relationships+xml", "codelist_successor": null, "description": ""}, "model": "iati_codelists.fileformat", "pk": "application/vnd.openxmlformats-package.relationships+xml"}, {"fields": {"category": "", "codelist_iati_version": "2.01", "name": "application/vnd.orange.indata", "codelist_successor": null, "description": ""}, "model": "iati_codelists.fileformat", "pk": "application/vnd.orange.indata"}, {"fields": {"category": "", "codelist_iati_version": "2.01", "name": "application/vnd.osa.netdeploy", "codelist_successor": null, "description": ""}, "model": "iati_codelists.fileformat", "pk": "application/vnd.osa.netdeploy"}, {"fields": {"category": "", "codelist_iati_version": "2.01", "name": "application/vnd.osgeo.mapguide.package", "codelist_successor": null, "description": ""}, "model": "iati_codelists.fileformat", "pk": "application/vnd.osgeo.mapguide.package"}, {"fields": {"category": "", "codelist_iati_version": "2.01", "name": "application/vnd.osgi.bundle", "codelist_successor": null, "description": ""}, "model": "iati_codelists.fileformat", "pk": "application/vnd.osgi.bundle"}, {"fields": {"category": "", "codelist_iati_version": "2.01", "name": "application/vnd.osgi.dp", "codelist_successor": null, "description": ""}, "model": "iati_codelists.fileformat", "pk": "application/vnd.osgi.dp"}, {"fields": {"category": "", "codelist_iati_version": "2.01", "name": "application/vnd.osgi.subsystem", "codelist_successor": null, "description": ""}, "model": "iati_codelists.fileformat", "pk": "application/vnd.osgi.subsystem"}, {"fields": {"category": "", "codelist_iati_version": "2.01", "name": "application/vnd.otps.ct-kip+xml", "codelist_successor": null, "description": ""}, "model": "iati_codelists.fileformat", "pk": "application/vnd.otps.ct-kip+xml"}, {"fields": {"category": "", "codelist_iati_version": "2.01", "name": "application/vnd.palm", "codelist_successor": null, "description": ""}, "model": "iati_codelists.fileformat", "pk": "application/vnd.palm"}, {"fields": {"category": "", "codelist_iati_version": "2.01", "name": "application/vnd.paos.xml", "codelist_successor": null, "description": ""}, "model": "iati_codelists.fileformat", "pk": "application/vnd.paos.xml"}, {"fields": {"category": "", "codelist_iati_version": "2.01", "name": "application/vnd.pawaafile", "codelist_successor": null, "description": ""}, "model": "iati_codelists.fileformat", "pk": "application/vnd.pawaafile"}, {"fields": {"category": "", "codelist_iati_version": "2.01", "name": "application/vnd.pcos", "codelist_successor": null, "description": ""}, "model": "iati_codelists.fileformat", "pk": "application/vnd.pcos"}, {"fields": {"category": "", "codelist_iati_version": "2.01", "name": "application/vnd.pg.format", "codelist_successor": null, "description": ""}, "model": "iati_codelists.fileformat", "pk": "application/vnd.pg.format"}, {"fields": {"category": "", "codelist_iati_version": "2.01", "name": "application/vnd.pg.osasli", "codelist_successor": null, "description": ""}, "model": "iati_codelists.fileformat", "pk": "application/vnd.pg.osasli"}, {"fields": {"category": "", "codelist_iati_version": "2.01", "name": "application/vnd.piaccess.application-licence", "codelist_successor": null, "description": ""}, "model": "iati_codelists.fileformat", "pk": "application/vnd.piaccess.application-licence"}, {"fields": {"category": "", "codelist_iati_version": "2.01", "name": "application/vnd.picsel", "codelist_successor": null, "description": ""}, "model": "iati_codelists.fileformat", "pk": "application/vnd.picsel"}, {"fields": {"category": "", "codelist_iati_version": "2.01", "name": "application/vnd.pmi.widget", "codelist_successor": null, "description": ""}, "model": "iati_codelists.fileformat", "pk": "application/vnd.pmi.widget"}, {"fields": {"category": "", "codelist_iati_version": "2.01", "name": "application/vnd.poc.group-advertisement+xml", "codelist_successor": null, "description": ""}, "model": "iati_codelists.fileformat", "pk": "application/vnd.poc.group-advertisement+xml"}, {"fields": {"category": "", "codelist_iati_version": "2.01", "name": "application/vnd.pocketlearn", "codelist_successor": null, "description": ""}, "model": "iati_codelists.fileformat", "pk": "application/vnd.pocketlearn"}, {"fields": {"category": "", "codelist_iati_version": "2.01", "name": "application/vnd.powerbuilder6", "codelist_successor": null, "description": ""}, "model": "iati_codelists.fileformat", "pk": "application/vnd.powerbuilder6"}, {"fields": {"category": "", "codelist_iati_version": "2.01", "name": "application/vnd.powerbuilder6-s", "codelist_successor": null, "description": ""}, "model": "iati_codelists.fileformat", "pk": "application/vnd.powerbuilder6-s"}, {"fields": {"category": "", "codelist_iati_version": "2.01", "name": "application/vnd.powerbuilder7", "codelist_successor": null, "description": ""}, "model": "iati_codelists.fileformat", "pk": "application/vnd.powerbuilder7"}, {"fields": {"category": "", "codelist_iati_version": "2.01", "name": "application/vnd.powerbuilder75", "codelist_successor": null, "description": ""}, "model": "iati_codelists.fileformat", "pk": "application/vnd.powerbuilder75"}, {"fields": {"category": "", "codelist_iati_version": "2.01", "name": "application/vnd.powerbuilder75-s", "codelist_successor": null, "description": ""}, "model": "iati_codelists.fileformat", "pk": "application/vnd.powerbuilder75-s"}, {"fields": {"category": "", "codelist_iati_version": "2.01", "name": "application/vnd.powerbuilder7-s", "codelist_successor": null, "description": ""}, "model": "iati_codelists.fileformat", "pk": "application/vnd.powerbuilder7-s"}, {"fields": {"category": "", "codelist_iati_version": "2.01", "name": "application/vnd.preminet", "codelist_successor": null, "description": ""}, "model": "iati_codelists.fileformat", "pk": "application/vnd.preminet"}, {"fields": {"category": "", "codelist_iati_version": "2.01", "name": "application/vnd.previewsystems.box", "codelist_successor": null, "description": ""}, "model": "iati_codelists.fileformat", "pk": "application/vnd.previewsystems.box"}, {"fields": {"category": "", "codelist_iati_version": "2.01", "name": "application/vnd.proteus.magazine", "codelist_successor": null, "description": ""}, "model": "iati_codelists.fileformat", "pk": "application/vnd.proteus.magazine"}, {"fields": {"category": "", "codelist_iati_version": "2.01", "name": "application/vnd.publishare-delta-tree", "codelist_successor": null, "description": ""}, "model": "iati_codelists.fileformat", "pk": "application/vnd.publishare-delta-tree"}, {"fields": {"category": "", "codelist_iati_version": "2.01", "name": "application/vnd.pvi.ptid1", "codelist_successor": null, "description": ""}, "model": "iati_codelists.fileformat", "pk": "application/vnd.pvi.ptid1"}, {"fields": {"category": "", "codelist_iati_version": "2.01", "name": "application/vnd.pwg-multiplexed", "codelist_successor": null, "description": ""}, "model": "iati_codelists.fileformat", "pk": "application/vnd.pwg-multiplexed"}, {"fields": {"category": "", "codelist_iati_version": "2.01", "name": "application/vnd.pwg-xhtml-print+xml", "codelist_successor": null, "description": ""}, "model": "iati_codelists.fileformat", "pk": "application/vnd.pwg-xhtml-print+xml"}, {"fields": {"category": "", "codelist_iati_version": "2.01", "name": "application/vnd.qualcomm.brew-app-res", "codelist_successor": null, "description": ""}, "model": "iati_codelists.fileformat", "pk": "application/vnd.qualcomm.brew-app-res"}, {"fields": {"category": "", "codelist_iati_version": "2.01", "name": "application/vnd.Quark.QuarkXPress", "codelist_successor": null, "description": ""}, "model": "iati_codelists.fileformat", "pk": "application/vnd.Quark.QuarkXPress"}, {"fields": {"category": "", "codelist_iati_version": "2.01", "name": "application/vnd.quobject-quoxdocument", "codelist_successor": null, "description": ""}, "model": "iati_codelists.fileformat", "pk": "application/vnd.quobject-quoxdocument"}, {"fields": {"category": "", "codelist_iati_version": "2.01", "name": "application/vnd.radisys.moml+xml", "codelist_successor": null, "description": ""}, "model": "iati_codelists.fileformat", "pk": "application/vnd.radisys.moml+xml"}, {"fields": {"category": "", "codelist_iati_version": "2.01", "name": "application/vnd.radisys.msml-audit-conf+xml", "codelist_successor": null, "description": ""}, "model": "iati_codelists.fileformat", "pk": "application/vnd.radisys.msml-audit-conf+xml"}, {"fields": {"category": "", "codelist_iati_version": "2.01", "name": "application/vnd.radisys.msml-audit-conn+xml", "codelist_successor": null, "description": ""}, "model": "iati_codelists.fileformat", "pk": "application/vnd.radisys.msml-audit-conn+xml"}, {"fields": {"category": "", "codelist_iati_version": "2.01", "name": "application/vnd.radisys.msml-audit-dialog+xml", "codelist_successor": null, "description": ""}, "model": "iati_codelists.fileformat", "pk": "application/vnd.radisys.msml-audit-dialog+xml"}, {"fields": {"category": "", "codelist_iati_version": "2.01", "name": "application/vnd.radisys.msml-audit-stream+xml", "codelist_successor": null, "description": ""}, "model": "iati_codelists.fileformat", "pk": "application/vnd.radisys.msml-audit-stream+xml"}, {"fields": {"category": "", "codelist_iati_version": "2.01", "name": "application/vnd.radisys.msml-audit+xml", "codelist_successor": null, "description": ""}, "model": "iati_codelists.fileformat", "pk": "application/vnd.radisys.msml-audit+xml"}, {"fields": {"category": "", "codelist_iati_version": "2.01", "name": "application/vnd.radisys.msml-conf+xml", "codelist_successor": null, "description": ""}, "model": "iati_codelists.fileformat", "pk": "application/vnd.radisys.msml-conf+xml"}, {"fields": {"category": "", "codelist_iati_version": "2.01", "name": "application/vnd.radisys.msml-dialog-base+xml", "codelist_successor": null, "description": ""}, "model": "iati_codelists.fileformat", "pk": "application/vnd.radisys.msml-dialog-base+xml"}, {"fields": {"category": "", "codelist_iati_version": "2.01", "name": "application/vnd.radisys.msml-dialog-fax-detect+xml", "codelist_successor": null, "description": ""}, "model": "iati_codelists.fileformat", "pk": "application/vnd.radisys.msml-dialog-fax-detect+xml"}, {"fields": {"category": "", "codelist_iati_version": "2.01", "name": "application/vnd.radisys.msml-dialog-fax-sendrecv+xml", "codelist_successor": null, "description": ""}, "model": "iati_codelists.fileformat", "pk": "application/vnd.radisys.msml-dialog-fax-sendrecv+xml"}, {"fields": {"category": "", "codelist_iati_version": "2.01", "name": "application/vnd.radisys.msml-dialog-group+xml", "codelist_successor": null, "description": ""}, "model": "iati_codelists.fileformat", "pk": "application/vnd.radisys.msml-dialog-group+xml"}, {"fields": {"category": "", "codelist_iati_version": "2.01", "name": "application/vnd.radisys.msml-dialog-speech+xml", "codelist_successor": null, "description": ""}, "model": "iati_codelists.fileformat", "pk": "application/vnd.radisys.msml-dialog-speech+xml"}, {"fields": {"category": "", "codelist_iati_version": "2.01", "name": "application/vnd.radisys.msml-dialog-transform+xml", "codelist_successor": null, "description": ""}, "model": "iati_codelists.fileformat", "pk": "application/vnd.radisys.msml-dialog-transform+xml"}, {"fields": {"category": "", "codelist_iati_version": "2.01", "name": "application/vnd.radisys.msml-dialog+xml", "codelist_successor": null, "description": ""}, "model": "iati_codelists.fileformat", "pk": "application/vnd.radisys.msml-dialog+xml"}, {"fields": {"category": "", "codelist_iati_version": "2.01", "name": "application/vnd.radisys.msml+xml", "codelist_successor": null, "description": ""}, "model": "iati_codelists.fileformat", "pk": "application/vnd.radisys.msml+xml"}, {"fields": {"category": "", "codelist_iati_version": "2.01", "name": "application/vnd.rainstor.data", "codelist_successor": null, "description": ""}, "model": "iati_codelists.fileformat", "pk": "application/vnd.rainstor.data"}, {"fields": {"category": "", "codelist_iati_version": "2.01", "name": "application/vnd.rapid", "codelist_successor": null, "description": ""}, "model": "iati_codelists.fileformat", "pk": "application/vnd.rapid"}, {"fields": {"category": "", "codelist_iati_version": "2.01", "name": "application/vnd.realvnc.bed", "codelist_successor": null, "description": ""}, "model": "iati_codelists.fileformat", "pk": "application/vnd.realvnc.bed"}, {"fields": {"category": "", "codelist_iati_version": "2.01", "name": "application/vnd.recordare.musicxml", "codelist_successor": null, "description": ""}, "model": "iati_codelists.fileformat", "pk": "application/vnd.recordare.musicxml"}, {"fields": {"category": "", "codelist_iati_version": "2.01", "name": "application/vnd.recordare.musicxml+xml", "codelist_successor": null, "description": ""}, "model": "iati_codelists.fileformat", "pk": "application/vnd.recordare.musicxml+xml"}, {"fields": {"category": "", "codelist_iati_version": "2.01", "name": "application/vnd.RenLearn.rlprint", "codelist_successor": null, "description": ""}, "model": "iati_codelists.fileformat", "pk": "application/vnd.RenLearn.rlprint"}, {"fields": {"category": "", "codelist_iati_version": "2.01", "name": "application/vnd.rig.cryptonote", "codelist_successor": null, "description": ""}, "model": "iati_codelists.fileformat", "pk": "application/vnd.rig.cryptonote"}, {"fields": {"category": "", "codelist_iati_version": "2.01", "name": "application/vnd.route66.link66+xml", "codelist_successor": null, "description": ""}, "model": "iati_codelists.fileformat", "pk": "application/vnd.route66.link66+xml"}, {"fields": {"category": "", "codelist_iati_version": "2.01", "name": "application/vnd.rs-274x", "codelist_successor": null, "description": ""}, "model": "iati_codelists.fileformat", "pk": "application/vnd.rs-274x"}, {"fields": {"category": "", "codelist_iati_version": "2.01", "name": "application/vnd.ruckus.download", "codelist_successor": null, "description": ""}, "model": "iati_codelists.fileformat", "pk": "application/vnd.ruckus.download"}, {"fields": {"category": "", "codelist_iati_version": "2.01", "name": "application/vnd.s3sms", "codelist_successor": null, "description": ""}, "model": "iati_codelists.fileformat", "pk": "application/vnd.s3sms"}, {"fields": {"category": "", "codelist_iati_version": "2.01", "name": "application/vnd.sailingtracker.track", "codelist_successor": null, "description": ""}, "model": "iati_codelists.fileformat", "pk": "application/vnd.sailingtracker.track"}, {"fields": {"category": "", "codelist_iati_version": "2.01", "name": "application/vnd.sbm.cid", "codelist_successor": null, "description": ""}, "model": "iati_codelists.fileformat", "pk": "application/vnd.sbm.cid"}, {"fields": {"category": "", "codelist_iati_version": "2.01", "name": "application/vnd.sbm.mid2", "codelist_successor": null, "description": ""}, "model": "iati_codelists.fileformat", "pk": "application/vnd.sbm.mid2"}, {"fields": {"category": "", "codelist_iati_version": "2.01", "name": "application/vnd.scribus", "codelist_successor": null, "description": ""}, "model": "iati_codelists.fileformat", "pk": "application/vnd.scribus"}, {"fields": {"category": "", "codelist_iati_version": "2.01", "name": "application/vnd.sealed.3df", "codelist_successor": null, "description": ""}, "model": "iati_codelists.fileformat", "pk": "application/vnd.sealed.3df"}, {"fields": {"category": "", "codelist_iati_version": "2.01", "name": "application/vnd.sealed.csf", "codelist_successor": null, "description": ""}, "model": "iati_codelists.fileformat", "pk": "application/vnd.sealed.csf"}, {"fields": {"category": "", "codelist_iati_version": "2.01", "name": "application/vnd.sealed.doc", "codelist_successor": null, "description": ""}, "model": "iati_codelists.fileformat", "pk": "application/vnd.sealed.doc"}, {"fields": {"category": "", "codelist_iati_version": "2.01", "name": "application/vnd.sealed.eml", "codelist_successor": null, "description": ""}, "model": "iati_codelists.fileformat", "pk": "application/vnd.sealed.eml"}, {"fields": {"category": "", "codelist_iati_version": "2.01", "name": "application/vnd.sealedmedia.softseal.html", "codelist_successor": null, "description": ""}, "model": "iati_codelists.fileformat", "pk": "application/vnd.sealedmedia.softseal.html"}, {"fields": {"category": "", "codelist_iati_version": "2.01", "name": "application/vnd.sealedmedia.softseal.pdf", "codelist_successor": null, "description": ""}, "model": "iati_codelists.fileformat", "pk": "application/vnd.sealedmedia.softseal.pdf"}, {"fields": {"category": "", "codelist_iati_version": "2.01", "name": "application/vnd.sealed.mht", "codelist_successor": null, "description": ""}, "model": "iati_codelists.fileformat", "pk": "application/vnd.sealed.mht"}, {"fields": {"category": "", "codelist_iati_version": "2.01", "name": "application/vnd.sealed.net", "codelist_successor": null, "description": ""}, "model": "iati_codelists.fileformat", "pk": "application/vnd.sealed.net"}, {"fields": {"category": "", "codelist_iati_version": "2.01", "name": "application/vnd.sealed.ppt", "codelist_successor": null, "description": ""}, "model": "iati_codelists.fileformat", "pk": "application/vnd.sealed.ppt"}, {"fields": {"category": "", "codelist_iati_version": "2.01", "name": "application/vnd.sealed.tiff", "codelist_successor": null, "description": ""}, "model": "iati_codelists.fileformat", "pk": "application/vnd.sealed.tiff"}, {"fields": {"category": "", "codelist_iati_version": "2.01", "name": "application/vnd.sealed.xls", "codelist_successor": null, "description": ""}, "model": "iati_codelists.fileformat", "pk": "application/vnd.sealed.xls"}, {"fields": {"category": "", "codelist_iati_version": "2.01", "name": "application/vnd.seemail", "codelist_successor": null, "description": ""}, "model": "iati_codelists.fileformat", "pk": "application/vnd.seemail"}, {"fields": {"category": "", "codelist_iati_version": "2.01", "name": "application/vnd.sema", "codelist_successor": null, "description": ""}, "model": "iati_codelists.fileformat", "pk": "application/vnd.sema"}, {"fields": {"category": "", "codelist_iati_version": "2.01", "name": "application/vnd.semd", "codelist_successor": null, "description": ""}, "model": "iati_codelists.fileformat", "pk": "application/vnd.semd"}, {"fields": {"category": "", "codelist_iati_version": "2.01", "name": "application/vnd.semf", "codelist_successor": null, "description": ""}, "model": "iati_codelists.fileformat", "pk": "application/vnd.semf"}, {"fields": {"category": "", "codelist_iati_version": "2.01", "name": "application/vnd.shana.informed.formdata", "codelist_successor": null, "description": ""}, "model": "iati_codelists.fileformat", "pk": "application/vnd.shana.informed.formdata"}, {"fields": {"category": "", "codelist_iati_version": "2.01", "name": "application/vnd.shana.informed.formtemplate", "codelist_successor": null, "description": ""}, "model": "iati_codelists.fileformat", "pk": "application/vnd.shana.informed.formtemplate"}, {"fields": {"category": "", "codelist_iati_version": "2.01", "name": "application/vnd.shana.informed.interchange", "codelist_successor": null, "description": ""}, "model": "iati_codelists.fileformat", "pk": "application/vnd.shana.informed.interchange"}, {"fields": {"category": "", "codelist_iati_version": "2.01", "name": "application/vnd.shana.informed.package", "codelist_successor": null, "description": ""}, "model": "iati_codelists.fileformat", "pk": "application/vnd.shana.informed.package"}, {"fields": {"category": "", "codelist_iati_version": "2.01", "name": "application/vnd.SimTech-MindMapper", "codelist_successor": null, "description": ""}, "model": "iati_codelists.fileformat", "pk": "application/vnd.SimTech-MindMapper"}, {"fields": {"category": "", "codelist_iati_version": "2.01", "name": "application/vnd.siren+json", "codelist_successor": null, "description": ""}, "model": "iati_codelists.fileformat", "pk": "application/vnd.siren+json"}, {"fields": {"category": "", "codelist_iati_version": "2.01", "name": "application/vnd.smaf", "codelist_successor": null, "description": ""}, "model": "iati_codelists.fileformat", "pk": "application/vnd.smaf"}, {"fields": {"category": "", "codelist_iati_version": "2.01", "name": "application/vnd.smart.notebook", "codelist_successor": null, "description": ""}, "model": "iati_codelists.fileformat", "pk": "application/vnd.smart.notebook"}, {"fields": {"category": "", "codelist_iati_version": "2.01", "name": "application/vnd.smart.teacher", "codelist_successor": null, "description": ""}, "model": "iati_codelists.fileformat", "pk": "application/vnd.smart.teacher"}, {"fields": {"category": "", "codelist_iati_version": "2.01", "name": "application/vnd.software602.filler.form+xml", "codelist_successor": null, "description": ""}, "model": "iati_codelists.fileformat", "pk": "application/vnd.software602.filler.form+xml"}, {"fields": {"category": "", "codelist_iati_version": "2.01", "name": "application/vnd.software602.filler.form-xml-zip", "codelist_successor": null, "description": ""}, "model": "iati_codelists.fileformat", "pk": "application/vnd.software602.filler.form-xml-zip"}, {"fields": {"category": "", "codelist_iati_version": "2.01", "name": "application/vnd.solent.sdkm+xml", "codelist_successor": null, "description": ""}, "model": "iati_codelists.fileformat", "pk": "application/vnd.solent.sdkm+xml"}, {"fields": {"category": "", "codelist_iati_version": "2.01", "name": "application/vnd.spotfire.dxp", "codelist_successor": null, "description": ""}, "model": "iati_codelists.fileformat", "pk": "application/vnd.spotfire.dxp"}, {"fields": {"category": "", "codelist_iati_version": "2.01", "name": "application/vnd.spotfire.sfs", "codelist_successor": null, "description": ""}, "model": "iati_codelists.fileformat", "pk": "application/vnd.spotfire.sfs"}, {"fields": {"category": "", "codelist_iati_version": "2.01", "name": "application/vnd.sss-cod", "codelist_successor": null, "description": ""}, "model": "iati_codelists.fileformat", "pk": "application/vnd.sss-cod"}, {"fields": {"category": "", "codelist_iati_version": "2.01", "name": "application/vnd.sss-dtf", "codelist_successor": null, "description": ""}, "model": "iati_codelists.fileformat", "pk": "application/vnd.sss-dtf"}, {"fields": {"category": "", "codelist_iati_version": "2.01", "name": "application/vnd.sss-ntf", "codelist_successor": null, "description": ""}, "model": "iati_codelists.fileformat", "pk": "application/vnd.sss-ntf"}, {"fields": {"category": "", "codelist_iati_version": "2.01", "name": "application/vnd.stepmania.package", "codelist_successor": null, "description": ""}, "model": "iati_codelists.fileformat", "pk": "application/vnd.stepmania.package"}, {"fields": {"category": "", "codelist_iati_version": "2.01", "name": "application/vnd.stepmania.stepchart", "codelist_successor": null, "description": ""}, "model": "iati_codelists.fileformat", "pk": "application/vnd.stepmania.stepchart"}, {"fields": {"category": "", "codelist_iati_version": "2.01", "name": "application/vnd.street-stream", "codelist_successor": null, "description": ""}, "model": "iati_codelists.fileformat", "pk": "application/vnd.street-stream"}, {"fields": {"category": "", "codelist_iati_version": "2.01", "name": "application/vnd.sun.wadl+xml", "codelist_successor": null, "description": ""}, "model": "iati_codelists.fileformat", "pk": "application/vnd.sun.wadl+xml"}, {"fields": {"category": "", "codelist_iati_version": "2.01", "name": "application/vnd.sus-calendar", "codelist_successor": null, "description": ""}, "model": "iati_codelists.fileformat", "pk": "application/vnd.sus-calendar"}, {"fields": {"category": "", "codelist_iati_version": "2.01", "name": "application/vnd.svd", "codelist_successor": null, "description": ""}, "model": "iati_codelists.fileformat", "pk": "application/vnd.svd"}, {"fields": {"category": "", "codelist_iati_version": "2.01", "name": "application/vnd.swiftview-ics", "codelist_successor": null, "description": ""}, "model": "iati_codelists.fileformat", "pk": "application/vnd.swiftview-ics"}, {"fields": {"category": "", "codelist_iati_version": "2.01", "name": "application/vnd.syncml.dmddf+wbxml", "codelist_successor": null, "description": ""}, "model": "iati_codelists.fileformat", "pk": "application/vnd.syncml.dmddf+wbxml"}, {"fields": {"category": "", "codelist_iati_version": "2.01", "name": "application/vnd.syncml.dmddf+xml", "codelist_successor": null, "description": ""}, "model": "iati_codelists.fileformat", "pk": "application/vnd.syncml.dmddf+xml"}, {"fields": {"category": "", "codelist_iati_version": "2.01", "name": "application/vnd.syncml.dm.notification", "codelist_successor": null, "description": ""}, "model": "iati_codelists.fileformat", "pk": "application/vnd.syncml.dm.notification"}, {"fields": {"category": "", "codelist_iati_version": "2.01", "name": "application/vnd.syncml.dmtnds+wbxml", "codelist_successor": null, "description": ""}, "model": "iati_codelists.fileformat", "pk": "application/vnd.syncml.dmtnds+wbxml"}, {"fields": {"category": "", "codelist_iati_version": "2.01", "name": "application/vnd.syncml.dmtnds+xml", "codelist_successor": null, "description": ""}, "model": "iati_codelists.fileformat", "pk": "application/vnd.syncml.dmtnds+xml"}, {"fields": {"category": "", "codelist_iati_version": "2.01", "name": "application/vnd.syncml.dm+wbxml", "codelist_successor": null, "description": ""}, "model": "iati_codelists.fileformat", "pk": "application/vnd.syncml.dm+wbxml"}, {"fields": {"category": "", "codelist_iati_version": "2.01", "name": "application/vnd.syncml.dm+xml", "codelist_successor": null, "description": ""}, "model": "iati_codelists.fileformat", "pk": "application/vnd.syncml.dm+xml"}, {"fields": {"category": "", "codelist_iati_version": "2.01", "name": "application/vnd.syncml.ds.notification", "codelist_successor": null, "description": ""}, "model": "iati_codelists.fileformat", "pk": "application/vnd.syncml.ds.notification"}, {"fields": {"category": "", "codelist_iati_version": "2.01", "name": "application/vnd.syncml+xml", "codelist_successor": null, "description": ""}, "model": "iati_codelists.fileformat", "pk": "application/vnd.syncml+xml"}, {"fields": {"category": "", "codelist_iati_version": "2.01", "name": "application/vnd.tao.intent-module-archive", "codelist_successor": null, "description": ""}, "model": "iati_codelists.fileformat", "pk": "application/vnd.tao.intent-module-archive"}, {"fields": {"category": "", "codelist_iati_version": "2.01", "name": "application/vnd.tcpdump.pcap", "codelist_successor": null, "description": ""}, "model": "iati_codelists.fileformat", "pk": "application/vnd.tcpdump.pcap"}, {"fields": {"category": "", "codelist_iati_version": "2.01", "name": "application/vnd.tmobile-livetv", "codelist_successor": null, "description": ""}, "model": "iati_codelists.fileformat", "pk": "application/vnd.tmobile-livetv"}, {"fields": {"category": "", "codelist_iati_version": "2.01", "name": "application/vnd.trid.tpt", "codelist_successor": null, "description": ""}, "model": "iati_codelists.fileformat", "pk": "application/vnd.trid.tpt"}, {"fields": {"category": "", "codelist_iati_version": "2.01", "name": "application/vnd.triscape.mxs", "codelist_successor": null, "description": ""}, "model": "iati_codelists.fileformat", "pk": "application/vnd.triscape.mxs"}, {"fields": {"category": "", "codelist_iati_version": "2.01", "name": "application/vnd.trueapp", "codelist_successor": null, "description": ""}, "model": "iati_codelists.fileformat", "pk": "application/vnd.trueapp"}, {"fields": {"category": "", "codelist_iati_version": "2.01", "name": "application/vnd.truedoc", "codelist_successor": null, "description": ""}, "model": "iati_codelists.fileformat", "pk": "application/vnd.truedoc"}, {"fields": {"category": "", "codelist_iati_version": "2.01", "name": "application/vnd.ubisoft.webplayer", "codelist_successor": null, "description": ""}, "model": "iati_codelists.fileformat", "pk": "application/vnd.ubisoft.webplayer"}, {"fields": {"category": "", "codelist_iati_version": "2.01", "name": "application/vnd.ufdl", "codelist_successor": null, "description": ""}, "model": "iati_codelists.fileformat", "pk": "application/vnd.ufdl"}, {"fields": {"category": "", "codelist_iati_version": "2.01", "name": "application/vnd.uiq.theme", "codelist_successor": null, "description": ""}, "model": "iati_codelists.fileformat", "pk": "application/vnd.uiq.theme"}, {"fields": {"category": "", "codelist_iati_version": "2.01", "name": "application/vnd.umajin", "codelist_successor": null, "description": ""}, "model": "iati_codelists.fileformat", "pk": "application/vnd.umajin"}, {"fields": {"category": "", "codelist_iati_version": "2.01", "name": "application/vnd.unity", "codelist_successor": null, "description": ""}, "model": "iati_codelists.fileformat", "pk": "application/vnd.unity"}, {"fields": {"category": "", "codelist_iati_version": "2.01", "name": "application/vnd.uoml+xml", "codelist_successor": null, "description": ""}, "model": "iati_codelists.fileformat", "pk": "application/vnd.uoml+xml"}, {"fields": {"category": "", "codelist_iati_version": "2.01", "name": "application/vnd.uplanet.alert", "codelist_successor": null, "description": ""}, "model": "iati_codelists.fileformat", "pk": "application/vnd.uplanet.alert"}, {"fields": {"category": "", "codelist_iati_version": "2.01", "name": "application/vnd.uplanet.alert-wbxml", "codelist_successor": null, "description": ""}, "model": "iati_codelists.fileformat", "pk": "application/vnd.uplanet.alert-wbxml"}, {"fields": {"category": "", "codelist_iati_version": "2.01", "name": "application/vnd.uplanet.bearer-choice", "codelist_successor": null, "description": ""}, "model": "iati_codelists.fileformat", "pk": "application/vnd.uplanet.bearer-choice"}, {"fields": {"category": "", "codelist_iati_version": "2.01", "name": "application/vnd.uplanet.bearer-choice-wbxml", "codelist_successor": null, "description": ""}, "model": "iati_codelists.fileformat", "pk": "application/vnd.uplanet.bearer-choice-wbxml"}, {"fields": {"category": "", "codelist_iati_version": "2.01", "name": "application/vnd.uplanet.cacheop", "codelist_successor": null, "description": ""}, "model": "iati_codelists.fileformat", "pk": "application/vnd.uplanet.cacheop"}, {"fields": {"category": "", "codelist_iati_version": "2.01", "name": "application/vnd.uplanet.cacheop-wbxml", "codelist_successor": null, "description": ""}, "model": "iati_codelists.fileformat", "pk": "application/vnd.uplanet.cacheop-wbxml"}, {"fields": {"category": "", "codelist_iati_version": "2.01", "name": "application/vnd.uplanet.channel", "codelist_successor": null, "description": ""}, "model": "iati_codelists.fileformat", "pk": "application/vnd.uplanet.channel"}, {"fields": {"category": "", "codelist_iati_version": "2.01", "name": "application/vnd.uplanet.channel-wbxml", "codelist_successor": null, "description": ""}, "model": "iati_codelists.fileformat", "pk": "application/vnd.uplanet.channel-wbxml"}, {"fields": {"category": "", "codelist_iati_version": "2.01", "name": "application/vnd.uplanet.list", "codelist_successor": null, "description": ""}, "model": "iati_codelists.fileformat", "pk": "application/vnd.uplanet.list"}, {"fields": {"category": "", "codelist_iati_version": "2.01", "name": "application/vnd.uplanet.listcmd", "codelist_successor": null, "description": ""}, "model": "iati_codelists.fileformat", "pk": "application/vnd.uplanet.listcmd"}, {"fields": {"category": "", "codelist_iati_version": "2.01", "name": "application/vnd.uplanet.listcmd-wbxml", "codelist_successor": null, "description": ""}, "model": "iati_codelists.fileformat", "pk": "application/vnd.uplanet.listcmd-wbxml"}, {"fields": {"category": "", "codelist_iati_version": "2.01", "name": "application/vnd.uplanet.list-wbxml", "codelist_successor": null, "description": ""}, "model": "iati_codelists.fileformat", "pk": "application/vnd.uplanet.list-wbxml"}, {"fields": {"category": "", "codelist_iati_version": "2.01", "name": "application/vnd.uplanet.signal", "codelist_successor": null, "description": ""}, "model": "iati_codelists.fileformat", "pk": "application/vnd.uplanet.signal"}, {"fields": {"category": "", "codelist_iati_version": "2.01", "name": "application/vnd.vcx", "codelist_successor": null, "description": ""}, "model": "iati_codelists.fileformat", "pk": "application/vnd.vcx"}, {"fields": {"category": "", "codelist_iati_version": "2.01", "name": "application/vnd.vd-study", "codelist_successor": null, "description": ""}, "model": "iati_codelists.fileformat", "pk": "application/vnd.vd-study"}, {"fields": {"category": "", "codelist_iati_version": "2.01", "name": "application/vnd.vectorworks", "codelist_successor": null, "description": ""}, "model": "iati_codelists.fileformat", "pk": "application/vnd.vectorworks"}, {"fields": {"category": "", "codelist_iati_version": "2.01", "name": "application/vnd.verimatrix.vcas", "codelist_successor": null, "description": ""}, "model": "iati_codelists.fileformat", "pk": "application/vnd.verimatrix.vcas"}, {"fields": {"category": "", "codelist_iati_version": "2.01", "name": "application/vnd.vidsoft.vidconference", "codelist_successor": null, "description": ""}, "model": "iati_codelists.fileformat", "pk": "application/vnd.vidsoft.vidconference"}, {"fields": {"category": "", "codelist_iati_version": "2.01", "name": "application/vnd.visio", "codelist_successor": null, "description": ""}, "model": "iati_codelists.fileformat", "pk": "application/vnd.visio"}, {"fields": {"category": "", "codelist_iati_version": "2.01", "name": "application/vnd.visionary", "codelist_successor": null, "description": ""}, "model": "iati_codelists.fileformat", "pk": "application/vnd.visionary"}, {"fields": {"category": "", "codelist_iati_version": "2.01", "name": "application/vnd.vividence.scriptfile", "codelist_successor": null, "description": ""}, "model": "iati_codelists.fileformat", "pk": "application/vnd.vividence.scriptfile"}, {"fields": {"category": "", "codelist_iati_version": "2.01", "name": "application/vnd.vsf", "codelist_successor": null, "description": ""}, "model": "iati_codelists.fileformat", "pk": "application/vnd.vsf"}, {"fields": {"category": "", "codelist_iati_version": "2.01", "name": "application/vnd.wap.sic", "codelist_successor": null, "description": ""}, "model": "iati_codelists.fileformat", "pk": "application/vnd.wap.sic"}, {"fields": {"category": "", "codelist_iati_version": "2.01", "name": "application/vnd.wap.slc", "codelist_successor": null, "description": ""}, "model": "iati_codelists.fileformat", "pk": "application/vnd.wap.slc"}, {"fields": {"category": "", "codelist_iati_version": "2.01", "name": "application/vnd.wap.wbxml", "codelist_successor": null, "description": ""}, "model": "iati_codelists.fileformat", "pk": "application/vnd.wap.wbxml"}, {"fields": {"category": "", "codelist_iati_version": "2.01", "name": "application/vnd.wap.wmlc", "codelist_successor": null, "description": ""}, "model": "iati_codelists.fileformat", "pk": "application/vnd.wap.wmlc"}, {"fields": {"category": "", "codelist_iati_version": "2.01", "name": "application/vnd.wap.wmlscriptc", "codelist_successor": null, "description": ""}, "model": "iati_codelists.fileformat", "pk": "application/vnd.wap.wmlscriptc"}, {"fields": {"category": "", "codelist_iati_version": "2.01", "name": "application/vnd.webturbo", "codelist_successor": null, "description": ""}, "model": "iati_codelists.fileformat", "pk": "application/vnd.webturbo"}, {"fields": {"category": "", "codelist_iati_version": "2.01", "name": "application/vnd.wfa.p2p", "codelist_successor": null, "description": ""}, "model": "iati_codelists.fileformat", "pk": "application/vnd.wfa.p2p"}, {"fields": {"category": "", "codelist_iati_version": "2.01", "name": "application/vnd.wfa.wsc", "codelist_successor": null, "description": ""}, "model": "iati_codelists.fileformat", "pk": "application/vnd.wfa.wsc"}, {"fields": {"category": "", "codelist_iati_version": "2.01", "name": "application/vnd.windows.devicepairing", "codelist_successor": null, "description": ""}, "model": "iati_codelists.fileformat", "pk": "application/vnd.windows.devicepairing"}, {"fields": {"category": "", "codelist_iati_version": "2.01", "name": "application/vnd.wmc", "codelist_successor": null, "description": ""}, "model": "iati_codelists.fileformat", "pk": "application/vnd.wmc"}, {"fields": {"category": "", "codelist_iati_version": "2.01", "name": "application/vnd.wmf.bootstrap", "codelist_successor": null, "description": ""}, "model": "iati_codelists.fileformat", "pk": "application/vnd.wmf.bootstrap"}, {"fields": {"category": "", "codelist_iati_version": "2.01", "name": "application/vnd.wolfram.mathematica", "codelist_successor": null, "description": ""}, "model": "iati_codelists.fileformat", "pk": "application/vnd.wolfram.mathematica"}, {"fields": {"category": "", "codelist_iati_version": "2.01", "name": "application/vnd.wolfram.mathematica.package", "codelist_successor": null, "description": ""}, "model": "iati_codelists.fileformat", "pk": "application/vnd.wolfram.mathematica.package"}, {"fields": {"category": "", "codelist_iati_version": "2.01", "name": "application/vnd.wolfram.player", "codelist_successor": null, "description": ""}, "model": "iati_codelists.fileformat", "pk": "application/vnd.wolfram.player"}, {"fields": {"category": "", "codelist_iati_version": "2.01", "name": "application/vnd.wordperfect", "codelist_successor": null, "description": ""}, "model": "iati_codelists.fileformat", "pk": "application/vnd.wordperfect"}, {"fields": {"category": "", "codelist_iati_version": "2.01", "name": "application/vnd.wqd", "codelist_successor": null, "description": ""}, "model": "iati_codelists.fileformat", "pk": "application/vnd.wqd"}, {"fields": {"category": "", "codelist_iati_version": "2.01", "name": "application/vnd.wrq-hp3000-labelled", "codelist_successor": null, "description": ""}, "model": "iati_codelists.fileformat", "pk": "application/vnd.wrq-hp3000-labelled"}, {"fields": {"category": "", "codelist_iati_version": "2.01", "name": "application/vnd.wt.stf", "codelist_successor": null, "description": ""}, "model": "iati_codelists.fileformat", "pk": "application/vnd.wt.stf"}, {"fields": {"category": "", "codelist_iati_version": "2.01", "name": "application/vnd.wv.csp+wbxml", "codelist_successor": null, "description": ""}, "model": "iati_codelists.fileformat", "pk": "application/vnd.wv.csp+wbxml"}, {"fields": {"category": "", "codelist_iati_version": "2.01", "name": "application/vnd.wv.csp+xml", "codelist_successor": null, "description": ""}, "model": "iati_codelists.fileformat", "pk": "application/vnd.wv.csp+xml"}, {"fields": {"category": "", "codelist_iati_version": "2.01", "name": "application/vnd.wv.ssp+xml", "codelist_successor": null, "description": ""}, "model": "iati_codelists.fileformat", "pk": "application/vnd.wv.ssp+xml"}, {"fields": {"category": "", "codelist_iati_version": "2.01", "name": "application/vnd.xacml+json", "codelist_successor": null, "description": ""}, "model": "iati_codelists.fileformat", "pk": "application/vnd.xacml+json"}, {"fields": {"category": "", "codelist_iati_version": "2.01", "name": "application/vnd.xara", "codelist_successor": null, "description": ""}, "model": "iati_codelists.fileformat", "pk": "application/vnd.xara"}, {"fields": {"category": "", "codelist_iati_version": "2.01", "name": "application/vnd.xfdl", "codelist_successor": null, "description": ""}, "model": "iati_codelists.fileformat", "pk": "application/vnd.xfdl"}, {"fields": {"category": "", "codelist_iati_version": "2.01", "name": "application/vnd.xfdl.webform", "codelist_successor": null, "description": ""}, "model": "iati_codelists.fileformat", "pk": "application/vnd.xfdl.webform"}, {"fields": {"category": "", "codelist_iati_version": "2.01", "name": "application/vnd.xmi+xml", "codelist_successor": null, "description": ""}, "model": "iati_codelists.fileformat", "pk": "application/vnd.xmi+xml"}, {"fields": {"category": "", "codelist_iati_version": "2.01", "name": "application/vnd.xmpie.cpkg", "codelist_successor": null, "description": ""}, "model": "iati_codelists.fileformat", "pk": "application/vnd.xmpie.cpkg"}, {"fields": {"category": "", "codelist_iati_version": "2.01", "name": "application/vnd.xmpie.dpkg", "codelist_successor": null, "description": ""}, "model": "iati_codelists.fileformat", "pk": "application/vnd.xmpie.dpkg"}, {"fields": {"category": "", "codelist_iati_version": "2.01", "name": "application/vnd.xmpie.plan", "codelist_successor": null, "description": ""}, "model": "iati_codelists.fileformat", "pk": "application/vnd.xmpie.plan"}, {"fields": {"category": "", "codelist_iati_version": "2.01", "name": "application/vnd.xmpie.ppkg", "codelist_successor": null, "description": ""}, "model": "iati_codelists.fileformat", "pk": "application/vnd.xmpie.ppkg"}, {"fields": {"category": "", "codelist_iati_version": "2.01", "name": "application/vnd.xmpie.xlim", "codelist_successor": null, "description": ""}, "model": "iati_codelists.fileformat", "pk": "application/vnd.xmpie.xlim"}, {"fields": {"category": "", "codelist_iati_version": "2.01", "name": "application/vnd.yamaha.hv-dic", "codelist_successor": null, "description": ""}, "model": "iati_codelists.fileformat", "pk": "application/vnd.yamaha.hv-dic"}, {"fields": {"category": "", "codelist_iati_version": "2.01", "name": "application/vnd.yamaha.hv-script", "codelist_successor": null, "description": ""}, "model": "iati_codelists.fileformat", "pk": "application/vnd.yamaha.hv-script"}, {"fields": {"category": "", "codelist_iati_version": "2.01", "name": "application/vnd.yamaha.hv-voice", "codelist_successor": null, "description": ""}, "model": "iati_codelists.fileformat", "pk": "application/vnd.yamaha.hv-voice"}, {"fields": {"category": "", "codelist_iati_version": "2.01", "name": "application/vnd.yamaha.openscoreformat", "codelist_successor": null, "description": ""}, "model": "iati_codelists.fileformat", "pk": "application/vnd.yamaha.openscoreformat"}, {"fields": {"category": "", "codelist_iati_version": "2.01", "name": "application/vnd.yamaha.openscoreformat.osfpvg+xml", "codelist_successor": null, "description": ""}, "model": "iati_codelists.fileformat", "pk": "application/vnd.yamaha.openscoreformat.osfpvg+xml"}, {"fields": {"category": "", "codelist_iati_version": "2.01", "name": "application/vnd.yamaha.remote-setup", "codelist_successor": null, "description": ""}, "model": "iati_codelists.fileformat", "pk": "application/vnd.yamaha.remote-setup"}, {"fields": {"category": "", "codelist_iati_version": "2.01", "name": "application/vnd.yamaha.smaf-audio", "codelist_successor": null, "description": ""}, "model": "iati_codelists.fileformat", "pk": "application/vnd.yamaha.smaf-audio"}, {"fields": {"category": "", "codelist_iati_version": "2.01", "name": "application/vnd.yamaha.smaf-phrase", "codelist_successor": null, "description": ""}, "model": "iati_codelists.fileformat", "pk": "application/vnd.yamaha.smaf-phrase"}, {"fields": {"category": "", "codelist_iati_version": "2.01", "name": "application/vnd.yamaha.through-ngn", "codelist_successor": null, "description": ""}, "model": "iati_codelists.fileformat", "pk": "application/vnd.yamaha.through-ngn"}, {"fields": {"category": "", "codelist_iati_version": "2.01", "name": "application/vnd.yamaha.tunnel-udpencap", "codelist_successor": null, "description": ""}, "model": "iati_codelists.fileformat", "pk": "application/vnd.yamaha.tunnel-udpencap"}, {"fields": {"category": "", "codelist_iati_version": "2.01", "name": "application/vnd.yellowriver-custom-menu", "codelist_successor": null, "description": ""}, "model": "iati_codelists.fileformat", "pk": "application/vnd.yellowriver-custom-menu"}, {"fields": {"category": "", "codelist_iati_version": "2.01", "name": "application/vnd.zul", "codelist_successor": null, "description": ""}, "model": "iati_codelists.fileformat", "pk": "application/vnd.zul"}, {"fields": {"category": "", "codelist_iati_version": "2.01", "name": "application/vnd.zzazz.deck+xml", "codelist_successor": null, "description": ""}, "model": "iati_codelists.fileformat", "pk": "application/vnd.zzazz.deck+xml"}, {"fields": {"category": "", "codelist_iati_version": "2.01", "name": "application/voicexml+xml", "codelist_successor": null, "description": ""}, "model": "iati_codelists.fileformat", "pk": "application/voicexml+xml"}, {"fields": {"category": "", "codelist_iati_version": "2.01", "name": "application/vq-rtcpxr", "codelist_successor": null, "description": ""}, "model": "iati_codelists.fileformat", "pk": "application/vq-rtcpxr"}, {"fields": {"category": "", "codelist_iati_version": "2.01", "name": "application/watcherinfo+xml", "codelist_successor": null, "description": ""}, "model": "iati_codelists.fileformat", "pk": "application/watcherinfo+xml"}, {"fields": {"category": "", "codelist_iati_version": "2.01", "name": "application/whoispp-query", "codelist_successor": null, "description": ""}, "model": "iati_codelists.fileformat", "pk": "application/whoispp-query"}, {"fields": {"category": "", "codelist_iati_version": "2.01", "name": "application/whoispp-response", "codelist_successor": null, "description": ""}, "model": "iati_codelists.fileformat", "pk": "application/whoispp-response"}, {"fields": {"category": "", "codelist_iati_version": "2.01", "name": "application/widget", "codelist_successor": null, "description": ""}, "model": "iati_codelists.fileformat", "pk": "application/widget"}, {"fields": {"category": "", "codelist_iati_version": "2.01", "name": "application/wita", "codelist_successor": null, "description": ""}, "model": "iati_codelists.fileformat", "pk": "application/wita"}, {"fields": {"category": "", "codelist_iati_version": "2.01", "name": "application/wordperfect5.1", "codelist_successor": null, "description": ""}, "model": "iati_codelists.fileformat", "pk": "application/wordperfect5.1"}, {"fields": {"category": "", "codelist_iati_version": "2.01", "name": "application/wsdl+xml", "codelist_successor": null, "description": ""}, "model": "iati_codelists.fileformat", "pk": "application/wsdl+xml"}, {"fields": {"category": "", "codelist_iati_version": "2.01", "name": "application/wspolicy+xml", "codelist_successor": null, "description": ""}, "model": "iati_codelists.fileformat", "pk": "application/wspolicy+xml"}, {"fields": {"category": "", "codelist_iati_version": "2.01", "name": "application/x400-bp", "codelist_successor": null, "description": ""}, "model": "iati_codelists.fileformat", "pk": "application/x400-bp"}, {"fields": {"category": "", "codelist_iati_version": "2.01", "name": "application/xacml+xml", "codelist_successor": null, "description": ""}, "model": "iati_codelists.fileformat", "pk": "application/xacml+xml"}, {"fields": {"category": "", "codelist_iati_version": "2.01", "name": "application/xcap-att+xml", "codelist_successor": null, "description": ""}, "model": "iati_codelists.fileformat", "pk": "application/xcap-att+xml"}, {"fields": {"category": "", "codelist_iati_version": "2.01", "name": "application/xcap-caps+xml", "codelist_successor": null, "description": ""}, "model": "iati_codelists.fileformat", "pk": "application/xcap-caps+xml"}, {"fields": {"category": "", "codelist_iati_version": "2.01", "name": "application/xcap-diff+xml", "codelist_successor": null, "description": ""}, "model": "iati_codelists.fileformat", "pk": "application/xcap-diff+xml"}, {"fields": {"category": "", "codelist_iati_version": "2.01", "name": "application/xcap-el+xml", "codelist_successor": null, "description": ""}, "model": "iati_codelists.fileformat", "pk": "application/xcap-el+xml"}, {"fields": {"category": "", "codelist_iati_version": "2.01", "name": "application/xcap-error+xml", "codelist_successor": null, "description": ""}, "model": "iati_codelists.fileformat", "pk": "application/xcap-error+xml"}, {"fields": {"category": "", "codelist_iati_version": "2.01", "name": "application/xcap-ns+xml", "codelist_successor": null, "description": ""}, "model": "iati_codelists.fileformat", "pk": "application/xcap-ns+xml"}, {"fields": {"category": "", "codelist_iati_version": "2.01", "name": "application/xcon-conference-info-diff+xml", "codelist_successor": null, "description": ""}, "model": "iati_codelists.fileformat", "pk": "application/xcon-conference-info-diff+xml"}, {"fields": {"category": "", "codelist_iati_version": "2.01", "name": "application/xcon-conference-info+xml", "codelist_successor": null, "description": ""}, "model": "iati_codelists.fileformat", "pk": "application/xcon-conference-info+xml"}, {"fields": {"category": "", "codelist_iati_version": "2.01", "name": "application/xenc+xml", "codelist_successor": null, "description": ""}, "model": "iati_codelists.fileformat", "pk": "application/xenc+xml"}, {"fields": {"category": "", "codelist_iati_version": "2.01", "name": "application/xhtml-voice+xml", "codelist_successor": null, "description": ""}, "model": "iati_codelists.fileformat", "pk": "application/xhtml-voice+xml"}, {"fields": {"category": "", "codelist_iati_version": "2.01", "name": "application/xhtml+xml", "codelist_successor": null, "description": ""}, "model": "iati_codelists.fileformat", "pk": "application/xhtml+xml"}, {"fields": {"category": "", "codelist_iati_version": "2.01", "name": "application/xml", "codelist_successor": null, "description": ""}, "model": "iati_codelists.fileformat", "pk": "application/xml"}, {"fields": {"category": "", "codelist_iati_version": "2.01", "name": "application/xml-dtd", "codelist_successor": null, "description": ""}, "model": "iati_codelists.fileformat", "pk": "application/xml-dtd"}, {"fields": {"category": "", "codelist_iati_version": "2.01", "name": "application/xml-external-parsed-entity", "codelist_successor": null, "description": ""}, "model": "iati_codelists.fileformat", "pk": "application/xml-external-parsed-entity"}, {"fields": {"category": "", "codelist_iati_version": "2.01", "name": "application/xmpp+xml", "codelist_successor": null, "description": ""}, "model": "iati_codelists.fileformat", "pk": "application/xmpp+xml"}, {"fields": {"category": "", "codelist_iati_version": "2.01", "name": "application/xop+xml", "codelist_successor": null, "description": ""}, "model": "iati_codelists.fileformat", "pk": "application/xop+xml"}, {"fields": {"category": "", "codelist_iati_version": "2.01", "name": "application/xslt+xml", "codelist_successor": null, "description": ""}, "model": "iati_codelists.fileformat", "pk": "application/xslt+xml"}, {"fields": {"category": "", "codelist_iati_version": "2.01", "name": "application/xv+xml", "codelist_successor": null, "description": ""}, "model": "iati_codelists.fileformat", "pk": "application/xv+xml"}, {"fields": {"category": "", "codelist_iati_version": "2.01", "name": "application/yang", "codelist_successor": null, "description": ""}, "model": "iati_codelists.fileformat", "pk": "application/yang"}, {"fields": {"category": "", "codelist_iati_version": "2.01", "name": "application/yin+xml", "codelist_successor": null, "description": ""}, "model": "iati_codelists.fileformat", "pk": "application/yin+xml"}, {"fields": {"category": "", "codelist_iati_version": "2.01", "name": "application/zip", "codelist_successor": null, "description": ""}, "model": "iati_codelists.fileformat", "pk": "application/zip"}, {"fields": {"category": "", "codelist_iati_version": "2.01", "name": "application/zlib", "codelist_successor": null, "description": ""}, "model": "iati_codelists.fileformat", "pk": "application/zlib"}, {"fields": {"category": "", "codelist_iati_version": "2.01", "name": "audio/1d-interleaved-parityfec", "codelist_successor": null, "description": ""}, "model": "iati_codelists.fileformat", "pk": "audio/1d-interleaved-parityfec"}, {"fields": {"category": "", "codelist_iati_version": "2.01", "name": "audio/32kadpcm", "codelist_successor": null, "description": ""}, "model": "iati_codelists.fileformat", "pk": "audio/32kadpcm"}, {"fields": {"category": "", "codelist_iati_version": "2.01", "name": "audio/3gpp", "codelist_successor": null, "description": ""}, "model": "iati_codelists.fileformat", "pk": "audio/3gpp"}, {"fields": {"category": "", "codelist_iati_version": "2.01", "name": "audio/3gpp2", "codelist_successor": null, "description": ""}, "model": "iati_codelists.fileformat", "pk": "audio/3gpp2"}, {"fields": {"category": "", "codelist_iati_version": "2.01", "name": "audio/ac3", "codelist_successor": null, "description": ""}, "model": "iati_codelists.fileformat", "pk": "audio/ac3"}, {"fields": {"category": "", "codelist_iati_version": "2.01", "name": "audio/AMR", "codelist_successor": null, "description": ""}, "model": "iati_codelists.fileformat", "pk": "audio/AMR"}, {"fields": {"category": "", "codelist_iati_version": "2.01", "name": "audio/AMR-WB", "codelist_successor": null, "description": ""}, "model": "iati_codelists.fileformat", "pk": "audio/AMR-WB"}, {"fields": {"category": "", "codelist_iati_version": "2.01", "name": "audio/asc", "codelist_successor": null, "description": ""}, "model": "iati_codelists.fileformat", "pk": "audio/asc"}, {"fields": {"category": "", "codelist_iati_version": "2.01", "name": "audio/ATRAC3", "codelist_successor": null, "description": ""}, "model": "iati_codelists.fileformat", "pk": "audio/ATRAC3"}, {"fields": {"category": "", "codelist_iati_version": "2.01", "name": "audio/ATRAC-ADVANCED-LOSSLESS", "codelist_successor": null, "description": ""}, "model": "iati_codelists.fileformat", "pk": "audio/ATRAC-ADVANCED-LOSSLESS"}, {"fields": {"category": "", "codelist_iati_version": "2.01", "name": "audio/ATRAC-X", "codelist_successor": null, "description": ""}, "model": "iati_codelists.fileformat", "pk": "audio/ATRAC-X"}, {"fields": {"category": "", "codelist_iati_version": "2.01", "name": "audio/basic", "codelist_successor": null, "description": ""}, "model": "iati_codelists.fileformat", "pk": "audio/basic"}, {"fields": {"category": "", "codelist_iati_version": "2.01", "name": "audio/BV16", "codelist_successor": null, "description": ""}, "model": "iati_codelists.fileformat", "pk": "audio/BV16"}, {"fields": {"category": "", "codelist_iati_version": "2.01", "name": "audio/BV32", "codelist_successor": null, "description": ""}, "model": "iati_codelists.fileformat", "pk": "audio/BV32"}, {"fields": {"category": "", "codelist_iati_version": "2.01", "name": "audio/clearmode", "codelist_successor": null, "description": ""}, "model": "iati_codelists.fileformat", "pk": "audio/clearmode"}, {"fields": {"category": "", "codelist_iati_version": "2.01", "name": "audio/CN", "codelist_successor": null, "description": ""}, "model": "iati_codelists.fileformat", "pk": "audio/CN"}, {"fields": {"category": "", "codelist_iati_version": "2.01", "name": "audio/DAT12", "codelist_successor": null, "description": ""}, "model": "iati_codelists.fileformat", "pk": "audio/DAT12"}, {"fields": {"category": "", "codelist_iati_version": "2.01", "name": "audio/dls", "codelist_successor": null, "description": ""}, "model": "iati_codelists.fileformat", "pk": "audio/dls"}, {"fields": {"category": "", "codelist_iati_version": "2.01", "name": "audio/dsr-es201108", "codelist_successor": null, "description": ""}, "model": "iati_codelists.fileformat", "pk": "audio/dsr-es201108"}, {"fields": {"category": "", "codelist_iati_version": "2.01", "name": "audio/dsr-es202050", "codelist_successor": null, "description": ""}, "model": "iati_codelists.fileformat", "pk": "audio/dsr-es202050"}, {"fields": {"category": "", "codelist_iati_version": "2.01", "name": "audio/dsr-es202211", "codelist_successor": null, "description": ""}, "model": "iati_codelists.fileformat", "pk": "audio/dsr-es202211"}, {"fields": {"category": "", "codelist_iati_version": "2.01", "name": "audio/dsr-es202212", "codelist_successor": null, "description": ""}, "model": "iati_codelists.fileformat", "pk": "audio/dsr-es202212"}, {"fields": {"category": "", "codelist_iati_version": "2.01", "name": "audio/DV", "codelist_successor": null, "description": ""}, "model": "iati_codelists.fileformat", "pk": "audio/DV"}, {"fields": {"category": "", "codelist_iati_version": "2.01", "name": "audio/DVI4", "codelist_successor": null, "description": ""}, "model": "iati_codelists.fileformat", "pk": "audio/DVI4"}, {"fields": {"category": "", "codelist_iati_version": "2.01", "name": "audio/eac3", "codelist_successor": null, "description": ""}, "model": "iati_codelists.fileformat", "pk": "audio/eac3"}, {"fields": {"category": "", "codelist_iati_version": "2.01", "name": "audio/encaprtp", "codelist_successor": null, "description": ""}, "model": "iati_codelists.fileformat", "pk": "audio/encaprtp"}, {"fields": {"category": "", "codelist_iati_version": "2.01", "name": "audio/EVRC", "codelist_successor": null, "description": ""}, "model": "iati_codelists.fileformat", "pk": "audio/EVRC"}, {"fields": {"category": "", "codelist_iati_version": "2.01", "name": "audio/EVRC0", "codelist_successor": null, "description": ""}, "model": "iati_codelists.fileformat", "pk": "audio/EVRC0"}, {"fields": {"category": "", "codelist_iati_version": "2.01", "name": "audio/EVRC1", "codelist_successor": null, "description": ""}, "model": "iati_codelists.fileformat", "pk": "audio/EVRC1"}, {"fields": {"category": "", "codelist_iati_version": "2.01", "name": "audio/EVRCB", "codelist_successor": null, "description": ""}, "model": "iati_codelists.fileformat", "pk": "audio/EVRCB"}, {"fields": {"category": "", "codelist_iati_version": "2.01", "name": "audio/EVRCB0", "codelist_successor": null, "description": ""}, "model": "iati_codelists.fileformat", "pk": "audio/EVRCB0"}, {"fields": {"category": "", "codelist_iati_version": "2.01", "name": "audio/EVRCB1", "codelist_successor": null, "description": ""}, "model": "iati_codelists.fileformat", "pk": "audio/EVRCB1"}, {"fields": {"category": "", "codelist_iati_version": "2.01", "name": "audio/EVRCNW", "codelist_successor": null, "description": ""}, "model": "iati_codelists.fileformat", "pk": "audio/EVRCNW"}, {"fields": {"category": "", "codelist_iati_version": "2.01", "name": "audio/EVRCNW0", "codelist_successor": null, "description": ""}, "model": "iati_codelists.fileformat", "pk": "audio/EVRCNW0"}, {"fields": {"category": "", "codelist_iati_version": "2.01", "name": "audio/EVRCNW1", "codelist_successor": null, "description": ""}, "model": "iati_codelists.fileformat", "pk": "audio/EVRCNW1"}, {"fields": {"category": "", "codelist_iati_version": "2.01", "name": "audio/EVRC-QCP", "codelist_successor": null, "description": ""}, "model": "iati_codelists.fileformat", "pk": "audio/EVRC-QCP"}, {"fields": {"category": "", "codelist_iati_version": "2.01", "name": "audio/EVRCWB", "codelist_successor": null, "description": ""}, "model": "iati_codelists.fileformat", "pk": "audio/EVRCWB"}, {"fields": {"category": "", "codelist_iati_version": "2.01", "name": "audio/EVRCWB0", "codelist_successor": null, "description": ""}, "model": "iati_codelists.fileformat", "pk": "audio/EVRCWB0"}, {"fields": {"category": "", "codelist_iati_version": "2.01", "name": "audio/EVRCWB1", "codelist_successor": null, "description": ""}, "model": "iati_codelists.fileformat", "pk": "audio/EVRCWB1"}, {"fields": {"category": "", "codelist_iati_version": "2.01", "name": "audio/example", "codelist_successor": null, "description": ""}, "model": "iati_codelists.fileformat", "pk": "audio/example"}, {"fields": {"category": "", "codelist_iati_version": "2.01", "name": "audio/fwdred", "codelist_successor": null, "description": ""}, "model": "iati_codelists.fileformat", "pk": "audio/fwdred"}, {"fields": {"category": "", "codelist_iati_version": "2.01", "name": "audio/G719", "codelist_successor": null, "description": ""}, "model": "iati_codelists.fileformat", "pk": "audio/G719"}, {"fields": {"category": "", "codelist_iati_version": "2.01", "name": "audio/G722", "codelist_successor": null, "description": ""}, "model": "iati_codelists.fileformat", "pk": "audio/G722"}, {"fields": {"category": "", "codelist_iati_version": "2.01", "name": "audio/G7221", "codelist_successor": null, "description": ""}, "model": "iati_codelists.fileformat", "pk": "audio/G7221"}, {"fields": {"category": "", "codelist_iati_version": "2.01", "name": "audio/G723", "codelist_successor": null, "description": ""}, "model": "iati_codelists.fileformat", "pk": "audio/G723"}, {"fields": {"category": "", "codelist_iati_version": "2.01", "name": "audio/G726-16", "codelist_successor": null, "description": ""}, "model": "iati_codelists.fileformat", "pk": "audio/G726-16"}, {"fields": {"category": "", "codelist_iati_version": "2.01", "name": "audio/G726-24", "codelist_successor": null, "description": ""}, "model": "iati_codelists.fileformat", "pk": "audio/G726-24"}, {"fields": {"category": "", "codelist_iati_version": "2.01", "name": "audio/G726-32", "codelist_successor": null, "description": ""}, "model": "iati_codelists.fileformat", "pk": "audio/G726-32"}, {"fields": {"category": "", "codelist_iati_version": "2.01", "name": "audio/G726-40", "codelist_successor": null, "description": ""}, "model": "iati_codelists.fileformat", "pk": "audio/G726-40"}, {"fields": {"category": "", "codelist_iati_version": "2.01", "name": "audio/G728", "codelist_successor": null, "description": ""}, "model": "iati_codelists.fileformat", "pk": "audio/G728"}, {"fields": {"category": "", "codelist_iati_version": "2.01", "name": "audio/G729", "codelist_successor": null, "description": ""}, "model": "iati_codelists.fileformat", "pk": "audio/G729"}, {"fields": {"category": "", "codelist_iati_version": "2.01", "name": "audio/G7291", "codelist_successor": null, "description": ""}, "model": "iati_codelists.fileformat", "pk": "audio/G7291"}, {"fields": {"category": "", "codelist_iati_version": "2.01", "name": "audio/G729D", "codelist_successor": null, "description": ""}, "model": "iati_codelists.fileformat", "pk": "audio/G729D"}, {"fields": {"category": "", "codelist_iati_version": "2.01", "name": "audio/G729E", "codelist_successor": null, "description": ""}, "model": "iati_codelists.fileformat", "pk": "audio/G729E"}, {"fields": {"category": "", "codelist_iati_version": "2.01", "name": "audio/GSM", "codelist_successor": null, "description": ""}, "model": "iati_codelists.fileformat", "pk": "audio/GSM"}, {"fields": {"category": "", "codelist_iati_version": "2.01", "name": "audio/GSM-EFR", "codelist_successor": null, "description": ""}, "model": "iati_codelists.fileformat", "pk": "audio/GSM-EFR"}, {"fields": {"category": "", "codelist_iati_version": "2.01", "name": "audio/GSM-HR-08", "codelist_successor": null, "description": ""}, "model": "iati_codelists.fileformat", "pk": "audio/GSM-HR-08"}, {"fields": {"category": "", "codelist_iati_version": "2.01", "name": "audio/iLBC", "codelist_successor": null, "description": ""}, "model": "iati_codelists.fileformat", "pk": "audio/iLBC"}, {"fields": {"category": "", "codelist_iati_version": "2.01", "name": "audio/ip-mr_v2.5", "codelist_successor": null, "description": ""}, "model": "iati_codelists.fileformat", "pk": "audio/ip-mr_v2.5"}, {"fields": {"category": "", "codelist_iati_version": "2.01", "name": "audio/L16", "codelist_successor": null, "description": ""}, "model": "iati_codelists.fileformat", "pk": "audio/L16"}, {"fields": {"category": "", "codelist_iati_version": "2.01", "name": "audio/L20", "codelist_successor": null, "description": ""}, "model": "iati_codelists.fileformat", "pk": "audio/L20"}, {"fields": {"category": "", "codelist_iati_version": "2.01", "name": "audio/L24", "codelist_successor": null, "description": ""}, "model": "iati_codelists.fileformat", "pk": "audio/L24"}, {"fields": {"category": "", "codelist_iati_version": "2.01", "name": "audio/L8", "codelist_successor": null, "description": ""}, "model": "iati_codelists.fileformat", "pk": "audio/L8"}, {"fields": {"category": "", "codelist_iati_version": "2.01", "name": "audio/LPC", "codelist_successor": null, "description": ""}, "model": "iati_codelists.fileformat", "pk": "audio/LPC"}, {"fields": {"category": "", "codelist_iati_version": "2.01", "name": "audio/mobile-xmf", "codelist_successor": null, "description": ""}, "model": "iati_codelists.fileformat", "pk": "audio/mobile-xmf"}, {"fields": {"category": "", "codelist_iati_version": "2.01", "name": "audio/mp4", "codelist_successor": null, "description": ""}, "model": "iati_codelists.fileformat", "pk": "audio/mp4"}, {"fields": {"category": "", "codelist_iati_version": "2.01", "name": "audio/MP4A-LATM", "codelist_successor": null, "description": ""}, "model": "iati_codelists.fileformat", "pk": "audio/MP4A-LATM"}, {"fields": {"category": "", "codelist_iati_version": "2.01", "name": "audio/MPA", "codelist_successor": null, "description": ""}, "model": "iati_codelists.fileformat", "pk": "audio/MPA"}, {"fields": {"category": "", "codelist_iati_version": "2.01", "name": "audio/mpa-robust", "codelist_successor": null, "description": ""}, "model": "iati_codelists.fileformat", "pk": "audio/mpa-robust"}, {"fields": {"category": "", "codelist_iati_version": "2.01", "name": "audio/mpeg", "codelist_successor": null, "description": ""}, "model": "iati_codelists.fileformat", "pk": "audio/mpeg"}, {"fields": {"category": "", "codelist_iati_version": "2.01", "name": "audio/mpeg4-generic", "codelist_successor": null, "description": ""}, "model": "iati_codelists.fileformat", "pk": "audio/mpeg4-generic"}, {"fields": {"category": "", "codelist_iati_version": "2.01", "name": "audio/ogg", "codelist_successor": null, "description": ""}, "model": "iati_codelists.fileformat", "pk": "audio/ogg"}, {"fields": {"category": "", "codelist_iati_version": "2.01", "name": "audio/parityfec", "codelist_successor": null, "description": ""}, "model": "iati_codelists.fileformat", "pk": "audio/parityfec"}, {"fields": {"category": "", "codelist_iati_version": "2.01", "name": "audio/PCMA", "codelist_successor": null, "description": ""}, "model": "iati_codelists.fileformat", "pk": "audio/PCMA"}, {"fields": {"category": "", "codelist_iati_version": "2.01", "name": "audio/PCMA-WB", "codelist_successor": null, "description": ""}, "model": "iati_codelists.fileformat", "pk": "audio/PCMA-WB"}, {"fields": {"category": "", "codelist_iati_version": "2.01", "name": "audio/PCMU", "codelist_successor": null, "description": ""}, "model": "iati_codelists.fileformat", "pk": "audio/PCMU"}, {"fields": {"category": "", "codelist_iati_version": "2.01", "name": "audio/PCMU-WB", "codelist_successor": null, "description": ""}, "model": "iati_codelists.fileformat", "pk": "audio/PCMU-WB"}, {"fields": {"category": "", "codelist_iati_version": "2.01", "name": "audio/prs.sid", "codelist_successor": null, "description": ""}, "model": "iati_codelists.fileformat", "pk": "audio/prs.sid"}, {"fields": {"category": "", "codelist_iati_version": "2.01", "name": "audio/QCELP", "codelist_successor": null, "description": ""}, "model": "iati_codelists.fileformat", "pk": "audio/QCELP"}, {"fields": {"category": "", "codelist_iati_version": "2.01", "name": "audio/raptorfec", "codelist_successor": null, "description": ""}, "model": "iati_codelists.fileformat", "pk": "audio/raptorfec"}, {"fields": {"category": "", "codelist_iati_version": "2.01", "name": "audio/RED", "codelist_successor": null, "description": ""}, "model": "iati_codelists.fileformat", "pk": "audio/RED"}, {"fields": {"category": "", "codelist_iati_version": "2.01", "name": "audio/rtp-enc-aescm128", "codelist_successor": null, "description": ""}, "model": "iati_codelists.fileformat", "pk": "audio/rtp-enc-aescm128"}, {"fields": {"category": "", "codelist_iati_version": "2.01", "name": "audio/rtploopback", "codelist_successor": null, "description": ""}, "model": "iati_codelists.fileformat", "pk": "audio/rtploopback"}, {"fields": {"category": "", "codelist_iati_version": "2.01", "name": "audio/rtp-midi", "codelist_successor": null, "description": ""}, "model": "iati_codelists.fileformat", "pk": "audio/rtp-midi"}, {"fields": {"category": "", "codelist_iati_version": "2.01", "name": "audio/rtx", "codelist_successor": null, "description": ""}, "model": "iati_codelists.fileformat", "pk": "audio/rtx"}, {"fields": {"category": "", "codelist_iati_version": "2.01", "name": "audio/SMV", "codelist_successor": null, "description": ""}, "model": "iati_codelists.fileformat", "pk": "audio/SMV"}, {"fields": {"category": "", "codelist_iati_version": "2.01", "name": "audio/SMV0", "codelist_successor": null, "description": ""}, "model": "iati_codelists.fileformat", "pk": "audio/SMV0"}, {"fields": {"category": "", "codelist_iati_version": "2.01", "name": "audio/SMV-QCP", "codelist_successor": null, "description": ""}, "model": "iati_codelists.fileformat", "pk": "audio/SMV-QCP"}, {"fields": {"category": "", "codelist_iati_version": "2.01", "name": "audio/speex", "codelist_successor": null, "description": ""}, "model": "iati_codelists.fileformat", "pk": "audio/speex"}, {"fields": {"category": "", "codelist_iati_version": "2.01", "name": "audio/sp-midi", "codelist_successor": null, "description": ""}, "model": "iati_codelists.fileformat", "pk": "audio/sp-midi"}, {"fields": {"category": "", "codelist_iati_version": "2.01", "name": "audio/t140c", "codelist_successor": null, "description": ""}, "model": "iati_codelists.fileformat", "pk": "audio/t140c"}, {"fields": {"category": "", "codelist_iati_version": "2.01", "name": "audio/t38", "codelist_successor": null, "description": ""}, "model": "iati_codelists.fileformat", "pk": "audio/t38"}, {"fields": {"category": "", "codelist_iati_version": "2.01", "name": "audio/telephone-event", "codelist_successor": null, "description": ""}, "model": "iati_codelists.fileformat", "pk": "audio/telephone-event"}, {"fields": {"category": "", "codelist_iati_version": "2.01", "name": "audio/tone", "codelist_successor": null, "description": ""}, "model": "iati_codelists.fileformat", "pk": "audio/tone"}, {"fields": {"category": "", "codelist_iati_version": "2.01", "name": "audio/UEMCLIP", "codelist_successor": null, "description": ""}, "model": "iati_codelists.fileformat", "pk": "audio/UEMCLIP"}, {"fields": {"category": "", "codelist_iati_version": "2.01", "name": "audio/ulpfec", "codelist_successor": null, "description": ""}, "model": "iati_codelists.fileformat", "pk": "audio/ulpfec"}, {"fields": {"category": "", "codelist_iati_version": "2.01", "name": "audio/VDVI", "codelist_successor": null, "description": ""}, "model": "iati_codelists.fileformat", "pk": "audio/VDVI"}, {"fields": {"category": "", "codelist_iati_version": "2.01", "name": "audio/VMR-WB", "codelist_successor": null, "description": ""}, "model": "iati_codelists.fileformat", "pk": "audio/VMR-WB"}, {"fields": {"category": "", "codelist_iati_version": "2.01", "name": "audio/vnd.3gpp.iufp", "codelist_successor": null, "description": ""}, "model": "iati_codelists.fileformat", "pk": "audio/vnd.3gpp.iufp"}, {"fields": {"category": "", "codelist_iati_version": "2.01", "name": "audio/vnd.4SB", "codelist_successor": null, "description": ""}, "model": "iati_codelists.fileformat", "pk": "audio/vnd.4SB"}, {"fields": {"category": "", "codelist_iati_version": "2.01", "name": "audio/vnd.audiokoz", "codelist_successor": null, "description": ""}, "model": "iati_codelists.fileformat", "pk": "audio/vnd.audiokoz"}, {"fields": {"category": "", "codelist_iati_version": "2.01", "name": "audio/vnd.CELP", "codelist_successor": null, "description": ""}, "model": "iati_codelists.fileformat", "pk": "audio/vnd.CELP"}, {"fields": {"category": "", "codelist_iati_version": "2.01", "name": "audio/vnd.cisco.nse", "codelist_successor": null, "description": ""}, "model": "iati_codelists.fileformat", "pk": "audio/vnd.cisco.nse"}, {"fields": {"category": "", "codelist_iati_version": "2.01", "name": "audio/vnd.cmles.radio-events", "codelist_successor": null, "description": ""}, "model": "iati_codelists.fileformat", "pk": "audio/vnd.cmles.radio-events"}, {"fields": {"category": "", "codelist_iati_version": "2.01", "name": "audio/vnd.cns.anp1", "codelist_successor": null, "description": ""}, "model": "iati_codelists.fileformat", "pk": "audio/vnd.cns.anp1"}, {"fields": {"category": "", "codelist_iati_version": "2.01", "name": "audio/vnd.cns.inf1", "codelist_successor": null, "description": ""}, "model": "iati_codelists.fileformat", "pk": "audio/vnd.cns.inf1"}, {"fields": {"category": "", "codelist_iati_version": "2.01", "name": "audio/vnd.dece.audio", "codelist_successor": null, "description": ""}, "model": "iati_codelists.fileformat", "pk": "audio/vnd.dece.audio"}, {"fields": {"category": "", "codelist_iati_version": "2.01", "name": "audio/vnd.digital-winds", "codelist_successor": null, "description": ""}, "model": "iati_codelists.fileformat", "pk": "audio/vnd.digital-winds"}, {"fields": {"category": "", "codelist_iati_version": "2.01", "name": "audio/vnd.dlna.adts", "codelist_successor": null, "description": ""}, "model": "iati_codelists.fileformat", "pk": "audio/vnd.dlna.adts"}, {"fields": {"category": "", "codelist_iati_version": "2.01", "name": "audio/vnd.dolby.heaac.1", "codelist_successor": null, "description": ""}, "model": "iati_codelists.fileformat", "pk": "audio/vnd.dolby.heaac.1"}, {"fields": {"category": "", "codelist_iati_version": "2.01", "name": "audio/vnd.dolby.heaac.2", "codelist_successor": null, "description": ""}, "model": "iati_codelists.fileformat", "pk": "audio/vnd.dolby.heaac.2"}, {"fields": {"category": "", "codelist_iati_version": "2.01", "name": "audio/vnd.dolby.mlp", "codelist_successor": null, "description": ""}, "model": "iati_codelists.fileformat", "pk": "audio/vnd.dolby.mlp"}, {"fields": {"category": "", "codelist_iati_version": "2.01", "name": "audio/vnd.dolby.mps", "codelist_successor": null, "description": ""}, "model": "iati_codelists.fileformat", "pk": "audio/vnd.dolby.mps"}, {"fields": {"category": "", "codelist_iati_version": "2.01", "name": "audio/vnd.dolby.pl2", "codelist_successor": null, "description": ""}, "model": "iati_codelists.fileformat", "pk": "audio/vnd.dolby.pl2"}, {"fields": {"category": "", "codelist_iati_version": "2.01", "name": "audio/vnd.dolby.pl2x", "codelist_successor": null, "description": ""}, "model": "iati_codelists.fileformat", "pk": "audio/vnd.dolby.pl2x"}, {"fields": {"category": "", "codelist_iati_version": "2.01", "name": "audio/vnd.dolby.pl2z", "codelist_successor": null, "description": ""}, "model": "iati_codelists.fileformat", "pk": "audio/vnd.dolby.pl2z"}, {"fields": {"category": "", "codelist_iati_version": "2.01", "name": "audio/vnd.dolby.pulse.1", "codelist_successor": null, "description": ""}, "model": "iati_codelists.fileformat", "pk": "audio/vnd.dolby.pulse.1"}, {"fields": {"category": "", "codelist_iati_version": "2.01", "name": "audio/vnd.dra", "codelist_successor": null, "description": ""}, "model": "iati_codelists.fileformat", "pk": "audio/vnd.dra"}, {"fields": {"category": "", "codelist_iati_version": "2.01", "name": "audio/vnd.dts", "codelist_successor": null, "description": ""}, "model": "iati_codelists.fileformat", "pk": "audio/vnd.dts"}, {"fields": {"category": "", "codelist_iati_version": "2.01", "name": "audio/vnd.dts.hd", "codelist_successor": null, "description": ""}, "model": "iati_codelists.fileformat", "pk": "audio/vnd.dts.hd"}, {"fields": {"category": "", "codelist_iati_version": "2.01", "name": "audio/vnd.dvb.file", "codelist_successor": null, "description": ""}, "model": "iati_codelists.fileformat", "pk": "audio/vnd.dvb.file"}, {"fields": {"category": "", "codelist_iati_version": "2.01", "name": "audio/vnd.everad.plj", "codelist_successor": null, "description": ""}, "model": "iati_codelists.fileformat", "pk": "audio/vnd.everad.plj"}, {"fields": {"category": "", "codelist_iati_version": "2.01", "name": "audio/vnd.hns.audio", "codelist_successor": null, "description": ""}, "model": "iati_codelists.fileformat", "pk": "audio/vnd.hns.audio"}, {"fields": {"category": "", "codelist_iati_version": "2.01", "name": "audio/vnd.lucent.voice", "codelist_successor": null, "description": ""}, "model": "iati_codelists.fileformat", "pk": "audio/vnd.lucent.voice"}, {"fields": {"category": "", "codelist_iati_version": "2.01", "name": "audio/vnd.ms-playready.media.pya", "codelist_successor": null, "description": ""}, "model": "iati_codelists.fileformat", "pk": "audio/vnd.ms-playready.media.pya"}, {"fields": {"category": "", "codelist_iati_version": "2.01", "name": "audio/vnd.nokia.mobile-xmf", "codelist_successor": null, "description": ""}, "model": "iati_codelists.fileformat", "pk": "audio/vnd.nokia.mobile-xmf"}, {"fields": {"category": "", "codelist_iati_version": "2.01", "name": "audio/vnd.nortel.vbk", "codelist_successor": null, "description": ""}, "model": "iati_codelists.fileformat", "pk": "audio/vnd.nortel.vbk"}, {"fields": {"category": "", "codelist_iati_version": "2.01", "name": "audio/vnd.nuera.ecelp4800", "codelist_successor": null, "description": ""}, "model": "iati_codelists.fileformat", "pk": "audio/vnd.nuera.ecelp4800"}, {"fields": {"category": "", "codelist_iati_version": "2.01", "name": "audio/vnd.nuera.ecelp7470", "codelist_successor": null, "description": ""}, "model": "iati_codelists.fileformat", "pk": "audio/vnd.nuera.ecelp7470"}, {"fields": {"category": "", "codelist_iati_version": "2.01", "name": "audio/vnd.nuera.ecelp9600", "codelist_successor": null, "description": ""}, "model": "iati_codelists.fileformat", "pk": "audio/vnd.nuera.ecelp9600"}, {"fields": {"category": "", "codelist_iati_version": "2.01", "name": "audio/vnd.octel.sbc", "codelist_successor": null, "description": ""}, "model": "iati_codelists.fileformat", "pk": "audio/vnd.octel.sbc"}, {"fields": {"category": "", "codelist_iati_version": "2.01", "name": "audio/vnd.qcelp", "codelist_successor": null, "description": ""}, "model": "iati_codelists.fileformat", "pk": "audio/vnd.qcelp"}, {"fields": {"category": "", "codelist_iati_version": "2.01", "name": "audio/vnd.rhetorex.32kadpcm", "codelist_successor": null, "description": ""}, "model": "iati_codelists.fileformat", "pk": "audio/vnd.rhetorex.32kadpcm"}, {"fields": {"category": "", "codelist_iati_version": "2.01", "name": "audio/vnd.rip", "codelist_successor": null, "description": ""}, "model": "iati_codelists.fileformat", "pk": "audio/vnd.rip"}, {"fields": {"category": "", "codelist_iati_version": "2.01", "name": "audio/vnd.sealedmedia.softseal.mpeg", "codelist_successor": null, "description": ""}, "model": "iati_codelists.fileformat", "pk": "audio/vnd.sealedmedia.softseal.mpeg"}, {"fields": {"category": "", "codelist_iati_version": "2.01", "name": "audio/vnd.vmx.cvsd", "codelist_successor": null, "description": ""}, "model": "iati_codelists.fileformat", "pk": "audio/vnd.vmx.cvsd"}, {"fields": {"category": "", "codelist_iati_version": "2.01", "name": "audio/vorbis", "codelist_successor": null, "description": ""}, "model": "iati_codelists.fileformat", "pk": "audio/vorbis"}, {"fields": {"category": "", "codelist_iati_version": "2.01", "name": "audio/vorbis-config", "codelist_successor": null, "description": ""}, "model": "iati_codelists.fileformat", "pk": "audio/vorbis-config"}, {"fields": {"category": "", "codelist_iati_version": "2.01", "name": "image/cgm", "codelist_successor": null, "description": ""}, "model": "iati_codelists.fileformat", "pk": "image/cgm"}, {"fields": {"category": "", "codelist_iati_version": "2.01", "name": "image/example", "codelist_successor": null, "description": ""}, "model": "iati_codelists.fileformat", "pk": "image/example"}, {"fields": {"category": "", "codelist_iati_version": "2.01", "name": "image/fits", "codelist_successor": null, "description": ""}, "model": "iati_codelists.fileformat", "pk": "image/fits"}, {"fields": {"category": "", "codelist_iati_version": "2.01", "name": "image/g3fax", "codelist_successor": null, "description": ""}, "model": "iati_codelists.fileformat", "pk": "image/g3fax"}, {"fields": {"category": "", "codelist_iati_version": "2.01", "name": "image/gif", "codelist_successor": null, "description": ""}, "model": "iati_codelists.fileformat", "pk": "image/gif"}, {"fields": {"category": "", "codelist_iati_version": "2.01", "name": "image/ief", "codelist_successor": null, "description": ""}, "model": "iati_codelists.fileformat", "pk": "image/ief"}, {"fields": {"category": "", "codelist_iati_version": "2.01", "name": "image/jp2", "codelist_successor": null, "description": ""}, "model": "iati_codelists.fileformat", "pk": "image/jp2"}, {"fields": {"category": "", "codelist_iati_version": "2.01", "name": "image/jpeg", "codelist_successor": null, "description": ""}, "model": "iati_codelists.fileformat", "pk": "image/jpeg"}, {"fields": {"category": "", "codelist_iati_version": "2.01", "name": "image/jpm", "codelist_successor": null, "description": ""}, "model": "iati_codelists.fileformat", "pk": "image/jpm"}, {"fields": {"category": "", "codelist_iati_version": "2.01", "name": "image/jpx", "codelist_successor": null, "description": ""}, "model": "iati_codelists.fileformat", "pk": "image/jpx"}, {"fields": {"category": "", "codelist_iati_version": "2.01", "name": "image/ktx", "codelist_successor": null, "description": ""}, "model": "iati_codelists.fileformat", "pk": "image/ktx"}, {"fields": {"category": "", "codelist_iati_version": "2.01", "name": "image/naplps", "codelist_successor": null, "description": ""}, "model": "iati_codelists.fileformat", "pk": "image/naplps"}, {"fields": {"category": "", "codelist_iati_version": "2.01", "name": "image/png", "codelist_successor": null, "description": ""}, "model": "iati_codelists.fileformat", "pk": "image/png"}, {"fields": {"category": "", "codelist_iati_version": "2.01", "name": "image/prs.btif", "codelist_successor": null, "description": ""}, "model": "iati_codelists.fileformat", "pk": "image/prs.btif"}, {"fields": {"category": "", "codelist_iati_version": "2.01", "name": "image/prs.pti", "codelist_successor": null, "description": ""}, "model": "iati_codelists.fileformat", "pk": "image/prs.pti"}, {"fields": {"category": "", "codelist_iati_version": "2.01", "name": "image/pwg-raster", "codelist_successor": null, "description": ""}, "model": "iati_codelists.fileformat", "pk": "image/pwg-raster"}, {"fields": {"category": "", "codelist_iati_version": "2.01", "name": "image/svg+xml", "codelist_successor": null, "description": ""}, "model": "iati_codelists.fileformat", "pk": "image/svg+xml"}, {"fields": {"category": "", "codelist_iati_version": "2.01", "name": "image/t38", "codelist_successor": null, "description": ""}, "model": "iati_codelists.fileformat", "pk": "image/t38"}, {"fields": {"category": "", "codelist_iati_version": "2.01", "name": "image/tiff", "codelist_successor": null, "description": ""}, "model": "iati_codelists.fileformat", "pk": "image/tiff"}, {"fields": {"category": "", "codelist_iati_version": "2.01", "name": "image/tiff-fx", "codelist_successor": null, "description": ""}, "model": "iati_codelists.fileformat", "pk": "image/tiff-fx"}, {"fields": {"category": "", "codelist_iati_version": "2.01", "name": "image/vnd.adobe.photoshop", "codelist_successor": null, "description": ""}, "model": "iati_codelists.fileformat", "pk": "image/vnd.adobe.photoshop"}, {"fields": {"category": "", "codelist_iati_version": "2.01", "name": "image/vnd.airzip.accelerator.azv", "codelist_successor": null, "description": ""}, "model": "iati_codelists.fileformat", "pk": "image/vnd.airzip.accelerator.azv"}, {"fields": {"category": "", "codelist_iati_version": "2.01", "name": "image/vnd.cns.inf2", "codelist_successor": null, "description": ""}, "model": "iati_codelists.fileformat", "pk": "image/vnd.cns.inf2"}, {"fields": {"category": "", "codelist_iati_version": "2.01", "name": "image/vnd.dece.graphic", "codelist_successor": null, "description": ""}, "model": "iati_codelists.fileformat", "pk": "image/vnd.dece.graphic"}, {"fields": {"category": "", "codelist_iati_version": "2.01", "name": "image/vnd.djvu", "codelist_successor": null, "description": ""}, "model": "iati_codelists.fileformat", "pk": "image/vnd.djvu"}, {"fields": {"category": "", "codelist_iati_version": "2.01", "name": "image/vnd.dvb.subtitle", "codelist_successor": null, "description": ""}, "model": "iati_codelists.fileformat", "pk": "image/vnd.dvb.subtitle"}, {"fields": {"category": "", "codelist_iati_version": "2.01", "name": "image/vnd.dwg", "codelist_successor": null, "description": ""}, "model": "iati_codelists.fileformat", "pk": "image/vnd.dwg"}, {"fields": {"category": "", "codelist_iati_version": "2.01", "name": "image/vnd.dxf", "codelist_successor": null, "description": ""}, "model": "iati_codelists.fileformat", "pk": "image/vnd.dxf"}, {"fields": {"category": "", "codelist_iati_version": "2.01", "name": "image/vnd.fastbidsheet", "codelist_successor": null, "description": ""}, "model": "iati_codelists.fileformat", "pk": "image/vnd.fastbidsheet"}, {"fields": {"category": "", "codelist_iati_version": "2.01", "name": "image/vnd.fpx", "codelist_successor": null, "description": ""}, "model": "iati_codelists.fileformat", "pk": "image/vnd.fpx"}, {"fields": {"category": "", "codelist_iati_version": "2.01", "name": "image/vnd.fst", "codelist_successor": null, "description": ""}, "model": "iati_codelists.fileformat", "pk": "image/vnd.fst"}, {"fields": {"category": "", "codelist_iati_version": "2.01", "name": "image/vnd.fujixerox.edmics-mmr", "codelist_successor": null, "description": ""}, "model": "iati_codelists.fileformat", "pk": "image/vnd.fujixerox.edmics-mmr"}, {"fields": {"category": "", "codelist_iati_version": "2.01", "name": "image/vnd.fujixerox.edmics-rlc", "codelist_successor": null, "description": ""}, "model": "iati_codelists.fileformat", "pk": "image/vnd.fujixerox.edmics-rlc"}, {"fields": {"category": "", "codelist_iati_version": "2.01", "name": "image/vnd.globalgraphics.pgb", "codelist_successor": null, "description": ""}, "model": "iati_codelists.fileformat", "pk": "image/vnd.globalgraphics.pgb"}, {"fields": {"category": "", "codelist_iati_version": "2.01", "name": "image/vnd.microsoft.icon", "codelist_successor": null, "description": ""}, "model": "iati_codelists.fileformat", "pk": "image/vnd.microsoft.icon"}, {"fields": {"category": "", "codelist_iati_version": "2.01", "name": "image/vnd.mix", "codelist_successor": null, "description": ""}, "model": "iati_codelists.fileformat", "pk": "image/vnd.mix"}, {"fields": {"category": "", "codelist_iati_version": "2.01", "name": "image/vnd.ms-modi", "codelist_successor": null, "description": ""}, "model": "iati_codelists.fileformat", "pk": "image/vnd.ms-modi"}, {"fields": {"category": "", "codelist_iati_version": "2.01", "name": "image/vnd.net-fpx", "codelist_successor": null, "description": ""}, "model": "iati_codelists.fileformat", "pk": "image/vnd.net-fpx"}, {"fields": {"category": "", "codelist_iati_version": "2.01", "name": "image/vnd.radiance", "codelist_successor": null, "description": ""}, "model": "iati_codelists.fileformat", "pk": "image/vnd.radiance"}, {"fields": {"category": "", "codelist_iati_version": "2.01", "name": "image/vnd.sealedmedia.softseal.gif", "codelist_successor": null, "description": ""}, "model": "iati_codelists.fileformat", "pk": "image/vnd.sealedmedia.softseal.gif"}, {"fields": {"category": "", "codelist_iati_version": "2.01", "name": "image/vnd.sealedmedia.softseal.jpg", "codelist_successor": null, "description": ""}, "model": "iati_codelists.fileformat", "pk": "image/vnd.sealedmedia.softseal.jpg"}, {"fields": {"category": "", "codelist_iati_version": "2.01", "name": "image/vnd.sealed.png", "codelist_successor": null, "description": ""}, "model": "iati_codelists.fileformat", "pk": "image/vnd.sealed.png"}, {"fields": {"category": "", "codelist_iati_version": "2.01", "name": "image/vnd.svf", "codelist_successor": null, "description": ""}, "model": "iati_codelists.fileformat", "pk": "image/vnd.svf"}, {"fields": {"category": "", "codelist_iati_version": "2.01", "name": "image/vnd.valve.source.texture", "codelist_successor": null, "description": ""}, "model": "iati_codelists.fileformat", "pk": "image/vnd.valve.source.texture"}, {"fields": {"category": "", "codelist_iati_version": "2.01", "name": "image/vnd.wap.wbmp", "codelist_successor": null, "description": ""}, "model": "iati_codelists.fileformat", "pk": "image/vnd.wap.wbmp"}, {"fields": {"category": "", "codelist_iati_version": "2.01", "name": "image/vnd.xiff", "codelist_successor": null, "description": ""}, "model": "iati_codelists.fileformat", "pk": "image/vnd.xiff"}, {"fields": {"category": "", "codelist_iati_version": "2.01", "name": "message/CPIM", "codelist_successor": null, "description": ""}, "model": "iati_codelists.fileformat", "pk": "message/CPIM"}, {"fields": {"category": "", "codelist_iati_version": "2.01", "name": "message/delivery-status", "codelist_successor": null, "description": ""}, "model": "iati_codelists.fileformat", "pk": "message/delivery-status"}, {"fields": {"category": "", "codelist_iati_version": "2.01", "name": "message/disposition-notification", "codelist_successor": null, "description": ""}, "model": "iati_codelists.fileformat", "pk": "message/disposition-notification"}, {"fields": {"category": "", "codelist_iati_version": "2.01", "name": "message/example", "codelist_successor": null, "description": ""}, "model": "iati_codelists.fileformat", "pk": "message/example"}, {"fields": {"category": "", "codelist_iati_version": "2.01", "name": "message/external-body", "codelist_successor": null, "description": ""}, "model": "iati_codelists.fileformat", "pk": "message/external-body"}, {"fields": {"category": "", "codelist_iati_version": "2.01", "name": "message/feedback-report", "codelist_successor": null, "description": ""}, "model": "iati_codelists.fileformat", "pk": "message/feedback-report"}, {"fields": {"category": "", "codelist_iati_version": "2.01", "name": "message/global", "codelist_successor": null, "description": ""}, "model": "iati_codelists.fileformat", "pk": "message/global"}, {"fields": {"category": "", "codelist_iati_version": "2.01", "name": "message/global-delivery-status", "codelist_successor": null, "description": ""}, "model": "iati_codelists.fileformat", "pk": "message/global-delivery-status"}, {"fields": {"category": "", "codelist_iati_version": "2.01", "name": "message/global-disposition-notification", "codelist_successor": null, "description": ""}, "model": "iati_codelists.fileformat", "pk": "message/global-disposition-notification"}, {"fields": {"category": "", "codelist_iati_version": "2.01", "name": "message/global-headers", "codelist_successor": null, "description": ""}, "model": "iati_codelists.fileformat", "pk": "message/global-headers"}, {"fields": {"category": "", "codelist_iati_version": "2.01", "name": "message/http", "codelist_successor": null, "description": ""}, "model": "iati_codelists.fileformat", "pk": "message/http"}, {"fields": {"category": "", "codelist_iati_version": "2.01", "name": "message/imdn+xml", "codelist_successor": null, "description": ""}, "model": "iati_codelists.fileformat", "pk": "message/imdn+xml"}, {"fields": {"category": "", "codelist_iati_version": "2.01", "name": "message/news", "codelist_successor": null, "description": ""}, "model": "iati_codelists.fileformat", "pk": "message/news"}, {"fields": {"category": "", "codelist_iati_version": "2.01", "name": "message/partial", "codelist_successor": null, "description": ""}, "model": "iati_codelists.fileformat", "pk": "message/partial"}, {"fields": {"category": "", "codelist_iati_version": "2.01", "name": "message/rfc822", "codelist_successor": null, "description": ""}, "model": "iati_codelists.fileformat", "pk": "message/rfc822"}, {"fields": {"category": "", "codelist_iati_version": "2.01", "name": "message/s-http", "codelist_successor": null, "description": ""}, "model": "iati_codelists.fileformat", "pk": "message/s-http"}, {"fields": {"category": "", "codelist_iati_version": "2.01", "name": "message/sip", "codelist_successor": null, "description": ""}, "model": "iati_codelists.fileformat", "pk": "message/sip"}, {"fields": {"category": "", "codelist_iati_version": "2.01", "name": "message/sipfrag", "codelist_successor": null, "description": ""}, "model": "iati_codelists.fileformat", "pk": "message/sipfrag"}, {"fields": {"category": "", "codelist_iati_version": "2.01", "name": "message/tracking-status", "codelist_successor": null, "description": ""}, "model": "iati_codelists.fileformat", "pk": "message/tracking-status"}, {"fields": {"category": "", "codelist_iati_version": "2.01", "name": "message/vnd.si.simp", "codelist_successor": null, "description": ""}, "model": "iati_codelists.fileformat", "pk": "message/vnd.si.simp"}, {"fields": {"category": "", "codelist_iati_version": "2.01", "name": "message/vnd.wfa.wsc", "codelist_successor": null, "description": ""}, "model": "iati_codelists.fileformat", "pk": "message/vnd.wfa.wsc"}, {"fields": {"category": "", "codelist_iati_version": "2.01", "name": "model/example", "codelist_successor": null, "description": ""}, "model": "iati_codelists.fileformat", "pk": "model/example"}, {"fields": {"category": "", "codelist_iati_version": "2.01", "name": "model/iges", "codelist_successor": null, "description": ""}, "model": "iati_codelists.fileformat", "pk": "model/iges"}, {"fields": {"category": "", "codelist_iati_version": "2.01", "name": "model/mesh", "codelist_successor": null, "description": ""}, "model": "iati_codelists.fileformat", "pk": "model/mesh"}, {"fields": {"category": "", "codelist_iati_version": "2.01", "name": "model/vnd.collada+xml", "codelist_successor": null, "description": ""}, "model": "iati_codelists.fileformat", "pk": "model/vnd.collada+xml"}, {"fields": {"category": "", "codelist_iati_version": "2.01", "name": "model/vnd.dwf", "codelist_successor": null, "description": ""}, "model": "iati_codelists.fileformat", "pk": "model/vnd.dwf"}, {"fields": {"category": "", "codelist_iati_version": "2.01", "name": "model/vnd.flatland.3dml", "codelist_successor": null, "description": ""}, "model": "iati_codelists.fileformat", "pk": "model/vnd.flatland.3dml"}, {"fields": {"category": "", "codelist_iati_version": "2.01", "name": "model/vnd.gdl", "codelist_successor": null, "description": ""}, "model": "iati_codelists.fileformat", "pk": "model/vnd.gdl"}, {"fields": {"category": "", "codelist_iati_version": "2.01", "name": "model/vnd.gs-gdl", "codelist_successor": null, "description": ""}, "model": "iati_codelists.fileformat", "pk": "model/vnd.gs-gdl"}, {"fields": {"category": "", "codelist_iati_version": "2.01", "name": "model/vnd.gtw", "codelist_successor": null, "description": ""}, "model": "iati_codelists.fileformat", "pk": "model/vnd.gtw"}, {"fields": {"category": "", "codelist_iati_version": "2.01", "name": "model/vnd.moml+xml", "codelist_successor": null, "description": ""}, "model": "iati_codelists.fileformat", "pk": "model/vnd.moml+xml"}, {"fields": {"category": "", "codelist_iati_version": "2.01", "name": "model/vnd.mts", "codelist_successor": null, "description": ""}, "model": "iati_codelists.fileformat", "pk": "model/vnd.mts"}, {"fields": {"category": "", "codelist_iati_version": "2.01", "name": "model/vnd.parasolid.transmit.binary", "codelist_successor": null, "description": ""}, "model": "iati_codelists.fileformat", "pk": "model/vnd.parasolid.transmit.binary"}, {"fields": {"category": "", "codelist_iati_version": "2.01", "name": "model/vnd.parasolid.transmit.text", "codelist_successor": null, "description": ""}, "model": "iati_codelists.fileformat", "pk": "model/vnd.parasolid.transmit.text"}, {"fields": {"category": "", "codelist_iati_version": "2.01", "name": "model/vnd.vtu", "codelist_successor": null, "description": ""}, "model": "iati_codelists.fileformat", "pk": "model/vnd.vtu"}, {"fields": {"category": "", "codelist_iati_version": "2.01", "name": "model/vrml", "codelist_successor": null, "description": ""}, "model": "iati_codelists.fileformat", "pk": "model/vrml"}, {"fields": {"category": "", "codelist_iati_version": "2.01", "name": "model/x3d+fastinfoset", "codelist_successor": null, "description": ""}, "model": "iati_codelists.fileformat", "pk": "model/x3d+fastinfoset"}, {"fields": {"category": "", "codelist_iati_version": "2.01", "name": "model/x3d-vrml", "codelist_successor": null, "description": ""}, "model": "iati_codelists.fileformat", "pk": "model/x3d-vrml"}, {"fields": {"category": "", "codelist_iati_version": "2.01", "name": "model/x3d+xml", "codelist_successor": null, "description": ""}, "model": "iati_codelists.fileformat", "pk": "model/x3d+xml"}, {"fields": {"category": "", "codelist_iati_version": "2.01", "name": "multipart/alternative", "codelist_successor": null, "description": ""}, "model": "iati_codelists.fileformat", "pk": "multipart/alternative"}, {"fields": {"category": "", "codelist_iati_version": "2.01", "name": "multipart/appledouble", "codelist_successor": null, "description": ""}, "model": "iati_codelists.fileformat", "pk": "multipart/appledouble"}, {"fields": {"category": "", "codelist_iati_version": "2.01", "name": "multipart/byteranges", "codelist_successor": null, "description": ""}, "model": "iati_codelists.fileformat", "pk": "multipart/byteranges"}, {"fields": {"category": "", "codelist_iati_version": "2.01", "name": "multipart/digest", "codelist_successor": null, "description": ""}, "model": "iati_codelists.fileformat", "pk": "multipart/digest"}, {"fields": {"category": "", "codelist_iati_version": "2.01", "name": "multipart/encrypted", "codelist_successor": null, "description": ""}, "model": "iati_codelists.fileformat", "pk": "multipart/encrypted"}, {"fields": {"category": "", "codelist_iati_version": "2.01", "name": "multipart/example", "codelist_successor": null, "description": ""}, "model": "iati_codelists.fileformat", "pk": "multipart/example"}, {"fields": {"category": "", "codelist_iati_version": "2.01", "name": "multipart/form-data", "codelist_successor": null, "description": ""}, "model": "iati_codelists.fileformat", "pk": "multipart/form-data"}, {"fields": {"category": "", "codelist_iati_version": "2.01", "name": "multipart/header-set", "codelist_successor": null, "description": ""}, "model": "iati_codelists.fileformat", "pk": "multipart/header-set"}, {"fields": {"category": "", "codelist_iati_version": "2.01", "name": "multipart/mixed", "codelist_successor": null, "description": ""}, "model": "iati_codelists.fileformat", "pk": "multipart/mixed"}, {"fields": {"category": "", "codelist_iati_version": "2.01", "name": "multipart/parallel", "codelist_successor": null, "description": ""}, "model": "iati_codelists.fileformat", "pk": "multipart/parallel"}, {"fields": {"category": "", "codelist_iati_version": "2.01", "name": "multipart/related", "codelist_successor": null, "description": ""}, "model": "iati_codelists.fileformat", "pk": "multipart/related"}, {"fields": {"category": "", "codelist_iati_version": "2.01", "name": "multipart/report", "codelist_successor": null, "description": ""}, "model": "iati_codelists.fileformat", "pk": "multipart/report"}, {"fields": {"category": "", "codelist_iati_version": "2.01", "name": "multipart/signed", "codelist_successor": null, "description": ""}, "model": "iati_codelists.fileformat", "pk": "multipart/signed"}, {"fields": {"category": "", "codelist_iati_version": "2.01", "name": "multipart/voice-message", "codelist_successor": null, "description": ""}, "model": "iati_codelists.fileformat", "pk": "multipart/voice-message"}, {"fields": {"category": "", "codelist_iati_version": "2.01", "name": "text/1d-interleaved-parityfec", "codelist_successor": null, "description": ""}, "model": "iati_codelists.fileformat", "pk": "text/1d-interleaved-parityfec"}, {"fields": {"category": "", "codelist_iati_version": "2.01", "name": "text/calendar", "codelist_successor": null, "description": ""}, "model": "iati_codelists.fileformat", "pk": "text/calendar"}, {"fields": {"category": "", "codelist_iati_version": "2.01", "name": "text/css", "codelist_successor": null, "description": ""}, "model": "iati_codelists.fileformat", "pk": "text/css"}, {"fields": {"category": "", "codelist_iati_version": "2.01", "name": "text/csv", "codelist_successor": null, "description": ""}, "model": "iati_codelists.fileformat", "pk": "text/csv"}, {"fields": {"category": "", "codelist_iati_version": "2.01", "name": "text/directory", "codelist_successor": null, "description": ""}, "model": "iati_codelists.fileformat", "pk": "text/directory"}, {"fields": {"category": "", "codelist_iati_version": "2.01", "name": "text/dns", "codelist_successor": null, "description": ""}, "model": "iati_codelists.fileformat", "pk": "text/dns"}, {"fields": {"category": "", "codelist_iati_version": "2.01", "name": "text/ecmascript", "codelist_successor": null, "description": ""}, "model": "iati_codelists.fileformat", "pk": "text/ecmascript"}, {"fields": {"category": "", "codelist_iati_version": "2.01", "name": "text/encaprtp", "codelist_successor": null, "description": ""}, "model": "iati_codelists.fileformat", "pk": "text/encaprtp"}, {"fields": {"category": "", "codelist_iati_version": "2.01", "name": "text/enriched", "codelist_successor": null, "description": ""}, "model": "iati_codelists.fileformat", "pk": "text/enriched"}, {"fields": {"category": "", "codelist_iati_version": "2.01", "name": "text/example", "codelist_successor": null, "description": ""}, "model": "iati_codelists.fileformat", "pk": "text/example"}, {"fields": {"category": "", "codelist_iati_version": "2.01", "name": "text/fwdred", "codelist_successor": null, "description": ""}, "model": "iati_codelists.fileformat", "pk": "text/fwdred"}, {"fields": {"category": "", "codelist_iati_version": "2.01", "name": "text/grammar-ref-list", "codelist_successor": null, "description": ""}, "model": "iati_codelists.fileformat", "pk": "text/grammar-ref-list"}, {"fields": {"category": "", "codelist_iati_version": "2.01", "name": "text/html", "codelist_successor": null, "description": ""}, "model": "iati_codelists.fileformat", "pk": "text/html"}, {"fields": {"category": "", "codelist_iati_version": "2.01", "name": "text/javascript", "codelist_successor": null, "description": ""}, "model": "iati_codelists.fileformat", "pk": "text/javascript"}, {"fields": {"category": "", "codelist_iati_version": "2.01", "name": "text/jcr-cnd", "codelist_successor": null, "description": ""}, "model": "iati_codelists.fileformat", "pk": "text/jcr-cnd"}, {"fields": {"category": "", "codelist_iati_version": "2.01", "name": "text/mizar", "codelist_successor": null, "description": ""}, "model": "iati_codelists.fileformat", "pk": "text/mizar"}, {"fields": {"category": "", "codelist_iati_version": "2.01", "name": "text/n3", "codelist_successor": null, "description": ""}, "model": "iati_codelists.fileformat", "pk": "text/n3"}, {"fields": {"category": "", "codelist_iati_version": "2.01", "name": "text/parameters", "codelist_successor": null, "description": ""}, "model": "iati_codelists.fileformat", "pk": "text/parameters"}, {"fields": {"category": "", "codelist_iati_version": "2.01", "name": "text/parityfec", "codelist_successor": null, "description": ""}, "model": "iati_codelists.fileformat", "pk": "text/parityfec"}, {"fields": {"category": "", "codelist_iati_version": "2.01", "name": "text/plain", "codelist_successor": null, "description": ""}, "model": "iati_codelists.fileformat", "pk": "text/plain"}, {"fields": {"category": "", "codelist_iati_version": "2.01", "name": "text/provenance-notation", "codelist_successor": null, "description": ""}, "model": "iati_codelists.fileformat", "pk": "text/provenance-notation"}, {"fields": {"category": "", "codelist_iati_version": "2.01", "name": "text/prs.fallenstein.rst", "codelist_successor": null, "description": ""}, "model": "iati_codelists.fileformat", "pk": "text/prs.fallenstein.rst"}, {"fields": {"category": "", "codelist_iati_version": "2.01", "name": "text/prs.lines.tag", "codelist_successor": null, "description": ""}, "model": "iati_codelists.fileformat", "pk": "text/prs.lines.tag"}, {"fields": {"category": "", "codelist_iati_version": "2.01", "name": "text/raptorfec", "codelist_successor": null, "description": ""}, "model": "iati_codelists.fileformat", "pk": "text/raptorfec"}, {"fields": {"category": "", "codelist_iati_version": "2.01", "name": "text/RED", "codelist_successor": null, "description": ""}, "model": "iati_codelists.fileformat", "pk": "text/RED"}, {"fields": {"category": "", "codelist_iati_version": "2.01", "name": "text/rfc822-headers", "codelist_successor": null, "description": ""}, "model": "iati_codelists.fileformat", "pk": "text/rfc822-headers"}, {"fields": {"category": "", "codelist_iati_version": "2.01", "name": "text/richtext", "codelist_successor": null, "description": ""}, "model": "iati_codelists.fileformat", "pk": "text/richtext"}, {"fields": {"category": "", "codelist_iati_version": "2.01", "name": "text/rtf", "codelist_successor": null, "description": ""}, "model": "iati_codelists.fileformat", "pk": "text/rtf"}, {"fields": {"category": "", "codelist_iati_version": "2.01", "name": "text/rtp-enc-aescm128", "codelist_successor": null, "description": ""}, "model": "iati_codelists.fileformat", "pk": "text/rtp-enc-aescm128"}, {"fields": {"category": "", "codelist_iati_version": "2.01", "name": "text/rtploopback", "codelist_successor": null, "description": ""}, "model": "iati_codelists.fileformat", "pk": "text/rtploopback"}, {"fields": {"category": "", "codelist_iati_version": "2.01", "name": "text/rtx", "codelist_successor": null, "description": ""}, "model": "iati_codelists.fileformat", "pk": "text/rtx"}, {"fields": {"category": "", "codelist_iati_version": "2.01", "name": "text/sgml", "codelist_successor": null, "description": ""}, "model": "iati_codelists.fileformat", "pk": "text/sgml"}, {"fields": {"category": "", "codelist_iati_version": "2.01", "name": "text/t140", "codelist_successor": null, "description": ""}, "model": "iati_codelists.fileformat", "pk": "text/t140"}, {"fields": {"category": "", "codelist_iati_version": "2.01", "name": "text/tab-separated-values", "codelist_successor": null, "description": ""}, "model": "iati_codelists.fileformat", "pk": "text/tab-separated-values"}, {"fields": {"category": "", "codelist_iati_version": "2.01", "name": "text/troff", "codelist_successor": null, "description": ""}, "model": "iati_codelists.fileformat", "pk": "text/troff"}, {"fields": {"category": "", "codelist_iati_version": "2.01", "name": "text/turtle", "codelist_successor": null, "description": ""}, "model": "iati_codelists.fileformat", "pk": "text/turtle"}, {"fields": {"category": "", "codelist_iati_version": "2.01", "name": "text/ulpfec", "codelist_successor": null, "description": ""}, "model": "iati_codelists.fileformat", "pk": "text/ulpfec"}, {"fields": {"category": "", "codelist_iati_version": "2.01", "name": "text/uri-list", "codelist_successor": null, "description": ""}, "model": "iati_codelists.fileformat", "pk": "text/uri-list"}, {"fields": {"category": "", "codelist_iati_version": "2.01", "name": "text/vcard", "codelist_successor": null, "description": ""}, "model": "iati_codelists.fileformat", "pk": "text/vcard"}, {"fields": {"category": "", "codelist_iati_version": "2.01", "name": "text/vnd.a", "codelist_successor": null, "description": ""}, "model": "iati_codelists.fileformat", "pk": "text/vnd.a"}, {"fields": {"category": "", "codelist_iati_version": "2.01", "name": "text/vnd.abc", "codelist_successor": null, "description": ""}, "model": "iati_codelists.fileformat", "pk": "text/vnd.abc"}, {"fields": {"category": "", "codelist_iati_version": "2.01", "name": "text/vnd.curl", "codelist_successor": null, "description": ""}, "model": "iati_codelists.fileformat", "pk": "text/vnd.curl"}, {"fields": {"category": "", "codelist_iati_version": "2.01", "name": "text/vnd.debian.copyright", "codelist_successor": null, "description": ""}, "model": "iati_codelists.fileformat", "pk": "text/vnd.debian.copyright"}, {"fields": {"category": "", "codelist_iati_version": "2.01", "name": "text/vnd.DMClientScript", "codelist_successor": null, "description": ""}, "model": "iati_codelists.fileformat", "pk": "text/vnd.DMClientScript"}, {"fields": {"category": "", "codelist_iati_version": "2.01", "name": "text/vnd.dvb.subtitle", "codelist_successor": null, "description": ""}, "model": "iati_codelists.fileformat", "pk": "text/vnd.dvb.subtitle"}, {"fields": {"category": "", "codelist_iati_version": "2.01", "name": "text/vnd.esmertec.theme-descriptor", "codelist_successor": null, "description": ""}, "model": "iati_codelists.fileformat", "pk": "text/vnd.esmertec.theme-descriptor"}, {"fields": {"category": "", "codelist_iati_version": "2.01", "name": "text/vnd.fly", "codelist_successor": null, "description": ""}, "model": "iati_codelists.fileformat", "pk": "text/vnd.fly"}, {"fields": {"category": "", "codelist_iati_version": "2.01", "name": "text/vnd.fmi.flexstor", "codelist_successor": null, "description": ""}, "model": "iati_codelists.fileformat", "pk": "text/vnd.fmi.flexstor"}, {"fields": {"category": "", "codelist_iati_version": "2.01", "name": "text/vnd.graphviz", "codelist_successor": null, "description": ""}, "model": "iati_codelists.fileformat", "pk": "text/vnd.graphviz"}, {"fields": {"category": "", "codelist_iati_version": "2.01", "name": "text/vnd.in3d.3dml", "codelist_successor": null, "description": ""}, "model": "iati_codelists.fileformat", "pk": "text/vnd.in3d.3dml"}, {"fields": {"category": "", "codelist_iati_version": "2.01", "name": "text/vnd.in3d.spot", "codelist_successor": null, "description": ""}, "model": "iati_codelists.fileformat", "pk": "text/vnd.in3d.spot"}, {"fields": {"category": "", "codelist_iati_version": "2.01", "name": "text/vnd.IPTC.NewsML", "codelist_successor": null, "description": ""}, "model": "iati_codelists.fileformat", "pk": "text/vnd.IPTC.NewsML"}, {"fields": {"category": "", "codelist_iati_version": "2.01", "name": "text/vnd.IPTC.NITF", "codelist_successor": null, "description": ""}, "model": "iati_codelists.fileformat", "pk": "text/vnd.IPTC.NITF"}, {"fields": {"category": "", "codelist_iati_version": "2.01", "name": "text/vnd.latex-z", "codelist_successor": null, "description": ""}, "model": "iati_codelists.fileformat", "pk": "text/vnd.latex-z"}, {"fields": {"category": "", "codelist_iati_version": "2.01", "name": "text/vnd.motorola.reflex", "codelist_successor": null, "description": ""}, "model": "iati_codelists.fileformat", "pk": "text/vnd.motorola.reflex"}, {"fields": {"category": "", "codelist_iati_version": "2.01", "name": "text/vnd.ms-mediapackage", "codelist_successor": null, "description": ""}, "model": "iati_codelists.fileformat", "pk": "text/vnd.ms-mediapackage"}, {"fields": {"category": "", "codelist_iati_version": "2.01", "name": "text/vnd.net2phone.commcenter.command", "codelist_successor": null, "description": ""}, "model": "iati_codelists.fileformat", "pk": "text/vnd.net2phone.commcenter.command"}, {"fields": {"category": "", "codelist_iati_version": "2.01", "name": "text/vnd.radisys.msml-basic-layout", "codelist_successor": null, "description": ""}, "model": "iati_codelists.fileformat", "pk": "text/vnd.radisys.msml-basic-layout"}, {"fields": {"category": "", "codelist_iati_version": "2.01", "name": "text/vnd.si.uricatalogue", "codelist_successor": null, "description": ""}, "model": "iati_codelists.fileformat", "pk": "text/vnd.si.uricatalogue"}, {"fields": {"category": "", "codelist_iati_version": "2.01", "name": "text/vnd.sun.j2me.app-descriptor", "codelist_successor": null, "description": ""}, "model": "iati_codelists.fileformat", "pk": "text/vnd.sun.j2me.app-descriptor"}, {"fields": {"category": "", "codelist_iati_version": "2.01", "name": "text/vnd.trolltech.linguist", "codelist_successor": null, "description": ""}, "model": "iati_codelists.fileformat", "pk": "text/vnd.trolltech.linguist"}, {"fields": {"category": "", "codelist_iati_version": "2.01", "name": "text/vnd.wap.si", "codelist_successor": null, "description": ""}, "model": "iati_codelists.fileformat", "pk": "text/vnd.wap.si"}, {"fields": {"category": "", "codelist_iati_version": "2.01", "name": "text/vnd.wap.sl", "codelist_successor": null, "description": ""}, "model": "iati_codelists.fileformat", "pk": "text/vnd.wap.sl"}, {"fields": {"category": "", "codelist_iati_version": "2.01", "name": "text/vnd.wap.wml", "codelist_successor": null, "description": ""}, "model": "iati_codelists.fileformat", "pk": "text/vnd.wap.wml"}, {"fields": {"category": "", "codelist_iati_version": "2.01", "name": "text/vnd.wap.wmlscript", "codelist_successor": null, "description": ""}, "model": "iati_codelists.fileformat", "pk": "text/vnd.wap.wmlscript"}, {"fields": {"category": "", "codelist_iati_version": "2.01", "name": "text/xml", "codelist_successor": null, "description": ""}, "model": "iati_codelists.fileformat", "pk": "text/xml"}, {"fields": {"category": "", "codelist_iati_version": "2.01", "name": "text/xml-external-parsed-entity", "codelist_successor": null, "description": ""}, "model": "iati_codelists.fileformat", "pk": "text/xml-external-parsed-entity"}, {"fields": {"category": "", "codelist_iati_version": "2.01", "name": "video/1d-interleaved-parityfec", "codelist_successor": null, "description": ""}, "model": "iati_codelists.fileformat", "pk": "video/1d-interleaved-parityfec"}, {"fields": {"category": "", "codelist_iati_version": "2.01", "name": "video/3gpp", "codelist_successor": null, "description": ""}, "model": "iati_codelists.fileformat", "pk": "video/3gpp"}, {"fields": {"category": "", "codelist_iati_version": "2.01", "name": "video/3gpp2", "codelist_successor": null, "description": ""}, "model": "iati_codelists.fileformat", "pk": "video/3gpp2"}, {"fields": {"category": "", "codelist_iati_version": "2.01", "name": "video/3gpp-tt", "codelist_successor": null, "description": ""}, "model": "iati_codelists.fileformat", "pk": "video/3gpp-tt"}, {"fields": {"category": "", "codelist_iati_version": "2.01", "name": "video/BMPEG", "codelist_successor": null, "description": ""}, "model": "iati_codelists.fileformat", "pk": "video/BMPEG"}, {"fields": {"category": "", "codelist_iati_version": "2.01", "name": "video/BT656", "codelist_successor": null, "description": ""}, "model": "iati_codelists.fileformat", "pk": "video/BT656"}, {"fields": {"category": "", "codelist_iati_version": "2.01", "name": "video/CelB", "codelist_successor": null, "description": ""}, "model": "iati_codelists.fileformat", "pk": "video/CelB"}, {"fields": {"category": "", "codelist_iati_version": "2.01", "name": "video/DV", "codelist_successor": null, "description": ""}, "model": "iati_codelists.fileformat", "pk": "video/DV"}, {"fields": {"category": "", "codelist_iati_version": "2.01", "name": "video/encaprtp", "codelist_successor": null, "description": ""}, "model": "iati_codelists.fileformat", "pk": "video/encaprtp"}, {"fields": {"category": "", "codelist_iati_version": "2.01", "name": "video/example", "codelist_successor": null, "description": ""}, "model": "iati_codelists.fileformat", "pk": "video/example"}, {"fields": {"category": "", "codelist_iati_version": "2.01", "name": "video/H261", "codelist_successor": null, "description": ""}, "model": "iati_codelists.fileformat", "pk": "video/H261"}, {"fields": {"category": "", "codelist_iati_version": "2.01", "name": "video/H263", "codelist_successor": null, "description": ""}, "model": "iati_codelists.fileformat", "pk": "video/H263"}, {"fields": {"category": "", "codelist_iati_version": "2.01", "name": "video/H263-1998", "codelist_successor": null, "description": ""}, "model": "iati_codelists.fileformat", "pk": "video/H263-1998"}, {"fields": {"category": "", "codelist_iati_version": "2.01", "name": "video/H263-2000", "codelist_successor": null, "description": ""}, "model": "iati_codelists.fileformat", "pk": "video/H263-2000"}, {"fields": {"category": "", "codelist_iati_version": "2.01", "name": "video/H264", "codelist_successor": null, "description": ""}, "model": "iati_codelists.fileformat", "pk": "video/H264"}, {"fields": {"category": "", "codelist_iati_version": "2.01", "name": "video/H264-RCDO", "codelist_successor": null, "description": ""}, "model": "iati_codelists.fileformat", "pk": "video/H264-RCDO"}, {"fields": {"category": "", "codelist_iati_version": "2.01", "name": "video/H264-SVC", "codelist_successor": null, "description": ""}, "model": "iati_codelists.fileformat", "pk": "video/H264-SVC"}, {"fields": {"category": "", "codelist_iati_version": "2.01", "name": "video/iso.segment", "codelist_successor": null, "description": ""}, "model": "iati_codelists.fileformat", "pk": "video/iso.segment"}, {"fields": {"category": "", "codelist_iati_version": "2.01", "name": "video/JPEG", "codelist_successor": null, "description": ""}, "model": "iati_codelists.fileformat", "pk": "video/JPEG"}, {"fields": {"category": "", "codelist_iati_version": "2.01", "name": "video/jpeg2000", "codelist_successor": null, "description": ""}, "model": "iati_codelists.fileformat", "pk": "video/jpeg2000"}, {"fields": {"category": "", "codelist_iati_version": "2.01", "name": "video/MJ2", "codelist_successor": null, "description": ""}, "model": "iati_codelists.fileformat", "pk": "video/MJ2"}, {"fields": {"category": "", "codelist_iati_version": "2.01", "name": "video/MP1S", "codelist_successor": null, "description": ""}, "model": "iati_codelists.fileformat", "pk": "video/MP1S"}, {"fields": {"category": "", "codelist_iati_version": "2.01", "name": "video/MP2P", "codelist_successor": null, "description": ""}, "model": "iati_codelists.fileformat", "pk": "video/MP2P"}, {"fields": {"category": "", "codelist_iati_version": "2.01", "name": "video/MP2T", "codelist_successor": null, "description": ""}, "model": "iati_codelists.fileformat", "pk": "video/MP2T"}, {"fields": {"category": "", "codelist_iati_version": "2.01", "name": "video/mp4", "codelist_successor": null, "description": ""}, "model": "iati_codelists.fileformat", "pk": "video/mp4"}, {"fields": {"category": "", "codelist_iati_version": "2.01", "name": "video/MP4V-ES", "codelist_successor": null, "description": ""}, "model": "iati_codelists.fileformat", "pk": "video/MP4V-ES"}, {"fields": {"category": "", "codelist_iati_version": "2.01", "name": "video/mpeg", "codelist_successor": null, "description": ""}, "model": "iati_codelists.fileformat", "pk": "video/mpeg"}, {"fields": {"category": "", "codelist_iati_version": "2.01", "name": "video/mpeg4-generic", "codelist_successor": null, "description": ""}, "model": "iati_codelists.fileformat", "pk": "video/mpeg4-generic"}, {"fields": {"category": "", "codelist_iati_version": "2.01", "name": "video/MPV", "codelist_successor": null, "description": ""}, "model": "iati_codelists.fileformat", "pk": "video/MPV"}, {"fields": {"category": "", "codelist_iati_version": "2.01", "name": "video/nv", "codelist_successor": null, "description": ""}, "model": "iati_codelists.fileformat", "pk": "video/nv"}, {"fields": {"category": "", "codelist_iati_version": "2.01", "name": "video/ogg", "codelist_successor": null, "description": ""}, "model": "iati_codelists.fileformat", "pk": "video/ogg"}, {"fields": {"category": "", "codelist_iati_version": "2.01", "name": "video/parityfec", "codelist_successor": null, "description": ""}, "model": "iati_codelists.fileformat", "pk": "video/parityfec"}, {"fields": {"category": "", "codelist_iati_version": "2.01", "name": "video/pointer", "codelist_successor": null, "description": ""}, "model": "iati_codelists.fileformat", "pk": "video/pointer"}, {"fields": {"category": "", "codelist_iati_version": "2.01", "name": "video/quicktime", "codelist_successor": null, "description": ""}, "model": "iati_codelists.fileformat", "pk": "video/quicktime"}, {"fields": {"category": "", "codelist_iati_version": "2.01", "name": "video/raptorfec", "codelist_successor": null, "description": ""}, "model": "iati_codelists.fileformat", "pk": "video/raptorfec"}, {"fields": {"category": "", "codelist_iati_version": "2.01", "name": "video/raw", "codelist_successor": null, "description": ""}, "model": "iati_codelists.fileformat", "pk": "video/raw"}, {"fields": {"category": "", "codelist_iati_version": "2.01", "name": "video/rtp-enc-aescm128", "codelist_successor": null, "description": ""}, "model": "iati_codelists.fileformat", "pk": "video/rtp-enc-aescm128"}, {"fields": {"category": "", "codelist_iati_version": "2.01", "name": "video/rtploopback", "codelist_successor": null, "description": ""}, "model": "iati_codelists.fileformat", "pk": "video/rtploopback"}, {"fields": {"category": "", "codelist_iati_version": "2.01", "name": "video/rtx", "codelist_successor": null, "description": ""}, "model": "iati_codelists.fileformat", "pk": "video/rtx"}, {"fields": {"category": "", "codelist_iati_version": "2.01", "name": "video/SMPTE292M", "codelist_successor": null, "description": ""}, "model": "iati_codelists.fileformat", "pk": "video/SMPTE292M"}, {"fields": {"category": "", "codelist_iati_version": "2.01", "name": "video/ulpfec", "codelist_successor": null, "description": ""}, "model": "iati_codelists.fileformat", "pk": "video/ulpfec"}, {"fields": {"category": "", "codelist_iati_version": "2.01", "name": "video/vc1", "codelist_successor": null, "description": ""}, "model": "iati_codelists.fileformat", "pk": "video/vc1"}, {"fields": {"category": "", "codelist_iati_version": "2.01", "name": "video/vnd.CCTV", "codelist_successor": null, "description": ""}, "model": "iati_codelists.fileformat", "pk": "video/vnd.CCTV"}, {"fields": {"category": "", "codelist_iati_version": "2.01", "name": "video/vnd.dece.hd", "codelist_successor": null, "description": ""}, "model": "iati_codelists.fileformat", "pk": "video/vnd.dece.hd"}, {"fields": {"category": "", "codelist_iati_version": "2.01", "name": "video/vnd.dece.mobile", "codelist_successor": null, "description": ""}, "model": "iati_codelists.fileformat", "pk": "video/vnd.dece.mobile"}, {"fields": {"category": "", "codelist_iati_version": "2.01", "name": "video/vnd.dece.mp4", "codelist_successor": null, "description": ""}, "model": "iati_codelists.fileformat", "pk": "video/vnd.dece.mp4"}, {"fields": {"category": "", "codelist_iati_version": "2.01", "name": "video/vnd.dece.pd", "codelist_successor": null, "description": ""}, "model": "iati_codelists.fileformat", "pk": "video/vnd.dece.pd"}, {"fields": {"category": "", "codelist_iati_version": "2.01", "name": "video/vnd.dece.sd", "codelist_successor": null, "description": ""}, "model": "iati_codelists.fileformat", "pk": "video/vnd.dece.sd"}, {"fields": {"category": "", "codelist_iati_version": "2.01", "name": "video/vnd.dece.video", "codelist_successor": null, "description": ""}, "model": "iati_codelists.fileformat", "pk": "video/vnd.dece.video"}, {"fields": {"category": "", "codelist_iati_version": "2.01", "name": "video/vnd.directv.mpeg", "codelist_successor": null, "description": ""}, "model": "iati_codelists.fileformat", "pk": "video/vnd.directv.mpeg"}, {"fields": {"category": "", "codelist_iati_version": "2.01", "name": "video/vnd.directv.mpeg-tts", "codelist_successor": null, "description": ""}, "model": "iati_codelists.fileformat", "pk": "video/vnd.directv.mpeg-tts"}, {"fields": {"category": "", "codelist_iati_version": "2.01", "name": "video/vnd.dlna.mpeg-tts", "codelist_successor": null, "description": ""}, "model": "iati_codelists.fileformat", "pk": "video/vnd.dlna.mpeg-tts"}, {"fields": {"category": "", "codelist_iati_version": "2.01", "name": "video/vnd.dvb.file", "codelist_successor": null, "description": ""}, "model": "iati_codelists.fileformat", "pk": "video/vnd.dvb.file"}, {"fields": {"category": "", "codelist_iati_version": "2.01", "name": "video/vnd.fvt", "codelist_successor": null, "description": ""}, "model": "iati_codelists.fileformat", "pk": "video/vnd.fvt"}, {"fields": {"category": "", "codelist_iati_version": "2.01", "name": "video/vnd.hns.video", "codelist_successor": null, "description": ""}, "model": "iati_codelists.fileformat", "pk": "video/vnd.hns.video"}, {"fields": {"category": "", "codelist_iati_version": "2.01", "name": "video/vnd.iptvforum.1dparityfec-1010", "codelist_successor": null, "description": ""}, "model": "iati_codelists.fileformat", "pk": "video/vnd.iptvforum.1dparityfec-1010"}, {"fields": {"category": "", "codelist_iati_version": "2.01", "name": "video/vnd.iptvforum.1dparityfec-2005", "codelist_successor": null, "description": ""}, "model": "iati_codelists.fileformat", "pk": "video/vnd.iptvforum.1dparityfec-2005"}, {"fields": {"category": "", "codelist_iati_version": "2.01", "name": "video/vnd.iptvforum.2dparityfec-1010", "codelist_successor": null, "description": ""}, "model": "iati_codelists.fileformat", "pk": "video/vnd.iptvforum.2dparityfec-1010"}, {"fields": {"category": "", "codelist_iati_version": "2.01", "name": "video/vnd.iptvforum.2dparityfec-2005", "codelist_successor": null, "description": ""}, "model": "iati_codelists.fileformat", "pk": "video/vnd.iptvforum.2dparityfec-2005"}, {"fields": {"category": "", "codelist_iati_version": "2.01", "name": "video/vnd.iptvforum.ttsavc", "codelist_successor": null, "description": ""}, "model": "iati_codelists.fileformat", "pk": "video/vnd.iptvforum.ttsavc"}, {"fields": {"category": "", "codelist_iati_version": "2.01", "name": "video/vnd.iptvforum.ttsmpeg2", "codelist_successor": null, "description": ""}, "model": "iati_codelists.fileformat", "pk": "video/vnd.iptvforum.ttsmpeg2"}, {"fields": {"category": "", "codelist_iati_version": "2.01", "name": "video/vnd.motorola.video", "codelist_successor": null, "description": ""}, "model": "iati_codelists.fileformat", "pk": "video/vnd.motorola.video"}, {"fields": {"category": "", "codelist_iati_version": "2.01", "name": "video/vnd.motorola.videop", "codelist_successor": null, "description": ""}, "model": "iati_codelists.fileformat", "pk": "video/vnd.motorola.videop"}, {"fields": {"category": "", "codelist_iati_version": "2.01", "name": "video/vnd.mpegurl", "codelist_successor": null, "description": ""}, "model": "iati_codelists.fileformat", "pk": "video/vnd.mpegurl"}, {"fields": {"category": "", "codelist_iati_version": "2.01", "name": "video/vnd.ms-playready.media.pyv", "codelist_successor": null, "description": ""}, "model": "iati_codelists.fileformat", "pk": "video/vnd.ms-playready.media.pyv"}, {"fields": {"category": "", "codelist_iati_version": "2.01", "name": "video/vnd.nokia.interleaved-multimedia", "codelist_successor": null, "description": ""}, "model": "iati_codelists.fileformat", "pk": "video/vnd.nokia.interleaved-multimedia"}, {"fields": {"category": "", "codelist_iati_version": "2.01", "name": "video/vnd.nokia.videovoip", "codelist_successor": null, "description": ""}, "model": "iati_codelists.fileformat", "pk": "video/vnd.nokia.videovoip"}, {"fields": {"category": "", "codelist_iati_version": "2.01", "name": "video/vnd.objectvideo", "codelist_successor": null, "description": ""}, "model": "iati_codelists.fileformat", "pk": "video/vnd.objectvideo"}, {"fields": {"category": "", "codelist_iati_version": "2.01", "name": "video/vnd.radgamettools.bink", "codelist_successor": null, "description": ""}, "model": "iati_codelists.fileformat", "pk": "video/vnd.radgamettools.bink"}, {"fields": {"category": "", "codelist_iati_version": "2.01", "name": "video/vnd.radgamettools.smacker", "codelist_successor": null, "description": ""}, "model": "iati_codelists.fileformat", "pk": "video/vnd.radgamettools.smacker"}, {"fields": {"category": "", "codelist_iati_version": "2.01", "name": "video/vnd.sealedmedia.softseal.mov", "codelist_successor": null, "description": ""}, "model": "iati_codelists.fileformat", "pk": "video/vnd.sealedmedia.softseal.mov"}, {"fields": {"category": "", "codelist_iati_version": "2.01", "name": "video/vnd.sealed.mpeg1", "codelist_successor": null, "description": ""}, "model": "iati_codelists.fileformat", "pk": "video/vnd.sealed.mpeg1"}, {"fields": {"category": "", "codelist_iati_version": "2.01", "name": "video/vnd.sealed.mpeg4", "codelist_successor": null, "description": ""}, "model": "iati_codelists.fileformat", "pk": "video/vnd.sealed.mpeg4"}, {"fields": {"category": "", "codelist_iati_version": "2.01", "name": "video/vnd.sealed.swf", "codelist_successor": null, "description": ""}, "model": "iati_codelists.fileformat", "pk": "video/vnd.sealed.swf"}, {"fields": {"category": "", "codelist_iati_version": "2.01", "name": "video/vnd.uvvu.mp4", "codelist_successor": null, "description": ""}, "model": "iati_codelists.fileformat", "pk": "video/vnd.uvvu.mp4"}, {"fields": {"category": "", "codelist_iati_version": "2.01", "name": "video/vnd.vivo", "codelist_successor": null, "description": ""}, "model": "iati_codelists.fileformat", "pk": "video/vnd.vivo"}, {"fields": {"codelist_iati_version": "2.01", "name": "GRANT", "codelist_successor": null, "description": "Transfers in cash or in kind for which no legal debt is incurred by the recipient."}, "model": "iati_codelists.financetypecategory", "pk": "100"}, {"fields": {"codelist_iati_version": "2.01", "name": "INTEREST SUBSIDY", "codelist_successor": null, "description": "Subsidies to soften the terms of private export credits, or loans or credits by the banking sector."}, "model": "iati_codelists.financetypecategory", "pk": "200"}, {"fields": {"codelist_iati_version": "2.01", "name": "CAPITAL SUBSCRIPTION", "codelist_successor": null, "description": "Payments to multilateral agencies in the form of notes and similar instruments, unconditionally cashable at sight by the recipient institutions."}, "model": "iati_codelists.financetypecategory", "pk": "300"}, {"fields": {"codelist_iati_version": "2.01", "name": "LOAN", "codelist_successor": null, "description": "Transfers in cash or in kind for which the recipient incurs legal debt."}, "model": "iati_codelists.financetypecategory", "pk": "400"}, {"fields": {"codelist_iati_version": "2.01", "name": "EXPORT CREDIT", "codelist_successor": null, "description": "Official or private loans which are primarily export-facilitating in purpose. They are usually tied to a specific export from the extending country and not represented by a negotiable instrument."}, "model": "iati_codelists.financetypecategory", "pk": "450"}, {"fields": {"codelist_iati_version": "2.01", "name": "EQUITY", "codelist_successor": null, "description": "Investment in a country on the DAC List of ODA Recipients that is not made to acquire a lasting interest in an enterprise."}, "model": "iati_codelists.financetypecategory", "pk": "500"}, {"fields": {"codelist_iati_version": "2.01", "name": "DEBT RELIEF", "codelist_successor": null, "description": "Debt cancellations, debt conversions, debt rescheduling within or outside the framework of the Paris Club."}, "model": "iati_codelists.financetypecategory", "pk": "600"}, {"fields": {"codelist_iati_version": "2.01", "name": "INVESTMENT", "codelist_successor": null, "description": "Investment made by a private entity resident in a reporting country to acquire or add to a lasting interest(1) in an enterprise in a country on the DAC List of ODA Recipients."}, "model": "iati_codelists.financetypecategory", "pk": "700"}, {"fields": {"codelist_iati_version": "2.01", "name": "BONDS", "codelist_successor": null, "description": "Acquisition of bonds issued by developing countries."}, "model": "iati_codelists.financetypecategory", "pk": "800"}, {"fields": {"codelist_iati_version": "2.01", "name": "OTHER SECURITIES/CLAIMS", "codelist_successor": null, "description": ""}, "model": "iati_codelists.financetypecategory", "pk": "900"}, {"fields": {"category": "100", "codelist_iati_version": "2.01", "name": "Aid grant excluding debt reorganisation", "codelist_successor": null, "description": ""}, "model": "iati_codelists.financetype", "pk": "110"}, {"fields": {"category": "100", "codelist_iati_version": "2.01", "name": "Subsidies to national private investors", "codelist_successor": null, "description": ""}, "model": "iati_codelists.financetype", "pk": "111"}, {"fields": {"category": "200", "codelist_iati_version": "2.01", "name": "Interest subsidy grant in AF", "codelist_successor": null, "description": ""}, "model": "iati_codelists.financetype", "pk": "210"}, {"fields": {"category": "200", "codelist_iati_version": "2.01", "name": "Interest subsidy to national private exporters", "codelist_successor": null, "description": ""}, "model": "iati_codelists.financetype", "pk": "211"}, {"fields": {"category": "300", "codelist_iati_version": "2.01", "name": "Deposit basis", "codelist_successor": null, "description": ""}, "model": "iati_codelists.financetype", "pk": "310"}, {"fields": {"category": "300", "codelist_iati_version": "2.01", "name": "Encashment basis", "codelist_successor": null, "description": ""}, "model": "iati_codelists.financetype", "pk": "311"}, {"fields": {"category": "400", "codelist_iati_version": "2.01", "name": "Aid loan excluding debt reorganisation", "codelist_successor": null, "description": ""}, "model": "iati_codelists.financetype", "pk": "410"}, {"fields": {"category": "400", "codelist_iati_version": "2.01", "name": "Investment-related loan to developing countries", "codelist_successor": null, "description": ""}, "model": "iati_codelists.financetype", "pk": "411"}, {"fields": {"category": "400", "codelist_iati_version": "2.01", "name": "Loan in a joint venture with the recipient", "codelist_successor": null, "description": ""}, "model": "iati_codelists.financetype", "pk": "412"}, {"fields": {"category": "400", "codelist_iati_version": "2.01", "name": "Loan to national private investor", "codelist_successor": null, "description": ""}, "model": "iati_codelists.financetype", "pk": "413"}, {"fields": {"category": "400", "codelist_iati_version": "2.01", "name": "Loan to national private exporter", "codelist_successor": null, "description": ""}, "model": "iati_codelists.financetype", "pk": "414"}, {"fields": {"category": "450", "codelist_iati_version": "2.01", "name": "Non-banks guaranteed export credits", "codelist_successor": null, "description": ""}, "model": "iati_codelists.financetype", "pk": "451"}, {"fields": {"category": "450", "codelist_iati_version": "2.01", "name": "Non-banks non-guaranteed portions of guaranteed export credits", "codelist_successor": null, "description": ""}, "model": "iati_codelists.financetype", "pk": "452"}, {"fields": {"category": "450", "codelist_iati_version": "2.01", "name": "Bank export credits", "codelist_successor": null, "description": ""}, "model": "iati_codelists.financetype", "pk": "453"}, {"fields": {"category": "500", "codelist_iati_version": "2.01", "name": "Acquisition of equity as part of a joint venture with the recipient", "codelist_successor": null, "description": ""}, "model": "iati_codelists.financetype", "pk": "510"}, {"fields": {"category": "500", "codelist_iati_version": "2.01", "name": "Acquisition of equity not part of joint venture in developing countries", "codelist_successor": null, "description": ""}, "model": "iati_codelists.financetype", "pk": "511"}, {"fields": {"category": "500", "codelist_iati_version": "2.01", "name": "Other acquisition of equity. Investment in a country on the DAC List of ODA Recipients that is not made to acquire a lasting interest in an enterprise.", "codelist_successor": null, "description": ""}, "model": "iati_codelists.financetype", "pk": "512"}, {"fields": {"category": "600", "codelist_iati_version": "2.01", "name": "Debt forgiveness: ODA claims (P)", "codelist_successor": null, "description": ""}, "model": "iati_codelists.financetype", "pk": "610"}, {"fields": {"category": "600", "codelist_iati_version": "2.01", "name": "Debt forgiveness: ODA claims (I)", "codelist_successor": null, "description": ""}, "model": "iati_codelists.financetype", "pk": "611"}, {"fields": {"category": "600", "codelist_iati_version": "2.01", "name": "Debt forgiveness: OOF claims (P)", "codelist_successor": null, "description": ""}, "model": "iati_codelists.financetype", "pk": "612"}, {"fields": {"category": "600", "codelist_iati_version": "2.01", "name": "Debt forgiveness: OOF claims (I)", "codelist_successor": null, "description": ""}, "model": "iati_codelists.financetype", "pk": "613"}, {"fields": {"category": "600", "codelist_iati_version": "2.01", "name": "Debt forgiveness: Private claims (P)", "codelist_successor": null, "description": ""}, "model": "iati_codelists.financetype", "pk": "614"}, {"fields": {"category": "600", "codelist_iati_version": "2.01", "name": "Debt forgiveness: Private claims (I)", "codelist_successor": null, "description": ""}, "model": "iati_codelists.financetype", "pk": "615"}, {"fields": {"category": "600", "codelist_iati_version": "2.01", "name": "Debt forgiveness: OOF claims (DSR)", "codelist_successor": null, "description": ""}, "model": "iati_codelists.financetype", "pk": "616"}, {"fields": {"category": "600", "codelist_iati_version": "2.01", "name": "Debt forgiveness: Private claims (DSR)", "codelist_successor": null, "description": ""}, "model": "iati_codelists.financetype", "pk": "617"}, {"fields": {"category": "600", "codelist_iati_version": "2.01", "name": "Debt forgiveness: Other", "codelist_successor": null, "description": ""}, "model": "iati_codelists.financetype", "pk": "618"}, {"fields": {"category": "600", "codelist_iati_version": "2.01", "name": "Debt rescheduling: ODA claims (P)", "codelist_successor": null, "description": ""}, "model": "iati_codelists.financetype", "pk": "620"}, {"fields": {"category": "600", "codelist_iati_version": "2.01", "name": "Debt rescheduling: ODA claims (I)", "codelist_successor": null, "description": ""}, "model": "iati_codelists.financetype", "pk": "621"}, {"fields": {"category": "600", "codelist_iati_version": "2.01", "name": "Debt rescheduling: OOF claims (P)", "codelist_successor": null, "description": ""}, "model": "iati_codelists.financetype", "pk": "622"}, {"fields": {"category": "600", "codelist_iati_version": "2.01", "name": "Debt rescheduling: OOF claims (I)", "codelist_successor": null, "description": ""}, "model": "iati_codelists.financetype", "pk": "623"}, {"fields": {"category": "600", "codelist_iati_version": "2.01", "name": "Debt rescheduling: Private claims (P)", "codelist_successor": null, "description": ""}, "model": "iati_codelists.financetype", "pk": "624"}, {"fields": {"category": "600", "codelist_iati_version": "2.01", "name": "Debt rescheduling: Private claims (I)", "codelist_successor": null, "description": ""}, "model": "iati_codelists.financetype", "pk": "625"}, {"fields": {"category": "600", "codelist_iati_version": "2.01", "name": "Debt rescheduling: OOF claims (DSR)", "codelist_successor": null, "description": ""}, "model": "iati_codelists.financetype", "pk": "626"}, {"fields": {"category": "600", "codelist_iati_version": "2.01", "name": "Debt rescheduling: Private claims (DSR)", "codelist_successor": null, "description": ""}, "model": "iati_codelists.financetype", "pk": "627"}, {"fields": {"category": "600", "codelist_iati_version": "2.01", "name": "Debt rescheduling: OOF claim (DSR - original loan principal)", "codelist_successor": null, "description": ""}, "model": "iati_codelists.financetype", "pk": "630"}, {"fields": {"category": "600", "codelist_iati_version": "2.01", "name": "Debt rescheduling: OOF claim (DSR - original loan interest)", "codelist_successor": null, "description": ""}, "model": "iati_codelists.financetype", "pk": "631"}, {"fields": {"category": "600", "codelist_iati_version": "2.01", "name": "Debt rescheduling: Private claim (DSR - original loan principal)", "codelist_successor": null, "description": ""}, "model": "iati_codelists.financetype", "pk": "632"}, {"fields": {"category": "700", "codelist_iati_version": "2.01", "name": "Foreign direct investment", "codelist_successor": null, "description": ""}, "model": "iati_codelists.financetype", "pk": "710"}, {"fields": {"category": "700", "codelist_iati_version": "2.01", "name": "Other foreign direct investment, including reinvested earnings", "codelist_successor": null, "description": ""}, "model": "iati_codelists.financetype", "pk": "711"}, {"fields": {"category": "800", "codelist_iati_version": "2.01", "name": "Bank bonds", "codelist_successor": null, "description": ""}, "model": "iati_codelists.financetype", "pk": "810"}, {"fields": {"category": "800", "codelist_iati_version": "2.01", "name": "Non-bank bonds", "codelist_successor": null, "description": ""}, "model": "iati_codelists.financetype", "pk": "811"}, {"fields": {"category": "900", "codelist_iati_version": "2.01", "name": "Other bank securities/claims", "codelist_successor": null, "description": ""}, "model": "iati_codelists.financetype", "pk": "910"}, {"fields": {"category": "900", "codelist_iati_version": "2.01", "name": "Other non-bank securities/claims", "codelist_successor": null, "description": ""}, "model": "iati_codelists.financetype", "pk": "911"}, {"fields": {"category": "900", "codelist_iati_version": "2.01", "name": "Securities and other instruments issued by multilateral agencies", "codelist_successor": null, "description": ""}, "model": "iati_codelists.financetype", "pk": "912"}, {"fields": {"codelist_iati_version": "2.01", "name": "ODA", "codelist_successor": null, "description": "Official Development Assistance"}, "model": "iati_codelists.flowtype", "pk": "10"}, {"fields": {"codelist_iati_version": "2.01", "name": "OOF", "codelist_successor": null, "description": "Other Official Flows"}, "model": "iati_codelists.flowtype", "pk": "20"}, {"fields": {"codelist_iati_version": "2.01", "name": "Private NGO and other private sources", "codelist_successor": null, "description": "Grants made by NGOs and other civil society organisations (e.e. philantropic foundations) based in the reporting DAC country"}, "model": "iati_codelists.flowtype", "pk": "30"}, {"fields": {"codelist_iati_version": "2.01", "name": "Private Market", "codelist_successor": null, "description": "Private market"}, "model": "iati_codelists.flowtype", "pk": "35"}, {"fields": {"codelist_iati_version": "2.01", "name": "Non flow", "codelist_successor": null, "description": "e.g. GNI"}, "model": "iati_codelists.flowtype", "pk": "40"}, {"fields": {"codelist_iati_version": "2.01", "name": "Other flows", "codelist_successor": null, "description": "e.g. non-ODA component of peacebuilding operations"}, "model": "iati_codelists.flowtype", "pk": "50"}, {"fields": {"codelist_iati_version": "2.01", "name": "Geonames.org", "codelist_successor": null, "description": ""}, "model": "iati_codelists.gazetteeragency", "pk": "1"}, {"fields": {"codelist_iati_version": "2.01", "name": "National Geospatial-Intelligence Agency", "codelist_successor": null, "description": ""}, "model": "iati_codelists.gazetteeragency", "pk": "2"}, {"fields": {"codelist_iati_version": "2.01", "name": "Open Street Map", "codelist_successor": null, "description": ""}, "model": "iati_codelists.gazetteeragency", "pk": "3"}, {"fields": {"codelist_iati_version": "2.01", "name": "Exact location", "codelist_successor": null, "description": "The coordinates corresponds to an exact location, such as a populated place or a hill. The code is also used for locations that join a location which is a line (such as a road or railroad). Lines are not coded only the points that connect lines. All points that are mentioned in the source are coded."}, "model": "iati_codelists.geographicalprecision", "pk": "1"}, {"fields": {"codelist_iati_version": "2.01", "name": "Near exact location", "codelist_successor": null, "description": "The location is mentioned in the source as being \"near\", in the \"area\" of, or up to 25 km away from an exact location. The coordinates refer to that adjacent, exact, location."}, "model": "iati_codelists.geographicalprecision", "pk": "2"}, {"fields": {"codelist_iati_version": "2.01", "name": "Second order administrative division", "codelist_successor": null, "description": "The location is, or lies in, a second order administrative division (ADM2), such as a district, municipality or commune"}, "model": "iati_codelists.geographicalprecision", "pk": "3"}, {"fields": {"codelist_iati_version": "2.01", "name": "First order administrative division", "codelist_successor": null, "description": "The location is, or lies in, a first order administrative division (ADM1), such as a province, state or governorate."}, "model": "iati_codelists.geographicalprecision", "pk": "4"}, {"fields": {"codelist_iati_version": "2.01", "name": "Estimated coordinates", "codelist_successor": null, "description": "The location can only be related to estimated coordinates, such as when a location lies between populated places; along rivers, roads and borders; more than 25 km away from a specific location; or when sources refer to parts of a country greater than ADM1 (e.g. \"northern Uganda\")."}, "model": "iati_codelists.geographicalprecision", "pk": "5"}, {"fields": {"codelist_iati_version": "2.01", "name": "Independent political entity", "codelist_successor": null, "description": "The location can only be related to an independent political entity, meaning the pair of coordinates that represent a country."}, "model": "iati_codelists.geographicalprecision", "pk": "6"}, {"fields": {"codelist_iati_version": "2.01", "name": "Unclear - capital", "codelist_successor": null, "description": "Unclear. The capital is assumed to be one of two possible locations. (The other option is the country level, with precision 9.)"}, "model": "iati_codelists.geographicalprecision", "pk": "7"}, {"fields": {"codelist_iati_version": "2.01", "name": "Local or national capital", "codelist_successor": null, "description": "The location is estimated to be a seat of an administrative division (local capital) or the national capital. If aid goes to Luanda without further specification on the location, and there is an ADM1 and a capital called Luanda, then code the coordinates of the capital with precision 8. If it is not spelled out that aid goes to the capital; but if it is clear that it goes to a government ministry or to government financial institutions; and if those institutions are most likely located in the capital; then the coordinates of the capital are coded with precision 8. (However, if it can be verified that the recipient institution is located in the capital then precision 1 is used.)"}, "model": "iati_codelists.geographicalprecision", "pk": "8"}, {"fields": {"codelist_iati_version": "2.01", "name": "Unclear - country", "codelist_successor": null, "description": "Unclear. The locations is estimated to be the country level (often paired with the capital, with precision 7)"}, "model": "iati_codelists.geographicalprecision", "pk": "9"}, {"fields": {"codelist_iati_version": "2.01", "name": "Administrative Region", "codelist_successor": null, "description": "The designated geographic location is an administrative region (state, county, province, district, municipality etc.)"}, "model": "iati_codelists.geographiclocationclass", "pk": "1"}, {"fields": {"codelist_iati_version": "2.01", "name": "Populated Place", "codelist_successor": null, "description": "The designated geographic location is a populated place (town, village, farm etc.)"}, "model": "iati_codelists.geographiclocationclass", "pk": "2"}, {"fields": {"codelist_iati_version": "2.01", "name": "Structure", "codelist_successor": null, "description": "The designated geopgraphic location is a structure (such as a school or a clinic)"}, "model": "iati_codelists.geographiclocationclass", "pk": "3"}, {"fields": {"codelist_iati_version": "2.01", "name": "Other Topographical Feature", "codelist_successor": null, "description": "The designated geographic location is a topographical feature, such as a mountain, a river, a forest"}, "model": "iati_codelists.geographiclocationclass", "pk": "4"}, {"fields": {"codelist_iati_version": "2.01", "name": "Activity", "codelist_successor": null, "description": "The location specifies where the activity is carried out"}, "model": "iati_codelists.geographiclocationreach", "pk": "1"}, {"fields": {"codelist_iati_version": "2.01", "name": "Intended Beneficiaries", "codelist_successor": null, "description": "The location specifies where the intended beneficiaries of the activity live"}, "model": "iati_codelists.geographiclocationreach", "pk": "2"}, {"fields": {"codelist_iati_version": "2.01", "name": "Exact", "codelist_successor": null, "description": "The designated geographic location is exact"}, "model": "iati_codelists.geographicexactness", "pk": "1"}, {"fields": {"codelist_iati_version": "2.01", "name": "Approximate", "codelist_successor": null, "description": "The designated geographic location is approximate"}, "model": "iati_codelists.geographicexactness", "pk": "2"}, {"fields": {"codelist_iati_version": "2.01", "name": "Administrative Region", "codelist_successor": null, "description": ""}, "model": "iati_codelists.locationtypecategory", "pk": "A"}, {"fields": {"codelist_iati_version": "2.01", "name": "Hydrographic", "codelist_successor": null, "description": ""}, "model": "iati_codelists.locationtypecategory", "pk": "H"}, {"fields": {"codelist_iati_version": "2.01", "name": "Area", "codelist_successor": null, "description": ""}, "model": "iati_codelists.locationtypecategory", "pk": "L"}, {"fields": {"codelist_iati_version": "2.01", "name": "Populated Place", "codelist_successor": null, "description": ""}, "model": "iati_codelists.locationtypecategory", "pk": "P"}, {"fields": {"codelist_iati_version": "2.01", "name": "Streets/Highways/Roads", "codelist_successor": null, "description": ""}, "model": "iati_codelists.locationtypecategory", "pk": "R"}, {"fields": {"codelist_iati_version": "2.01", "name": "Spot Features", "codelist_successor": null, "description": ""}, "model": "iati_codelists.locationtypecategory", "pk": "S"}, {"fields": {"codelist_iati_version": "2.01", "name": "Hypsographic", "codelist_successor": null, "description": ""}, "model": "iati_codelists.locationtypecategory", "pk": "T"}, {"fields": {"codelist_iati_version": "2.01", "name": "Undersea", "codelist_successor": null, "description": ""}, "model": "iati_codelists.locationtypecategory", "pk": "U"}, {"fields": {"codelist_iati_version": "2.01", "name": "Vegetation", "codelist_successor": null, "description": ""}, "model": "iati_codelists.locationtypecategory", "pk": "V"}, {"fields": {"category": "A", "codelist_iati_version": "2.01", "name": "first-order administrative division", "codelist_successor": null, "description": "a primary administrative division of a country, such as a state in the United States"}, "model": "iati_codelists.locationtype", "pk": "ADM1"}, {"fields": {"category": "A", "codelist_iati_version": "2.01", "name": "historical first-order administrative division", "codelist_successor": null, "description": "a former first-order administrative division"}, "model": "iati_codelists.locationtype", "pk": "ADM1H"}, {"fields": {"category": "A", "codelist_iati_version": "2.01", "name": "second-order administrative division", "codelist_successor": null, "description": "a subdivision of a first-order administrative division"}, "model": "iati_codelists.locationtype", "pk": "ADM2"}, {"fields": {"category": "A", "codelist_iati_version": "2.01", "name": "historical second-order administrative division", "codelist_successor": null, "description": "a former second-order administrative division"}, "model": "iati_codelists.locationtype", "pk": "ADM2H"}, {"fields": {"category": "A", "codelist_iati_version": "2.01", "name": "third-order administrative division", "codelist_successor": null, "description": "a subdivision of a second-order administrative division"}, "model": "iati_codelists.locationtype", "pk": "ADM3"}, {"fields": {"category": "A", "codelist_iati_version": "2.01", "name": "historical third-order administrative division", "codelist_successor": null, "description": "a former third-order administrative division"}, "model": "iati_codelists.locationtype", "pk": "ADM3H"}, {"fields": {"category": "A", "codelist_iati_version": "2.01", "name": "fourth-order administrative division", "codelist_successor": null, "description": "a subdivision of a third-order administrative division"}, "model": "iati_codelists.locationtype", "pk": "ADM4"}, {"fields": {"category": "A", "codelist_iati_version": "2.01", "name": "historical fourth-order administrative division", "codelist_successor": null, "description": "a former fourth-order administrative division"}, "model": "iati_codelists.locationtype", "pk": "ADM4H"}, {"fields": {"category": "A", "codelist_iati_version": "2.01", "name": "administrative division", "codelist_successor": null, "description": "an administrative division of a political entity, undifferentiated as to administrative level"}, "model": "iati_codelists.locationtype", "pk": "ADMD"}, {"fields": {"category": "A", "codelist_iati_version": "2.01", "name": "historical administrative division", "codelist_successor": null, "description": "a former administrative division of a political entity, undifferentiated as to administrative level"}, "model": "iati_codelists.locationtype", "pk": "ADMDH"}, {"fields": {"category": "S", "codelist_iati_version": "2.01", "name": "administrative facility", "codelist_successor": null, "description": "a government building"}, "model": "iati_codelists.locationtype", "pk": "ADMF"}, {"fields": {"category": "A", "codelist_iati_version": "2.01", "name": "school district", "codelist_successor": null, "description": "school district"}, "model": "iati_codelists.locationtype", "pk": "ADMS"}, {"fields": {"category": "L", "codelist_iati_version": "2.01", "name": "agricultural colony", "codelist_successor": null, "description": "a tract of land set aside for agricultural settlement"}, "model": "iati_codelists.locationtype", "pk": "AGRC"}, {"fields": {"category": "S", "codelist_iati_version": "2.01", "name": "agricultural facility", "codelist_successor": null, "description": "a building and/or tract of land used for improving agriculture"}, "model": "iati_codelists.locationtype", "pk": "AGRF"}, {"fields": {"category": "S", "codelist_iati_version": "2.01", "name": "airbase", "codelist_successor": null, "description": "an area used to store supplies, provide barracks for air force personnel, hangars and runways for aircraft, and from which operations are initiated"}, "model": "iati_codelists.locationtype", "pk": "AIRB"}, {"fields": {"category": "S", "codelist_iati_version": "2.01", "name": "airfield", "codelist_successor": null, "description": "a place on land where aircraft land and take off; no facilities provided for the commercial handling of passengers and cargo"}, "model": "iati_codelists.locationtype", "pk": "AIRF"}, {"fields": {"category": "S", "codelist_iati_version": "2.01", "name": "hangar", "codelist_successor": null, "description": "a covered and usually enclosed area for housing and repairing aircraft"}, "model": "iati_codelists.locationtype", "pk": "AIRG"}, {"fields": {"category": "S", "codelist_iati_version": "2.01", "name": "heliport", "codelist_successor": null, "description": "a place where helicopters land and take off"}, "model": "iati_codelists.locationtype", "pk": "AIRH"}, {"fields": {"category": "S", "codelist_iati_version": "2.01", "name": "airport", "codelist_successor": null, "description": "a place where aircraft regularly land and take off, with runways, navigational aids, and major facilities for the commercial handling of passengers and cargo"}, "model": "iati_codelists.locationtype", "pk": "AIRP"}, {"fields": {"category": "S", "codelist_iati_version": "2.01", "name": "abandoned airfield", "codelist_successor": null, "description": "abandoned airfield"}, "model": "iati_codelists.locationtype", "pk": "AIRQ"}, {"fields": {"category": "H", "codelist_iati_version": "2.01", "name": "seaplane landing area", "codelist_successor": null, "description": "a place on a waterbody where floatplanes land and take off"}, "model": "iati_codelists.locationtype", "pk": "AIRS"}, {"fields": {"category": "S", "codelist_iati_version": "2.01", "name": "terminal", "codelist_successor": null, "description": "airport facilities for the handling of freight and passengers"}, "model": "iati_codelists.locationtype", "pk": "AIRT"}, {"fields": {"category": "S", "codelist_iati_version": "2.01", "name": "amphitheater", "codelist_successor": null, "description": "an oval or circular structure with rising tiers of seats about a stage or open space"}, "model": "iati_codelists.locationtype", "pk": "AMTH"}, {"fields": {"category": "H", "codelist_iati_version": "2.01", "name": "anchorage", "codelist_successor": null, "description": "an area where vessels may anchor"}, "model": "iati_codelists.locationtype", "pk": "ANCH"}, {"fields": {"category": "S", "codelist_iati_version": "2.01", "name": "ancient site", "codelist_successor": null, "description": "a place where archeological remains, old structures, or cultural artifacts are located"}, "model": "iati_codelists.locationtype", "pk": "ANS"}, {"fields": {"category": "U", "codelist_iati_version": "2.01", "name": "undersea apron", "codelist_successor": null, "description": "a gentle slope, with a generally smooth surface, particularly found around groups of islands and seamounts"}, "model": "iati_codelists.locationtype", "pk": "APNU"}, {"fields": {"category": "S", "codelist_iati_version": "2.01", "name": "aquaculture facility", "codelist_successor": null, "description": "facility or area for the cultivation of aquatic animals and plants, especially fish, shellfish, and seaweed, in natural or controlled marine or freshwater environments; underwater agriculture"}, "model": "iati_codelists.locationtype", "pk": "AQC"}, {"fields": {"category": "S", "codelist_iati_version": "2.01", "name": "arch", "codelist_successor": null, "description": "a natural or man-made structure in the form of an arch"}, "model": "iati_codelists.locationtype", "pk": "ARCH"}, {"fields": {"category": "U", "codelist_iati_version": "2.01", "name": "undersea arch", "codelist_successor": null, "description": "a low bulge around the southeastern end of the island of Hawaii"}, "model": "iati_codelists.locationtype", "pk": "ARCU"}, {"fields": {"category": "L", "codelist_iati_version": "2.01", "name": "area", "codelist_successor": null, "description": "a tract of land without homogeneous character or boundaries"}, "model": "iati_codelists.locationtype", "pk": "AREA"}, {"fields": {"category": "U", "codelist_iati_version": "2.01", "name": "undersea arrugado", "codelist_successor": null, "description": "an area of subdued corrugations off Baja California"}, "model": "iati_codelists.locationtype", "pk": "ARRU"}, {"fields": {"category": "T", "codelist_iati_version": "2.01", "name": "asphalt lake", "codelist_successor": null, "description": "a small basin containing naturally occurring asphalt"}, "model": "iati_codelists.locationtype", "pk": "ASPH"}, {"fields": {"category": "S", "codelist_iati_version": "2.01", "name": "astronomical station", "codelist_successor": null, "description": "a point on the earth whose position has been determined by observations of celestial bodies"}, "model": "iati_codelists.locationtype", "pk": "ASTR"}, {"fields": {"category": "S", "codelist_iati_version": "2.01", "name": "asylum", "codelist_successor": null, "description": "a facility where the insane are cared for and protected"}, "model": "iati_codelists.locationtype", "pk": "ASYL"}, {"fields": {"category": "S", "codelist_iati_version": "2.01", "name": "athletic field", "codelist_successor": null, "description": "a tract of land used for playing team sports, and athletic track and field events"}, "model": "iati_codelists.locationtype", "pk": "ATHF"}, {"fields": {"category": "T", "codelist_iati_version": "2.01", "name": "atoll(s)", "codelist_successor": null, "description": "a ring-shaped coral reef which has closely spaced islands on it encircling a lagoon"}, "model": "iati_codelists.locationtype", "pk": "ATOL"}, {"fields": {"category": "S", "codelist_iati_version": "2.01", "name": "bank", "codelist_successor": null, "description": "an establishment for the custody, loan, exchange or issue of money, for the extension of credit, and for facilitating the transmission of funds"}, "model": "iati_codelists.locationtype", "pk": "BAN"}, {"fields": {"category": "T", "codelist_iati_version": "2.01", "name": "bar", "codelist_successor": null, "description": "a shallow ridge or mound of coarse unconsolidated material in a stream channel, at the mouth of a stream, estuary, or lagoon and in the wave-break zone along coasts"}, "model": "iati_codelists.locationtype", "pk": "BAR"}, {"fields": {"category": "H", "codelist_iati_version": "2.01", "name": "bay", "codelist_successor": null, "description": "a coastal indentation between two capes or headlands, larger than a cove but smaller than a gulf"}, "model": "iati_codelists.locationtype", "pk": "BAY"}, {"fields": {"category": "H", "codelist_iati_version": "2.01", "name": "bays", "codelist_successor": null, "description": "coastal indentations between two capes or headlands, larger than a cove but smaller than a gulf"}, "model": "iati_codelists.locationtype", "pk": "BAYS"}, {"fields": {"category": "T", "codelist_iati_version": "2.01", "name": "beach", "codelist_successor": null, "description": "a shore zone of coarse unconsolidated sediment that extends from the low-water line to the highest reach of storm waves"}, "model": "iati_codelists.locationtype", "pk": "BCH"}, {"fields": {"category": "T", "codelist_iati_version": "2.01", "name": "beaches", "codelist_successor": null, "description": "a shore zone of coarse unconsolidated sediment that extends from the low-water line to the highest reach of storm waves"}, "model": "iati_codelists.locationtype", "pk": "BCHS"}, {"fields": {"category": "S", "codelist_iati_version": "2.01", "name": "beacon", "codelist_successor": null, "description": "a fixed artificial navigation mark"}, "model": "iati_codelists.locationtype", "pk": "BCN"}, {"fields": {"category": "S", "codelist_iati_version": "2.01", "name": "bridge", "codelist_successor": null, "description": "a structure erected across an obstacle such as a stream, road, etc., in order to carry roads, railroads, and pedestrians across"}, "model": "iati_codelists.locationtype", "pk": "BDG"}, {"fields": {"category": "S", "codelist_iati_version": "2.01", "name": "ruined bridge", "codelist_successor": null, "description": "a destroyed or decayed bridge which is no longer functional"}, "model": "iati_codelists.locationtype", "pk": "BDGQ"}, {"fields": {"category": "T", "codelist_iati_version": "2.01", "name": "badlands", "codelist_successor": null, "description": "an area characterized by a maze of very closely spaced, deep, narrow, steep-sided ravines, and sharp crests and pinnacles"}, "model": "iati_codelists.locationtype", "pk": "BDLD"}, {"fields": {"category": "U", "codelist_iati_version": "2.01", "name": "undersea borderland", "codelist_successor": null, "description": "a region adjacent to a continent, normally occupied by or bordering a shelf, that is highly irregular with depths well in excess of those typical of a shelf"}, "model": "iati_codelists.locationtype", "pk": "BDLU"}, {"fields": {"category": "H", "codelist_iati_version": "2.01", "name": "bight(s)", "codelist_successor": null, "description": "an open body of water forming a slight recession in a coastline"}, "model": "iati_codelists.locationtype", "pk": "BGHT"}, {"fields": {"category": "U", "codelist_iati_version": "2.01", "name": "undersea banks", "codelist_successor": null, "description": "elevations, typically located on a shelf, over which the depth of water is relatively shallow but sufficient for safe surface navigation"}, "model": "iati_codelists.locationtype", "pk": "BKSU"}, {"fields": {"category": "S", "codelist_iati_version": "2.01", "name": "apartment building", "codelist_successor": null, "description": "a building containing several individual apartments"}, "model": "iati_codelists.locationtype", "pk": "BLDA"}, {"fields": {"category": "S", "codelist_iati_version": "2.01", "name": "building(s)", "codelist_successor": null, "description": "a structure built for permanent use, as a house, factory, etc."}, "model": "iati_codelists.locationtype", "pk": "BLDG"}, {"fields": {"category": "S", "codelist_iati_version": "2.01", "name": "office building", "codelist_successor": null, "description": "commercial building where business and/or services are conducted"}, "model": "iati_codelists.locationtype", "pk": "BLDO"}, {"fields": {"category": "T", "codelist_iati_version": "2.01", "name": "boulder field", "codelist_successor": null, "description": "a high altitude or high latitude bare, flat area covered with large angular rocks"}, "model": "iati_codelists.locationtype", "pk": "BLDR"}, {"fields": {"category": "T", "codelist_iati_version": "2.01", "name": "blowhole(s)", "codelist_successor": null, "description": "a hole in coastal rock through which sea water is forced by a rising tide or waves and spurted through an outlet into the air"}, "model": "iati_codelists.locationtype", "pk": "BLHL"}, {"fields": {"category": "T", "codelist_iati_version": "2.01", "name": "blowout(s)", "codelist_successor": null, "description": "a small depression in sandy terrain, caused by wind erosion"}, "model": "iati_codelists.locationtype", "pk": "BLOW"}, {"fields": {"category": "T", "codelist_iati_version": "2.01", "name": "bench", "codelist_successor": null, "description": "a long, narrow bedrock platform bounded by steeper slopes above and below, usually overlooking a waterbody"}, "model": "iati_codelists.locationtype", "pk": "BNCH"}, {"fields": {"category": "U", "codelist_iati_version": "2.01", "name": "undersea bench", "codelist_successor": null, "description": "a small terrace"}, "model": "iati_codelists.locationtype", "pk": "BNCU"}, {"fields": {"category": "H", "codelist_iati_version": "2.01", "name": "bank(s)", "codelist_successor": null, "description": "an elevation, typically located on a shelf, over which the depth of water is relatively shallow but sufficient for most surface navigation"}, "model": "iati_codelists.locationtype", "pk": "BNK"}, {"fields": {"category": "H", "codelist_iati_version": "2.01", "name": "stream bank", "codelist_successor": null, "description": "a sloping margin of a stream channel which normally confines the stream to its channel on land"}, "model": "iati_codelists.locationtype", "pk": "BNKR"}, {"fields": {"category": "U", "codelist_iati_version": "2.01", "name": "undersea bank", "codelist_successor": null, "description": "an elevation, typically located on a shelf, over which the depth of water is relatively shallow but sufficient for safe surface navigation"}, "model": "iati_codelists.locationtype", "pk": "BNKU"}, {"fields": {"category": "H", "codelist_iati_version": "2.01", "name": "section of bank", "codelist_successor": null, "description": "section of bank"}, "model": "iati_codelists.locationtype", "pk": "BNKX"}, {"fields": {"category": "H", "codelist_iati_version": "2.01", "name": "bog(s)", "codelist_successor": null, "description": "a wetland characterized by peat forming sphagnum moss, sedge, and other acid-water plants"}, "model": "iati_codelists.locationtype", "pk": "BOG"}, {"fields": {"category": "S", "codelist_iati_version": "2.01", "name": "boundary marker", "codelist_successor": null, "description": "a fixture marking a point along a boundary"}, "model": "iati_codelists.locationtype", "pk": "BP"}, {"fields": {"category": "S", "codelist_iati_version": "2.01", "name": "barracks", "codelist_successor": null, "description": "a building for lodging military personnel"}, "model": "iati_codelists.locationtype", "pk": "BRKS"}, {"fields": {"category": "S", "codelist_iati_version": "2.01", "name": "breakwater", "codelist_successor": null, "description": "a structure erected to break the force of waves at the entrance to a harbor or port"}, "model": "iati_codelists.locationtype", "pk": "BRKW"}, {"fields": {"category": "L", "codelist_iati_version": "2.01", "name": "drainage basin", "codelist_successor": null, "description": "an area drained by a stream"}, "model": "iati_codelists.locationtype", "pk": "BSND"}, {"fields": {"category": "L", "codelist_iati_version": "2.01", "name": "petroleum basin", "codelist_successor": null, "description": "an area underlain by an oil-rich structural basin"}, "model": "iati_codelists.locationtype", "pk": "BSNP"}, {"fields": {"category": "U", "codelist_iati_version": "2.01", "name": "undersea basin", "codelist_successor": null, "description": "a depression more or less equidimensional in plan and of variable extent"}, "model": "iati_codelists.locationtype", "pk": "BSNU"}, {"fields": {"category": "S", "codelist_iati_version": "2.01", "name": "baling station", "codelist_successor": null, "description": "a facility for baling agricultural products"}, "model": "iati_codelists.locationtype", "pk": "BSTN"}, {"fields": {"category": "L", "codelist_iati_version": "2.01", "name": "battlefield", "codelist_successor": null, "description": "a site of a land battle of historical importance"}, "model": "iati_codelists.locationtype", "pk": "BTL"}, {"fields": {"category": "S", "codelist_iati_version": "2.01", "name": "boatyard", "codelist_successor": null, "description": "a waterside facility for servicing, repairing, and building small vessels"}, "model": "iati_codelists.locationtype", "pk": "BTYD"}, {"fields": {"category": "S", "codelist_iati_version": "2.01", "name": "burial cave(s)", "codelist_successor": null, "description": "a cave used for human burials"}, "model": "iati_codelists.locationtype", "pk": "BUR"}, {"fields": {"category": "V", "codelist_iati_version": "2.01", "name": "bush(es)", "codelist_successor": null, "description": "a small clump of conspicuous bushes in an otherwise bare area"}, "model": "iati_codelists.locationtype", "pk": "BUSH"}, {"fields": {"category": "T", "codelist_iati_version": "2.01", "name": "butte(s)", "codelist_successor": null, "description": "a small, isolated, usually flat-topped hill with steep sides"}, "model": "iati_codelists.locationtype", "pk": "BUTE"}, {"fields": {"category": "T", "codelist_iati_version": "2.01", "name": "cape", "codelist_successor": null, "description": "a land area, more prominent than a point, projecting into the sea and marking a notable change in coastal direction"}, "model": "iati_codelists.locationtype", "pk": "CAPE"}, {"fields": {"category": "H", "codelist_iati_version": "2.01", "name": "icecap", "codelist_successor": null, "description": "a dome-shaped mass of glacial ice covering an area of mountain summits or other high lands; smaller than an ice sheet"}, "model": "iati_codelists.locationtype", "pk": "CAPG"}, {"fields": {"category": "S", "codelist_iati_version": "2.01", "name": "cairn", "codelist_successor": null, "description": "a heap of stones erected as a landmark or for other purposes"}, "model": "iati_codelists.locationtype", "pk": "CARN"}, {"fields": {"category": "S", "codelist_iati_version": "2.01", "name": "cave(s)", "codelist_successor": null, "description": "an underground passageway or chamber, or cavity on the side of a cliff"}, "model": "iati_codelists.locationtype", "pk": "CAVE"}, {"fields": {"category": "U", "codelist_iati_version": "2.01", "name": "undersea cordillera", "codelist_successor": null, "description": "an entire mountain system including the subordinate ranges, interior plateaus, and basins"}, "model": "iati_codelists.locationtype", "pk": "CDAU"}, {"fields": {"category": "T", "codelist_iati_version": "2.01", "name": "cleft(s)", "codelist_successor": null, "description": "a deep narrow slot, notch, or groove in a coastal cliff"}, "model": "iati_codelists.locationtype", "pk": "CFT"}, {"fields": {"category": "S", "codelist_iati_version": "2.01", "name": "church", "codelist_successor": null, "description": "a building for public Christian worship"}, "model": "iati_codelists.locationtype", "pk": "CH"}, {"fields": {"category": "H", "codelist_iati_version": "2.01", "name": "channel", "codelist_successor": null, "description": "the deepest part of a stream, bay, lagoon, or strait, through which the main current flows"}, "model": "iati_codelists.locationtype", "pk": "CHN"}, {"fields": {"category": "H", "codelist_iati_version": "2.01", "name": "lake channel(s)", "codelist_successor": null, "description": "that part of a lake having water deep enough for navigation between islands, shoals, etc."}, "model": "iati_codelists.locationtype", "pk": "CHNL"}, {"fields": {"category": "H", "codelist_iati_version": "2.01", "name": "marine channel", "codelist_successor": null, "description": "that part of a body of water deep enough for navigation through an area otherwise not suitable"}, "model": "iati_codelists.locationtype", "pk": "CHNM"}, {"fields": {"category": "H", "codelist_iati_version": "2.01", "name": "navigation channel", "codelist_successor": null, "description": "a buoyed channel of sufficient depth for the safe navigation of vessels"}, "model": "iati_codelists.locationtype", "pk": "CHNN"}, {"fields": {"category": "T", "codelist_iati_version": "2.01", "name": "caldera", "codelist_successor": null, "description": "a depression measuring kilometers across formed by the collapse of a volcanic mountain"}, "model": "iati_codelists.locationtype", "pk": "CLDA"}, {"fields": {"category": "T", "codelist_iati_version": "2.01", "name": "cliff(s)", "codelist_successor": null, "description": "a high, steep to perpendicular slope overlooking a waterbody or lower area"}, "model": "iati_codelists.locationtype", "pk": "CLF"}, {"fields": {"category": "L", "codelist_iati_version": "2.01", "name": "clearing", "codelist_successor": null, "description": "an area in a forest with trees removed"}, "model": "iati_codelists.locationtype", "pk": "CLG"}, {"fields": {"category": "L", "codelist_iati_version": "2.01", "name": "common", "codelist_successor": null, "description": "a park or pasture for community use"}, "model": "iati_codelists.locationtype", "pk": "CMN"}, {"fields": {"category": "S", "codelist_iati_version": "2.01", "name": "camp(s)", "codelist_successor": null, "description": "a site occupied by tents, huts, or other shelters for temporary use"}, "model": "iati_codelists.locationtype", "pk": "CMP"}, {"fields": {"category": "S", "codelist_iati_version": "2.01", "name": "logging camp", "codelist_successor": null, "description": "a camp used by loggers"}, "model": "iati_codelists.locationtype", "pk": "CMPL"}, {"fields": {"category": "S", "codelist_iati_version": "2.01", "name": "labor camp", "codelist_successor": null, "description": "a camp used by migrant or temporary laborers"}, "model": "iati_codelists.locationtype", "pk": "CMPLA"}, {"fields": {"category": "S", "codelist_iati_version": "2.01", "name": "mining camp", "codelist_successor": null, "description": "a camp used by miners"}, "model": "iati_codelists.locationtype", "pk": "CMPMN"}, {"fields": {"category": "S", "codelist_iati_version": "2.01", "name": "oil camp", "codelist_successor": null, "description": "a camp used by oilfield workers"}, "model": "iati_codelists.locationtype", "pk": "CMPO"}, {"fields": {"category": "S", "codelist_iati_version": "2.01", "name": "abandoned camp", "codelist_successor": null, "description": "abandoned camp"}, "model": "iati_codelists.locationtype", "pk": "CMPQ"}, {"fields": {"category": "S", "codelist_iati_version": "2.01", "name": "refugee camp", "codelist_successor": null, "description": "a camp used by refugees"}, "model": "iati_codelists.locationtype", "pk": "CMPRF"}, {"fields": {"category": "S", "codelist_iati_version": "2.01", "name": "cemetery", "codelist_successor": null, "description": "a burial place or ground"}, "model": "iati_codelists.locationtype", "pk": "CMTY"}, {"fields": {"category": "H", "codelist_iati_version": "2.01", "name": "confluence", "codelist_successor": null, "description": "a place where two or more streams or intermittent streams flow together"}, "model": "iati_codelists.locationtype", "pk": "CNFL"}, {"fields": {"category": "H", "codelist_iati_version": "2.01", "name": "canal", "codelist_successor": null, "description": "an artificial watercourse"}, "model": "iati_codelists.locationtype", "pk": "CNL"}, {"fields": {"category": "H", "codelist_iati_version": "2.01", "name": "aqueduct", "codelist_successor": null, "description": "a conduit used to carry water"}, "model": "iati_codelists.locationtype", "pk": "CNLA"}, {"fields": {"category": "H", "codelist_iati_version": "2.01", "name": "canal bend", "codelist_successor": null, "description": "a conspicuously curved or bent section of a canal"}, "model": "iati_codelists.locationtype", "pk": "CNLB"}, {"fields": {"category": "H", "codelist_iati_version": "2.01", "name": "drainage canal", "codelist_successor": null, "description": "an artificial waterway carrying water away from a wetland or from drainage ditches"}, "model": "iati_codelists.locationtype", "pk": "CNLD"}, {"fields": {"category": "H", "codelist_iati_version": "2.01", "name": "irrigation canal", "codelist_successor": null, "description": "a canal which serves as a main conduit for irrigation water"}, "model": "iati_codelists.locationtype", "pk": "CNLI"}, {"fields": {"category": "H", "codelist_iati_version": "2.01", "name": "navigation canal(s)", "codelist_successor": null, "description": "a watercourse constructed for navigation of vessels"}, "model": "iati_codelists.locationtype", "pk": "CNLN"}, {"fields": {"category": "H", "codelist_iati_version": "2.01", "name": "abandoned canal", "codelist_successor": null, "description": "abandoned canal"}, "model": "iati_codelists.locationtype", "pk": "CNLQ"}, {"fields": {"category": "H", "codelist_iati_version": "2.01", "name": "underground irrigation canal(s)", "codelist_successor": null, "description": "a gently inclined underground tunnel bringing water for irrigation from aquifers"}, "model": "iati_codelists.locationtype", "pk": "CNLSB"}, {"fields": {"category": "H", "codelist_iati_version": "2.01", "name": "section of canal", "codelist_successor": null, "description": "section of canal"}, "model": "iati_codelists.locationtype", "pk": "CNLX"}, {"fields": {"category": "L", "codelist_iati_version": "2.01", "name": "concession area", "codelist_successor": null, "description": "a lease of land by a government for economic development, e.g., mining, forestry"}, "model": "iati_codelists.locationtype", "pk": "CNS"}, {"fields": {"category": "U", "codelist_iati_version": "2.01", "name": "undersea canyons", "codelist_successor": null, "description": "relatively narrow, deep depressions with steep sides, the bottom of which generally has a continuous slope"}, "model": "iati_codelists.locationtype", "pk": "CNSU"}, {"fields": {"category": "T", "codelist_iati_version": "2.01", "name": "canyon", "codelist_successor": null, "description": "a deep, narrow valley with steep sides cutting into a plateau or mountainous area"}, "model": "iati_codelists.locationtype", "pk": "CNYN"}, {"fields": {"category": "U", "codelist_iati_version": "2.01", "name": "undersea canyon", "codelist_successor": null, "description": "a relatively narrow, deep depression with steep sides, the bottom of which generally has a continuous slope"}, "model": "iati_codelists.locationtype", "pk": "CNYU"}, {"fields": {"category": "L", "codelist_iati_version": "2.01", "name": "coalfield", "codelist_successor": null, "description": "a region in which coal deposits of possible economic value occur"}, "model": "iati_codelists.locationtype", "pk": "COLF"}, {"fields": {"category": "S", "codelist_iati_version": "2.01", "name": "communication center", "codelist_successor": null, "description": "a facility, including buildings, antennae, towers and electronic equipment for receiving and transmitting information"}, "model": "iati_codelists.locationtype", "pk": "COMC"}, {"fields": {"category": "T", "codelist_iati_version": "2.01", "name": "cone(s)", "codelist_successor": null, "description": "a conical landform composed of mud or volcanic material"}, "model": "iati_codelists.locationtype", "pk": "CONE"}, {"fields": {"category": "H", "codelist_iati_version": "2.01", "name": "cove(s)", "codelist_successor": null, "description": "a small coastal indentation, smaller than a bay"}, "model": "iati_codelists.locationtype", "pk": "COVE"}, {"fields": {"category": "T", "codelist_iati_version": "2.01", "name": "corridor", "codelist_successor": null, "description": "a strip or area of land having significance as an access way"}, "model": "iati_codelists.locationtype", "pk": "CRDR"}, {"fields": {"category": "H", "codelist_iati_version": "2.01", "name": "tidal creek(s)", "codelist_successor": null, "description": "a meandering channel in a coastal wetland subject to bi-directional tidal currents"}, "model": "iati_codelists.locationtype", "pk": "CRKT"}, {"fields": {"category": "H", "codelist_iati_version": "2.01", "name": "current", "codelist_successor": null, "description": "a horizontal flow of water in a given direction with uniform velocity"}, "model": "iati_codelists.locationtype", "pk": "CRNT"}, {"fields": {"category": "T", "codelist_iati_version": "2.01", "name": "cirque", "codelist_successor": null, "description": "a bowl-like hollow partially surrounded by cliffs or steep slopes at the head of a glaciated valley"}, "model": "iati_codelists.locationtype", "pk": "CRQ"}, {"fields": {"category": "T", "codelist_iati_version": "2.01", "name": "cirques", "codelist_successor": null, "description": "bowl-like hollows partially surrounded by cliffs or steep slopes at the head of a glaciated valley"}, "model": "iati_codelists.locationtype", "pk": "CRQS"}, {"fields": {"category": "S", "codelist_iati_version": "2.01", "name": "corral(s)", "codelist_successor": null, "description": "a pen or enclosure for confining or capturing animals"}, "model": "iati_codelists.locationtype", "pk": "CRRL"}, {"fields": {"category": "U", "codelist_iati_version": "2.01", "name": "continental rise", "codelist_successor": null, "description": "a gentle slope rising from oceanic depths towards the foot of a continental slope"}, "model": "iati_codelists.locationtype", "pk": "CRSU"}, {"fields": {"category": "T", "codelist_iati_version": "2.01", "name": "crater(s)", "codelist_successor": null, "description": "a generally circular saucer or bowl-shaped depression caused by volcanic or meteorite explosive action"}, "model": "iati_codelists.locationtype", "pk": "CRTR"}, {"fields": {"category": "S", "codelist_iati_version": "2.01", "name": "casino", "codelist_successor": null, "description": "a building used for entertainment, especially gambling"}, "model": "iati_codelists.locationtype", "pk": "CSNO"}, {"fields": {"category": "L", "codelist_iati_version": "2.01", "name": "coast", "codelist_successor": null, "description": "a zone of variable width straddling the shoreline"}, "model": "iati_codelists.locationtype", "pk": "CST"}, {"fields": {"category": "S", "codelist_iati_version": "2.01", "name": "castle", "codelist_successor": null, "description": "a large fortified building or set of buildings"}, "model": "iati_codelists.locationtype", "pk": "CSTL"}, {"fields": {"category": "S", "codelist_iati_version": "2.01", "name": "customs house", "codelist_successor": null, "description": "a building in a port where customs and duties are paid, and where vessels are entered and cleared"}, "model": "iati_codelists.locationtype", "pk": "CSTM"}, {"fields": {"category": "R", "codelist_iati_version": "2.01", "name": "causeway", "codelist_successor": null, "description": "a raised roadway across wet ground or shallow water"}, "model": "iati_codelists.locationtype", "pk": "CSWY"}, {"fields": {"category": "S", "codelist_iati_version": "2.01", "name": "courthouse", "codelist_successor": null, "description": "a building in which courts of law are held"}, "model": "iati_codelists.locationtype", "pk": "CTHSE"}, {"fields": {"category": "S", "codelist_iati_version": "2.01", "name": "atomic center", "codelist_successor": null, "description": "a facility where atomic research is carried out"}, "model": "iati_codelists.locationtype", "pk": "CTRA"}, {"fields": {"category": "L", "codelist_iati_version": "2.01", "name": "business center", "codelist_successor": null, "description": "a place where a number of businesses are located"}, "model": "iati_codelists.locationtype", "pk": "CTRB"}, {"fields": {"category": "S", "codelist_iati_version": "2.01", "name": "community center", "codelist_successor": null, "description": "a facility for community recreation and other activities"}, "model": "iati_codelists.locationtype", "pk": "CTRCM"}, {"fields": {"category": "S", "codelist_iati_version": "2.01", "name": "facility center", "codelist_successor": null, "description": "a place where more than one facility is situated"}, "model": "iati_codelists.locationtype", "pk": "CTRF"}, {"fields": {"category": "S", "codelist_iati_version": "2.01", "name": "medical center", "codelist_successor": null, "description": "a complex of health care buildings including two or more of the following: hospital, medical school, clinic, pharmacy, doctor's offices, etc."}, "model": "iati_codelists.locationtype", "pk": "CTRM"}, {"fields": {"category": "S", "codelist_iati_version": "2.01", "name": "religious center", "codelist_successor": null, "description": "a facility where more than one religious activity is carried out, e.g., retreat, school, monastery, worship"}, "model": "iati_codelists.locationtype", "pk": "CTRR"}, {"fields": {"category": "S", "codelist_iati_version": "2.01", "name": "space center", "codelist_successor": null, "description": "a facility for launching, tracking, or controlling satellites and space vehicles"}, "model": "iati_codelists.locationtype", "pk": "CTRS"}, {"fields": {"category": "T", "codelist_iati_version": "2.01", "name": "cuesta(s)", "codelist_successor": null, "description": "an asymmetric ridge formed on tilted strata"}, "model": "iati_codelists.locationtype", "pk": "CUET"}, {"fields": {"category": "V", "codelist_iati_version": "2.01", "name": "cultivated area", "codelist_successor": null, "description": "an area under cultivation"}, "model": "iati_codelists.locationtype", "pk": "CULT"}, {"fields": {"category": "H", "codelist_iati_version": "2.01", "name": "cutoff", "codelist_successor": null, "description": "a channel formed as a result of a stream cutting through a meander neck"}, "model": "iati_codelists.locationtype", "pk": "CUTF"}, {"fields": {"category": "S", "codelist_iati_version": "2.01", "name": "convent", "codelist_successor": null, "description": "a building where a community of nuns lives in seclusion"}, "model": "iati_codelists.locationtype", "pk": "CVNT"}, {"fields": {"category": "S", "codelist_iati_version": "2.01", "name": "dam", "codelist_successor": null, "description": "a barrier constructed across a stream to impound water"}, "model": "iati_codelists.locationtype", "pk": "DAM"}, {"fields": {"category": "S", "codelist_iati_version": "2.01", "name": "ruined dam", "codelist_successor": null, "description": "a destroyed or decayed dam which is no longer functional"}, "model": "iati_codelists.locationtype", "pk": "DAMQ"}, {"fields": {"category": "S", "codelist_iati_version": "2.01", "name": "sub-surface dam", "codelist_successor": null, "description": "a dam put down to bedrock in a sand river"}, "model": "iati_codelists.locationtype", "pk": "DAMSB"}, {"fields": {"category": "S", "codelist_iati_version": "2.01", "name": "dairy", "codelist_successor": null, "description": "a facility for the processing, sale and distribution of milk or milk products"}, "model": "iati_codelists.locationtype", "pk": "DARY"}, {"fields": {"category": "H", "codelist_iati_version": "2.01", "name": "dock(s)", "codelist_successor": null, "description": "a waterway between two piers, or cut into the land for the berthing of ships"}, "model": "iati_codelists.locationtype", "pk": "DCK"}, {"fields": {"category": "H", "codelist_iati_version": "2.01", "name": "docking basin", "codelist_successor": null, "description": "a part of a harbor where ships dock"}, "model": "iati_codelists.locationtype", "pk": "DCKB"}, {"fields": {"category": "S", "codelist_iati_version": "2.01", "name": "dry dock", "codelist_successor": null, "description": "a dock providing support for a vessel, and means for removing the water so that the bottom of the vessel can be exposed"}, "model": "iati_codelists.locationtype", "pk": "DCKD"}, {"fields": {"category": "S", "codelist_iati_version": "2.01", "name": "dockyard", "codelist_successor": null, "description": "a facility for servicing, building, or repairing ships"}, "model": "iati_codelists.locationtype", "pk": "DCKY"}, {"fields": {"category": "U", "codelist_iati_version": "2.01", "name": "deep", "codelist_successor": null, "description": "a localized deep area within the confines of a larger feature, such as a trough, basin or trench"}, "model": "iati_codelists.locationtype", "pk": "DEPU"}, {"fields": {"category": "L", "codelist_iati_version": "2.01", "name": "housing development", "codelist_successor": null, "description": "a tract of land on which many houses of similar design are built according to a development plan"}, "model": "iati_codelists.locationtype", "pk": "DEVH"}, {"fields": {"category": "S", "codelist_iati_version": "2.01", "name": "dike", "codelist_successor": null, "description": "an earth or stone embankment usually constructed for flood or stream control"}, "model": "iati_codelists.locationtype", "pk": "DIKE"}, {"fields": {"category": "S", "codelist_iati_version": "2.01", "name": "diplomatic facility", "codelist_successor": null, "description": "office, residence, or facility of a foreign government, which may include an embassy, consulate, chancery, office of charge d\u2019affaires, or other diplomatic, economic, military, or cultural mission"}, "model": "iati_codelists.locationtype", "pk": "DIP"}, {"fields": {"category": "T", "codelist_iati_version": "2.01", "name": "delta", "codelist_successor": null, "description": "a flat plain formed by alluvial deposits at the mouth of a stream"}, "model": "iati_codelists.locationtype", "pk": "DLTA"}, {"fields": {"category": "H", "codelist_iati_version": "2.01", "name": "icecap dome", "codelist_successor": null, "description": "a comparatively elevated area on an icecap"}, "model": "iati_codelists.locationtype", "pk": "DOMG"}, {"fields": {"category": "S", "codelist_iati_version": "2.01", "name": "fuel depot", "codelist_successor": null, "description": "an area where fuel is stored"}, "model": "iati_codelists.locationtype", "pk": "DPOF"}, {"fields": {"category": "T", "codelist_iati_version": "2.01", "name": "depression(s)", "codelist_successor": null, "description": "a low area surrounded by higher land and usually characterized by interior drainage"}, "model": "iati_codelists.locationtype", "pk": "DPR"}, {"fields": {"category": "H", "codelist_iati_version": "2.01", "name": "icecap depression", "codelist_successor": null, "description": "a comparatively depressed area on an icecap"}, "model": "iati_codelists.locationtype", "pk": "DPRG"}, {"fields": {"category": "T", "codelist_iati_version": "2.01", "name": "desert", "codelist_successor": null, "description": "a large area with little or no vegetation due to extreme environmental conditions"}, "model": "iati_codelists.locationtype", "pk": "DSRT"}, {"fields": {"category": "H", "codelist_iati_version": "2.01", "name": "ditch", "codelist_successor": null, "description": "a small artificial watercourse dug for draining or irrigating the land"}, "model": "iati_codelists.locationtype", "pk": "DTCH"}, {"fields": {"category": "H", "codelist_iati_version": "2.01", "name": "drainage ditch", "codelist_successor": null, "description": "a ditch which serves to drain the land"}, "model": "iati_codelists.locationtype", "pk": "DTCHD"}, {"fields": {"category": "H", "codelist_iati_version": "2.01", "name": "irrigation ditch", "codelist_successor": null, "description": "a ditch which serves to distribute irrigation water"}, "model": "iati_codelists.locationtype", "pk": "DTCHI"}, {"fields": {"category": "H", "codelist_iati_version": "2.01", "name": "ditch mouth(s)", "codelist_successor": null, "description": "an area where a drainage ditch enters a lagoon, lake or bay"}, "model": "iati_codelists.locationtype", "pk": "DTCHM"}, {"fields": {"category": "T", "codelist_iati_version": "2.01", "name": "dune(s)", "codelist_successor": null, "description": "a wave form, ridge or star shape feature composed of sand"}, "model": "iati_codelists.locationtype", "pk": "DUNE"}, {"fields": {"category": "T", "codelist_iati_version": "2.01", "name": "divide", "codelist_successor": null, "description": "a line separating adjacent drainage basins"}, "model": "iati_codelists.locationtype", "pk": "DVD"}, {"fields": {"category": "U", "codelist_iati_version": "2.01", "name": "undersea shelf edge", "codelist_successor": null, "description": "a line along which there is a marked increase of slope at the outer margin of a continental shelf or island shelf"}, "model": "iati_codelists.locationtype", "pk": "EDGU"}, {"fields": {"category": "T", "codelist_iati_version": "2.01", "name": "sandy desert", "codelist_successor": null, "description": "an extensive tract of shifting sand and sand dunes"}, "model": "iati_codelists.locationtype", "pk": "ERG"}, {"fields": {"category": "U", "codelist_iati_version": "2.01", "name": "undersea escarpment (or scarp)", "codelist_successor": null, "description": "an elongated and comparatively steep slope separating flat or gently sloping areas"}, "model": "iati_codelists.locationtype", "pk": "ESCU"}, {"fields": {"category": "S", "codelist_iati_version": "2.01", "name": "estate(s)", "codelist_successor": null, "description": "a large commercialized agricultural landholding with associated buildings and other facilities"}, "model": "iati_codelists.locationtype", "pk": "EST"}, {"fields": {"category": "S", "codelist_iati_version": "2.01", "name": "banana plantation", "codelist_successor": null, "description": "an estate that specializes in the growing of bananas"}, "model": "iati_codelists.locationtype", "pk": "ESTB"}, {"fields": {"category": "S", "codelist_iati_version": "2.01", "name": "cotton plantation", "codelist_successor": null, "description": "an estate specializing in the cultivation of cotton"}, "model": "iati_codelists.locationtype", "pk": "ESTC"}, {"fields": {"category": "S", "codelist_iati_version": "2.01", "name": "oil palm plantation", "codelist_successor": null, "description": "an estate specializing in the cultivation of oil palm trees"}, "model": "iati_codelists.locationtype", "pk": "ESTO"}, {"fields": {"category": "S", "codelist_iati_version": "2.01", "name": "rubber plantation", "codelist_successor": null, "description": "an estate which specializes in growing and tapping rubber trees"}, "model": "iati_codelists.locationtype", "pk": "ESTR"}, {"fields": {"category": "S", "codelist_iati_version": "2.01", "name": "sugar plantation", "codelist_successor": null, "description": "an estate that specializes in growing sugar cane"}, "model": "iati_codelists.locationtype", "pk": "ESTSG"}, {"fields": {"category": "S", "codelist_iati_version": "2.01", "name": "sisal plantation", "codelist_successor": null, "description": "an estate that specializes in growing sisal"}, "model": "iati_codelists.locationtype", "pk": "ESTSL"}, {"fields": {"category": "S", "codelist_iati_version": "2.01", "name": "tea plantation", "codelist_successor": null, "description": "an estate which specializes in growing tea bushes"}, "model": "iati_codelists.locationtype", "pk": "ESTT"}, {"fields": {"category": "S", "codelist_iati_version": "2.01", "name": "section of estate", "codelist_successor": null, "description": "section of estate"}, "model": "iati_codelists.locationtype", "pk": "ESTX"}, {"fields": {"category": "H", "codelist_iati_version": "2.01", "name": "estuary", "codelist_successor": null, "description": "a funnel-shaped stream mouth or embayment where fresh water mixes with sea water under tidal influences"}, "model": "iati_codelists.locationtype", "pk": "ESTY"}, {"fields": {"category": "T", "codelist_iati_version": "2.01", "name": "fan(s)", "codelist_successor": null, "description": "a fan-shaped wedge of coarse alluvium with apex merging with a mountain stream bed and the fan spreading out at a low angle slope onto an adjacent plain"}, "model": "iati_codelists.locationtype", "pk": "FAN"}, {"fields": {"category": "U", "codelist_iati_version": "2.01", "name": "undersea fan", "codelist_successor": null, "description": "a relatively smooth feature normally sloping away from the lower termination of a canyon or canyon system"}, "model": "iati_codelists.locationtype", "pk": "FANU"}, {"fields": {"category": "S", "codelist_iati_version": "2.01", "name": "facility", "codelist_successor": null, "description": "a building or buildings housing a center, institute, foundation, hospital, prison, mission, courthouse, etc."}, "model": "iati_codelists.locationtype", "pk": "FCL"}, {"fields": {"category": "S", "codelist_iati_version": "2.01", "name": "fire station", "codelist_successor": null, "description": "building housing firefighters and/or fire fighting equipment"}, "model": "iati_codelists.locationtype", "pk": "FIRE"}, {"fields": {"category": "H", "codelist_iati_version": "2.01", "name": "fishing area", "codelist_successor": null, "description": "a fishing ground, bank or area where fishermen go to catch fish"}, "model": "iati_codelists.locationtype", "pk": "FISH"}, {"fields": {"category": "H", "codelist_iati_version": "2.01", "name": "fjord", "codelist_successor": null, "description": "a long, narrow, steep-walled, deep-water arm of the sea at high latitudes, usually along mountainous coasts"}, "model": "iati_codelists.locationtype", "pk": "FJD"}, {"fields": {"category": "H", "codelist_iati_version": "2.01", "name": "fjords", "codelist_successor": null, "description": "long, narrow, steep-walled, deep-water arms of the sea at high latitudes, usually along mountainous coasts"}, "model": "iati_codelists.locationtype", "pk": "FJDS"}, {"fields": {"category": "L", "codelist_iati_version": "2.01", "name": "field(s)", "codelist_successor": null, "description": "an open as opposed to wooded area"}, "model": "iati_codelists.locationtype", "pk": "FLD"}, {"fields": {"category": "L", "codelist_iati_version": "2.01", "name": "irrigated field(s)", "codelist_successor": null, "description": "a tract of level or terraced land which is irrigated"}, "model": "iati_codelists.locationtype", "pk": "FLDI"}, {"fields": {"category": "H", "codelist_iati_version": "2.01", "name": "waterfall(s)", "codelist_successor": null, "description": "a perpendicular or very steep descent of the water of a stream"}, "model": "iati_codelists.locationtype", "pk": "FLLS"}, {"fields": {"category": "H", "codelist_iati_version": "2.01", "name": "section of waterfall(s)", "codelist_successor": null, "description": "section of waterfall(s)"}, "model": "iati_codelists.locationtype", "pk": "FLLSX"}, {"fields": {"category": "H", "codelist_iati_version": "2.01", "name": "mud flat(s)", "codelist_successor": null, "description": "a relatively level area of mud either between high and low tide lines, or subject to flooding"}, "model": "iati_codelists.locationtype", "pk": "FLTM"}, {"fields": {"category": "H", "codelist_iati_version": "2.01", "name": "tidal flat(s)", "codelist_successor": null, "description": "a large flat area of mud or sand attached to the shore and alternately covered and uncovered by the tide"}, "model": "iati_codelists.locationtype", "pk": "FLTT"}, {"fields": {"category": "U", "codelist_iati_version": "2.01", "name": "undersea flat", "codelist_successor": null, "description": "a small level or nearly level area"}, "model": "iati_codelists.locationtype", "pk": "FLTU"}, {"fields": {"category": "S", "codelist_iati_version": "2.01", "name": "foundry", "codelist_successor": null, "description": "a building or works where metal casting is carried out"}, "model": "iati_codelists.locationtype", "pk": "FNDY"}, {"fields": {"category": "T", "codelist_iati_version": "2.01", "name": "ford", "codelist_successor": null, "description": "a shallow part of a stream which can be crossed on foot or by land vehicle"}, "model": "iati_codelists.locationtype", "pk": "FORD"}, {"fields": {"category": "U", "codelist_iati_version": "2.01", "name": "undersea fork", "codelist_successor": null, "description": "a branch of a canyon or valley"}, "model": "iati_codelists.locationtype", "pk": "FRKU"}, {"fields": {"category": "S", "codelist_iati_version": "2.01", "name": "farm", "codelist_successor": null, "description": "a tract of land with associated buildings devoted to agriculture"}, "model": "iati_codelists.locationtype", "pk": "FRM"}, {"fields": {"category": "S", "codelist_iati_version": "2.01", "name": "abandoned farm", "codelist_successor": null, "description": "abandoned farm"}, "model": "iati_codelists.locationtype", "pk": "FRMQ"}, {"fields": {"category": "S", "codelist_iati_version": "2.01", "name": "farms", "codelist_successor": null, "description": "tracts of land with associated buildings devoted to agriculture"}, "model": "iati_codelists.locationtype", "pk": "FRMS"}, {"fields": {"category": "S", "codelist_iati_version": "2.01", "name": "farmstead", "codelist_successor": null, "description": "the buildings and adjacent service areas of a farm"}, "model": "iati_codelists.locationtype", "pk": "FRMT"}, {"fields": {"category": "V", "codelist_iati_version": "2.01", "name": "forest(s)", "codelist_successor": null, "description": "an area dominated by tree vegetation"}, "model": "iati_codelists.locationtype", "pk": "FRST"}, {"fields": {"category": "V", "codelist_iati_version": "2.01", "name": "fossilized forest", "codelist_successor": null, "description": "a forest fossilized by geologic processes and now exposed at the earth's surface"}, "model": "iati_codelists.locationtype", "pk": "FRSTF"}, {"fields": {"category": "U", "codelist_iati_version": "2.01", "name": "undersea forks", "codelist_successor": null, "description": "a branch of a canyon or valley"}, "model": "iati_codelists.locationtype", "pk": "FRSU"}, {"fields": {"category": "U", "codelist_iati_version": "2.01", "name": "undersea fracture zone", "codelist_successor": null, "description": "an extensive linear zone of irregular topography of the sea floor, characterized by steep-sided or asymmetrical ridges, troughs, or escarpments"}, "model": "iati_codelists.locationtype", "pk": "FRZU"}, {"fields": {"category": "T", "codelist_iati_version": "2.01", "name": "fissure", "codelist_successor": null, "description": "a crack associated with volcanism"}, "model": "iati_codelists.locationtype", "pk": "FSR"}, {"fields": {"category": "S", "codelist_iati_version": "2.01", "name": "fort", "codelist_successor": null, "description": "a defensive structure or earthworks"}, "model": "iati_codelists.locationtype", "pk": "FT"}, {"fields": {"category": "U", "codelist_iati_version": "2.01", "name": "undersea furrow", "codelist_successor": null, "description": "a closed, linear, narrow, shallow depression"}, "model": "iati_codelists.locationtype", "pk": "FURU"}, {"fields": {"category": "S", "codelist_iati_version": "2.01", "name": "ferry", "codelist_successor": null, "description": "a boat or other floating conveyance and terminal facilities regularly used to transport people and vehicles across a waterbody"}, "model": "iati_codelists.locationtype", "pk": "FY"}, {"fields": {"category": "S", "codelist_iati_version": "2.01", "name": "ferry terminal", "codelist_successor": null, "description": "a place where ferries pick-up and discharge passengers, vehicles and or cargo"}, "model": "iati_codelists.locationtype", "pk": "FYT"}, {"fields": {"category": "T", "codelist_iati_version": "2.01", "name": "gap", "codelist_successor": null, "description": "a low place in a ridge, not used for transportation"}, "model": "iati_codelists.locationtype", "pk": "GAP"}, {"fields": {"category": "U", "codelist_iati_version": "2.01", "name": "undersea gap", "codelist_successor": null, "description": "a narrow break in a ridge or rise"}, "model": "iati_codelists.locationtype", "pk": "GAPU"}, {"fields": {"category": "S", "codelist_iati_version": "2.01", "name": "parking garage", "codelist_successor": null, "description": "a building or underground facility used exclusively for parking vehicles"}, "model": "iati_codelists.locationtype", "pk": "GARG"}, {"fields": {"category": "L", "codelist_iati_version": "2.01", "name": "gasfield", "codelist_successor": null, "description": "an area containing a subterranean store of natural gas of economic value"}, "model": "iati_codelists.locationtype", "pk": "GASF"}, {"fields": {"category": "S", "codelist_iati_version": "2.01", "name": "gate", "codelist_successor": null, "description": "a controlled access entrance or exit"}, "model": "iati_codelists.locationtype", "pk": "GATE"}, {"fields": {"category": "S", "codelist_iati_version": "2.01", "name": "garden(s)", "codelist_successor": null, "description": "an enclosure for displaying selected plant or animal life"}, "model": "iati_codelists.locationtype", "pk": "GDN"}, {"fields": {"category": "S", "codelist_iati_version": "2.01", "name": "gh\u0101t", "codelist_successor": null, "description": "a set of steps leading to a river, which are of religious significance, and at their base is usually a platform for bathing"}, "model": "iati_codelists.locationtype", "pk": "GHAT"}, {"fields": {"category": "S", "codelist_iati_version": "2.01", "name": "guest house", "codelist_successor": null, "description": "a house used to provide lodging for paying guests"}, "model": "iati_codelists.locationtype", "pk": "GHSE"}, {"fields": {"category": "H", "codelist_iati_version": "2.01", "name": "glacier(s)", "codelist_successor": null, "description": "a mass of ice, usually at high latitudes or high elevations, with sufficient thickness to flow away from the source area in lobes, tongues, or masses"}, "model": "iati_codelists.locationtype", "pk": "GLCR"}, {"fields": {"category": "U", "codelist_iati_version": "2.01", "name": "undersea gully", "codelist_successor": null, "description": "a small valley-like feature"}, "model": "iati_codelists.locationtype", "pk": "GLYU"}, {"fields": {"category": "S", "codelist_iati_version": "2.01", "name": "gas-oil separator plant", "codelist_successor": null, "description": "a facility for separating gas from oil"}, "model": "iati_codelists.locationtype", "pk": "GOSP"}, {"fields": {"category": "S", "codelist_iati_version": "2.01", "name": "local government office", "codelist_successor": null, "description": "a facility housing local governmental offices, usually a city, town, or village hall"}, "model": "iati_codelists.locationtype", "pk": "GOVL"}, {"fields": {"category": "L", "codelist_iati_version": "2.01", "name": "grazing area", "codelist_successor": null, "description": "an area of grasses and shrubs used for grazing"}, "model": "iati_codelists.locationtype", "pk": "GRAZ"}, {"fields": {"category": "T", "codelist_iati_version": "2.01", "name": "gorge(s)", "codelist_successor": null, "description": "a short, narrow, steep-sided section of a stream valley"}, "model": "iati_codelists.locationtype", "pk": "GRGE"}, {"fields": {"category": "V", "codelist_iati_version": "2.01", "name": "grassland", "codelist_successor": null, "description": "an area dominated by grass vegetation"}, "model": "iati_codelists.locationtype", "pk": "GRSLD"}, {"fields": {"category": "V", "codelist_iati_version": "2.01", "name": "coconut grove", "codelist_successor": null, "description": "a planting of coconut trees"}, "model": "iati_codelists.locationtype", "pk": "GRVC"}, {"fields": {"category": "S", "codelist_iati_version": "2.01", "name": "grave", "codelist_successor": null, "description": "a burial site"}, "model": "iati_codelists.locationtype", "pk": "GRVE"}, {"fields": {"category": "V", "codelist_iati_version": "2.01", "name": "olive grove", "codelist_successor": null, "description": "a planting of olive trees"}, "model": "iati_codelists.locationtype", "pk": "GRVO"}, {"fields": {"category": "V", "codelist_iati_version": "2.01", "name": "palm grove", "codelist_successor": null, "description": "a planting of palm trees"}, "model": "iati_codelists.locationtype", "pk": "GRVP"}, {"fields": {"category": "V", "codelist_iati_version": "2.01", "name": "pine grove", "codelist_successor": null, "description": "a planting of pine trees"}, "model": "iati_codelists.locationtype", "pk": "GRVPN"}, {"fields": {"category": "H", "codelist_iati_version": "2.01", "name": "gulf", "codelist_successor": null, "description": "a large recess in the coastline, larger than a bay"}, "model": "iati_codelists.locationtype", "pk": "GULF"}, {"fields": {"category": "L", "codelist_iati_version": "2.01", "name": "gravel area", "codelist_successor": null, "description": "an area covered with gravel"}, "model": "iati_codelists.locationtype", "pk": "GVL"}, {"fields": {"category": "H", "codelist_iati_version": "2.01", "name": "geyser", "codelist_successor": null, "description": "a type of hot spring with intermittent eruptions of jets of hot water and steam"}, "model": "iati_codelists.locationtype", "pk": "GYSR"}, {"fields": {"category": "H", "codelist_iati_version": "2.01", "name": "harbor(s)", "codelist_successor": null, "description": "a haven or space of deep water so sheltered by the adjacent land as to afford a safe anchorage for ships"}, "model": "iati_codelists.locationtype", "pk": "HBR"}, {"fields": {"category": "H", "codelist_iati_version": "2.01", "name": "section of harbor", "codelist_successor": null, "description": "section of harbor"}, "model": "iati_codelists.locationtype", "pk": "HBRX"}, {"fields": {"category": "T", "codelist_iati_version": "2.01", "name": "headland", "codelist_successor": null, "description": "a high projection of land extending into a large body of water beyond the line of the coast"}, "model": "iati_codelists.locationtype", "pk": "HDLD"}, {"fields": {"category": "S", "codelist_iati_version": "2.01", "name": "hermitage", "codelist_successor": null, "description": "a secluded residence, usually for religious sects"}, "model": "iati_codelists.locationtype", "pk": "HERM"}, {"fields": {"category": "T", "codelist_iati_version": "2.01", "name": "hill", "codelist_successor": null, "description": "a rounded elevation of limited extent rising above the surrounding land with local relief of less than 300m"}, "model": "iati_codelists.locationtype", "pk": "HLL"}, {"fields": {"category": "T", "codelist_iati_version": "2.01", "name": "hills", "codelist_successor": null, "description": "rounded elevations of limited extent rising above the surrounding land with local relief of less than 300m"}, "model": "iati_codelists.locationtype", "pk": "HLLS"}, {"fields": {"category": "U", "codelist_iati_version": "2.01", "name": "undersea hill", "codelist_successor": null, "description": "an elevation rising generally less than 500 meters"}, "model": "iati_codelists.locationtype", "pk": "HLLU"}, {"fields": {"category": "U", "codelist_iati_version": "2.01", "name": "undersea hills", "codelist_successor": null, "description": "elevations rising generally less than 500 meters"}, "model": "iati_codelists.locationtype", "pk": "HLSU"}, {"fields": {"category": "S", "codelist_iati_version": "2.01", "name": "halting place", "codelist_successor": null, "description": "a place where caravans stop for rest"}, "model": "iati_codelists.locationtype", "pk": "HLT"}, {"fields": {"category": "T", "codelist_iati_version": "2.01", "name": "hammock(s)", "codelist_successor": null, "description": "a patch of ground, distinct from and slightly above the surrounding plain or wetland. Often occurs in groups"}, "model": "iati_codelists.locationtype", "pk": "HMCK"}, {"fields": {"category": "T", "codelist_iati_version": "2.01", "name": "rock desert", "codelist_successor": null, "description": "a relatively sand-free, high bedrock plateau in a hot desert, with or without a gravel veneer"}, "model": "iati_codelists.locationtype", "pk": "HMDA"}, {"fields": {"category": "S", "codelist_iati_version": "2.01", "name": "homestead", "codelist_successor": null, "description": "a residence, owner's or manager's, on a sheep or cattle station, woolshed, outcamp, or Aboriginal outstation, specific to Australia and New Zealand"}, "model": "iati_codelists.locationtype", "pk": "HMSD"}, {"fields": {"category": "U", "codelist_iati_version": "2.01", "name": "undersea hole", "codelist_successor": null, "description": "a small depression of the sea floor"}, "model": "iati_codelists.locationtype", "pk": "HOLU"}, {"fields": {"category": "S", "codelist_iati_version": "2.01", "name": "house(s)", "codelist_successor": null, "description": "a building used as a human habitation"}, "model": "iati_codelists.locationtype", "pk": "HSE"}, {"fields": {"category": "S", "codelist_iati_version": "2.01", "name": "country house", "codelist_successor": null, "description": "a large house, mansion, or chateau, on a large estate"}, "model": "iati_codelists.locationtype", "pk": "HSEC"}, {"fields": {"category": "S", "codelist_iati_version": "2.01", "name": "hospital", "codelist_successor": null, "description": "a building in which sick or injured, especially those confined to bed, are medically treated"}, "model": "iati_codelists.locationtype", "pk": "HSP"}, {"fields": {"category": "S", "codelist_iati_version": "2.01", "name": "clinic", "codelist_successor": null, "description": "a medical facility associated with a hospital for outpatients"}, "model": "iati_codelists.locationtype", "pk": "HSPC"}, {"fields": {"category": "S", "codelist_iati_version": "2.01", "name": "dispensary", "codelist_successor": null, "description": "a building where medical or dental aid is dispensed"}, "model": "iati_codelists.locationtype", "pk": "HSPD"}, {"fields": {"category": "S", "codelist_iati_version": "2.01", "name": "leprosarium", "codelist_successor": null, "description": "an asylum or hospital for lepers"}, "model": "iati_codelists.locationtype", "pk": "HSPL"}, {"fields": {"category": "S", "codelist_iati_version": "2.01", "name": "historical site", "codelist_successor": null, "description": "a place of historical importance"}, "model": "iati_codelists.locationtype", "pk": "HSTS"}, {"fields": {"category": "V", "codelist_iati_version": "2.01", "name": "heath", "codelist_successor": null, "description": "an upland moor or sandy area dominated by low shrubby vegetation including heather"}, "model": "iati_codelists.locationtype", "pk": "HTH"}, {"fields": {"category": "S", "codelist_iati_version": "2.01", "name": "hotel", "codelist_successor": null, "description": "a building providing lodging and/or meals for the public"}, "model": "iati_codelists.locationtype", "pk": "HTL"}, {"fields": {"category": "S", "codelist_iati_version": "2.01", "name": "hut", "codelist_successor": null, "description": "a small primitive house"}, "model": "iati_codelists.locationtype", "pk": "HUT"}, {"fields": {"category": "S", "codelist_iati_version": "2.01", "name": "huts", "codelist_successor": null, "description": "small primitive houses"}, "model": "iati_codelists.locationtype", "pk": "HUTS"}, {"fields": {"category": "L", "codelist_iati_version": "2.01", "name": "industrial area", "codelist_successor": null, "description": "an area characterized by industrial activity"}, "model": "iati_codelists.locationtype", "pk": "INDS"}, {"fields": {"category": "H", "codelist_iati_version": "2.01", "name": "inlet", "codelist_successor": null, "description": "a narrow waterway extending into the land, or connecting a bay or lagoon with a larger body of water"}, "model": "iati_codelists.locationtype", "pk": "INLT"}, {"fields": {"category": "H", "codelist_iati_version": "2.01", "name": "former inlet", "codelist_successor": null, "description": "an inlet which has been filled in, or blocked by deposits"}, "model": "iati_codelists.locationtype", "pk": "INLTQ"}, {"fields": {"category": "S", "codelist_iati_version": "2.01", "name": "military installation", "codelist_successor": null, "description": "a facility for use of and control by armed forces"}, "model": "iati_codelists.locationtype", "pk": "INSM"}, {"fields": {"category": "T", "codelist_iati_version": "2.01", "name": "interfluve", "codelist_successor": null, "description": "a relatively undissected upland between adjacent stream valleys"}, "model": "iati_codelists.locationtype", "pk": "INTF"}, {"fields": {"category": "T", "codelist_iati_version": "2.01", "name": "island", "codelist_successor": null, "description": "a tract of land, smaller than a continent, surrounded by water at high water"}, "model": "iati_codelists.locationtype", "pk": "ISL"}, {"fields": {"category": "T", "codelist_iati_version": "2.01", "name": "artificial island", "codelist_successor": null, "description": "an island created by landfill or diking and filling in a wetland, bay, or lagoon"}, "model": "iati_codelists.locationtype", "pk": "ISLF"}, {"fields": {"category": "T", "codelist_iati_version": "2.01", "name": "mangrove island", "codelist_successor": null, "description": "a mangrove swamp surrounded by a waterbody"}, "model": "iati_codelists.locationtype", "pk": "ISLM"}, {"fields": {"category": "T", "codelist_iati_version": "2.01", "name": "islands", "codelist_successor": null, "description": "tracts of land, smaller than a continent, surrounded by water at high water"}, "model": "iati_codelists.locationtype", "pk": "ISLS"}, {"fields": {"category": "T", "codelist_iati_version": "2.01", "name": "land-tied island", "codelist_successor": null, "description": "a coastal island connected to the mainland by barrier beaches, levees or dikes"}, "model": "iati_codelists.locationtype", "pk": "ISLT"}, {"fields": {"category": "T", "codelist_iati_version": "2.01", "name": "section of island", "codelist_successor": null, "description": "section of island"}, "model": "iati_codelists.locationtype", "pk": "ISLX"}, {"fields": {"category": "T", "codelist_iati_version": "2.01", "name": "isthmus", "codelist_successor": null, "description": "a narrow strip of land connecting two larger land masses and bordered by water"}, "model": "iati_codelists.locationtype", "pk": "ISTH"}, {"fields": {"category": "S", "codelist_iati_version": "2.01", "name": "research institute", "codelist_successor": null, "description": "a facility where research is carried out"}, "model": "iati_codelists.locationtype", "pk": "ITTR"}, {"fields": {"category": "S", "codelist_iati_version": "2.01", "name": "jetty", "codelist_successor": null, "description": "a structure built out into the water at a river mouth or harbor entrance to regulate currents and silting"}, "model": "iati_codelists.locationtype", "pk": "JTY"}, {"fields": {"category": "U", "codelist_iati_version": "2.01", "name": "undersea knoll", "codelist_successor": null, "description": "an elevation rising generally more than 500 meters and less than 1,000 meters and of limited extent across the summit"}, "model": "iati_codelists.locationtype", "pk": "KNLU"}, {"fields": {"category": "U", "codelist_iati_version": "2.01", "name": "undersea knolls", "codelist_successor": null, "description": "elevations rising generally more than 500 meters and less than 1,000 meters and of limited extent across the summits"}, "model": "iati_codelists.locationtype", "pk": "KNSU"}, {"fields": {"category": "T", "codelist_iati_version": "2.01", "name": "karst area", "codelist_successor": null, "description": "a distinctive landscape developed on soluble rock such as limestone characterized by sinkholes, caves, disappearing streams, and underground drainage"}, "model": "iati_codelists.locationtype", "pk": "KRST"}, {"fields": {"category": "L", "codelist_iati_version": "2.01", "name": "Arctic land", "codelist_successor": null, "description": "a tract of land in the Arctic"}, "model": "iati_codelists.locationtype", "pk": "LAND"}, {"fields": {"category": "T", "codelist_iati_version": "2.01", "name": "lava area", "codelist_successor": null, "description": "an area of solidified lava"}, "model": "iati_codelists.locationtype", "pk": "LAVA"}, {"fields": {"category": "H", "codelist_iati_version": "2.01", "name": "lake bed(s)", "codelist_successor": null, "description": "a dried up or drained area of a former lake"}, "model": "iati_codelists.locationtype", "pk": "LBED"}, {"fields": {"category": "L", "codelist_iati_version": "2.01", "name": "locality", "codelist_successor": null, "description": "a minor area or place of unspecified or mixed character and indefinite boundaries"}, "model": "iati_codelists.locationtype", "pk": "LCTY"}, {"fields": {"category": "U", "codelist_iati_version": "2.01", "name": "undersea ledge", "codelist_successor": null, "description": "a rocky projection or outcrop, commonly linear and near shore"}, "model": "iati_codelists.locationtype", "pk": "LDGU"}, {"fields": {"category": "S", "codelist_iati_version": "2.01", "name": "landing", "codelist_successor": null, "description": "a place where boats receive or discharge passengers and freight, but lacking most port facilities"}, "model": "iati_codelists.locationtype", "pk": "LDNG"}, {"fields": {"category": "S", "codelist_iati_version": "2.01", "name": "leper colony", "codelist_successor": null, "description": "a settled area inhabited by lepers in relative isolation"}, "model": "iati_codelists.locationtype", "pk": "LEPC"}, {"fields": {"category": "T", "codelist_iati_version": "2.01", "name": "levee", "codelist_successor": null, "description": "a natural low embankment bordering a distributary or meandering stream; often built up artificially to control floods"}, "model": "iati_codelists.locationtype", "pk": "LEV"}, {"fields": {"category": "U", "codelist_iati_version": "2.01", "name": "undersea levee", "codelist_successor": null, "description": "an embankment bordering a canyon, valley, or seachannel"}, "model": "iati_codelists.locationtype", "pk": "LEVU"}, {"fields": {"category": "H", "codelist_iati_version": "2.01", "name": "lagoon", "codelist_successor": null, "description": "a shallow coastal waterbody, completely or partly separated from a larger body of water by a barrier island, coral reef or other depositional feature"}, "model": "iati_codelists.locationtype", "pk": "LGN"}, {"fields": {"category": "H", "codelist_iati_version": "2.01", "name": "lagoons", "codelist_successor": null, "description": "shallow coastal waterbodies, completely or partly separated from a larger body of water by a barrier island, coral reef or other depositional feature"}, "model": "iati_codelists.locationtype", "pk": "LGNS"}, {"fields": {"category": "H", "codelist_iati_version": "2.01", "name": "section of lagoon", "codelist_successor": null, "description": "section of lagoon"}, "model": "iati_codelists.locationtype", "pk": "LGNX"}, {"fields": {"category": "H", "codelist_iati_version": "2.01", "name": "lake", "codelist_successor": null, "description": "a large inland body of standing water"}, "model": "iati_codelists.locationtype", "pk": "LK"}, {"fields": {"category": "H", "codelist_iati_version": "2.01", "name": "crater lake", "codelist_successor": null, "description": "a lake in a crater or caldera"}, "model": "iati_codelists.locationtype", "pk": "LKC"}, {"fields": {"category": "H", "codelist_iati_version": "2.01", "name": "intermittent lake", "codelist_successor": null, "description": "intermittent lake"}, "model": "iati_codelists.locationtype", "pk": "LKI"}, {"fields": {"category": "H", "codelist_iati_version": "2.01", "name": "salt lake", "codelist_successor": null, "description": "an inland body of salt water with no outlet"}, "model": "iati_codelists.locationtype", "pk": "LKN"}, {"fields": {"category": "H", "codelist_iati_version": "2.01", "name": "intermittent salt lake", "codelist_successor": null, "description": "intermittent salt lake"}, "model": "iati_codelists.locationtype", "pk": "LKNI"}, {"fields": {"category": "H", "codelist_iati_version": "2.01", "name": "oxbow lake", "codelist_successor": null, "description": "a crescent-shaped lake commonly found adjacent to meandering streams"}, "model": "iati_codelists.locationtype", "pk": "LKO"}, {"fields": {"category": "H", "codelist_iati_version": "2.01", "name": "intermittent oxbow lake", "codelist_successor": null, "description": "intermittent oxbow lake"}, "model": "iati_codelists.locationtype", "pk": "LKOI"}, {"fields": {"category": "H", "codelist_iati_version": "2.01", "name": "lakes", "codelist_successor": null, "description": "large inland bodies of standing water"}, "model": "iati_codelists.locationtype", "pk": "LKS"}, {"fields": {"category": "H", "codelist_iati_version": "2.01", "name": "underground lake", "codelist_successor": null, "description": "a standing body of water in a cave"}, "model": "iati_codelists.locationtype", "pk": "LKSB"}, {"fields": {"category": "H", "codelist_iati_version": "2.01", "name": "crater lakes", "codelist_successor": null, "description": "lakes in a crater or caldera"}, "model": "iati_codelists.locationtype", "pk": "LKSC"}, {"fields": {"category": "H", "codelist_iati_version": "2.01", "name": "intermittent lakes", "codelist_successor": null, "description": "intermittent lakes"}, "model": "iati_codelists.locationtype", "pk": "LKSI"}, {"fields": {"category": "H", "codelist_iati_version": "2.01", "name": "salt lakes", "codelist_successor": null, "description": "inland bodies of salt water with no outlet"}, "model": "iati_codelists.locationtype", "pk": "LKSN"}, {"fields": {"category": "H", "codelist_iati_version": "2.01", "name": "intermittent salt lakes", "codelist_successor": null, "description": "intermittent salt lakes"}, "model": "iati_codelists.locationtype", "pk": "LKSNI"}, {"fields": {"category": "H", "codelist_iati_version": "2.01", "name": "section of lake", "codelist_successor": null, "description": "section of lake"}, "model": "iati_codelists.locationtype", "pk": "LKX"}, {"fields": {"category": "S", "codelist_iati_version": "2.01", "name": "landfill", "codelist_successor": null, "description": "a place for trash and garbage disposal in which the waste is buried between layers of earth to build up low-lying land"}, "model": "iati_codelists.locationtype", "pk": "LNDF"}, {"fields": {"category": "S", "codelist_iati_version": "2.01", "name": "lock(s)", "codelist_successor": null, "description": "a basin in a waterway with gates at each end by means of which vessels are passed from one water level to another"}, "model": "iati_codelists.locationtype", "pk": "LOCK"}, {"fields": {"category": "A", "codelist_iati_version": "2.01", "name": "leased area", "codelist_successor": null, "description": "a tract of land leased by the United Kingdom from the People's Republic of China to form part of Hong Kong"}, "model": "iati_codelists.locationtype", "pk": "LTER"}, {"fields": {"category": "S", "codelist_iati_version": "2.01", "name": "lighthouse", "codelist_successor": null, "description": "a distinctive structure exhibiting a major navigation light"}, "model": "iati_codelists.locationtype", "pk": "LTHSE"}, {"fields": {"category": "S", "codelist_iati_version": "2.01", "name": "marina", "codelist_successor": null, "description": "a harbor facility for small boats, yachts, etc."}, "model": "iati_codelists.locationtype", "pk": "MAR"}, {"fields": {"category": "U", "codelist_iati_version": "2.01", "name": "undersea median valley", "codelist_successor": null, "description": "the axial depression of the mid-oceanic ridge system"}, "model": "iati_codelists.locationtype", "pk": "MDVU"}, {"fields": {"category": "V", "codelist_iati_version": "2.01", "name": "meadow", "codelist_successor": null, "description": "a small, poorly drained area dominated by grassy vegetation"}, "model": "iati_codelists.locationtype", "pk": "MDW"}, {"fields": {"category": "T", "codelist_iati_version": "2.01", "name": "mesa(s)", "codelist_successor": null, "description": "a flat-topped, isolated elevation with steep slopes on all sides, less extensive than a plateau"}, "model": "iati_codelists.locationtype", "pk": "MESA"}, {"fields": {"category": "U", "codelist_iati_version": "2.01", "name": "undersea mesa", "codelist_successor": null, "description": "an isolated, extensive, flat-topped elevation on the shelf, with relatively steep sides"}, "model": "iati_codelists.locationtype", "pk": "MESU"}, {"fields": {"category": "S", "codelist_iati_version": "2.01", "name": "factory", "codelist_successor": null, "description": "one or more buildings where goods are manufactured, processed or fabricated"}, "model": "iati_codelists.locationtype", "pk": "MFG"}, {"fields": {"category": "S", "codelist_iati_version": "2.01", "name": "brewery", "codelist_successor": null, "description": "one or more buildings where beer is brewed"}, "model": "iati_codelists.locationtype", "pk": "MFGB"}, {"fields": {"category": "S", "codelist_iati_version": "2.01", "name": "cannery", "codelist_successor": null, "description": "a building where food items are canned"}, "model": "iati_codelists.locationtype", "pk": "MFGC"}, {"fields": {"category": "S", "codelist_iati_version": "2.01", "name": "copper works", "codelist_successor": null, "description": "a facility for processing copper ore"}, "model": "iati_codelists.locationtype", "pk": "MFGCU"}, {"fields": {"category": "S", "codelist_iati_version": "2.01", "name": "limekiln", "codelist_successor": null, "description": "a furnace in which limestone is reduced to lime"}, "model": "iati_codelists.locationtype", "pk": "MFGLM"}, {"fields": {"category": "S", "codelist_iati_version": "2.01", "name": "munitions plant", "codelist_successor": null, "description": "a factory where ammunition is made"}, "model": "iati_codelists.locationtype", "pk": "MFGM"}, {"fields": {"category": "H", "codelist_iati_version": "2.01", "name": "salt evaporation ponds", "codelist_successor": null, "description": "diked salt ponds used in the production of solar evaporated salt"}, "model": "iati_codelists.locationtype", "pk": "MFGN"}, {"fields": {"category": "S", "codelist_iati_version": "2.01", "name": "phosphate works", "codelist_successor": null, "description": "a facility for producing fertilizer"}, "model": "iati_codelists.locationtype", "pk": "MFGPH"}, {"fields": {"category": "S", "codelist_iati_version": "2.01", "name": "abandoned factory", "codelist_successor": null, "description": "abandoned factory"}, "model": "iati_codelists.locationtype", "pk": "MFGQ"}, {"fields": {"category": "S", "codelist_iati_version": "2.01", "name": "sugar refinery", "codelist_successor": null, "description": "a facility for converting raw sugar into refined sugar"}, "model": "iati_codelists.locationtype", "pk": "MFGSG"}, {"fields": {"category": "H", "codelist_iati_version": "2.01", "name": "mangrove swamp", "codelist_successor": null, "description": "a tropical tidal mud flat characterized by mangrove vegetation"}, "model": "iati_codelists.locationtype", "pk": "MGV"}, {"fields": {"category": "L", "codelist_iati_version": "2.01", "name": "military base", "codelist_successor": null, "description": "a place used by an army or other armed service for storing arms and supplies, and for accommodating and training troops, a base from which operations can be initiated"}, "model": "iati_codelists.locationtype", "pk": "MILB"}, {"fields": {"category": "S", "codelist_iati_version": "2.01", "name": "market", "codelist_successor": null, "description": "a place where goods are bought and sold at regular intervals"}, "model": "iati_codelists.locationtype", "pk": "MKT"}, {"fields": {"category": "S", "codelist_iati_version": "2.01", "name": "mill(s)", "codelist_successor": null, "description": "a building housing machines for transforming, shaping, finishing, grinding, or extracting products"}, "model": "iati_codelists.locationtype", "pk": "ML"}, {"fields": {"category": "S", "codelist_iati_version": "2.01", "name": "ore treatment plant", "codelist_successor": null, "description": "a facility for improving the metal content of ore by concentration"}, "model": "iati_codelists.locationtype", "pk": "MLM"}, {"fields": {"category": "S", "codelist_iati_version": "2.01", "name": "olive oil mill", "codelist_successor": null, "description": "a mill where oil is extracted from olives"}, "model": "iati_codelists.locationtype", "pk": "MLO"}, {"fields": {"category": "S", "codelist_iati_version": "2.01", "name": "sugar mill", "codelist_successor": null, "description": "a facility where sugar cane is processed into raw sugar"}, "model": "iati_codelists.locationtype", "pk": "MLSG"}, {"fields": {"category": "S", "codelist_iati_version": "2.01", "name": "former sugar mill", "codelist_successor": null, "description": "a sugar mill no longer used as a sugar mill"}, "model": "iati_codelists.locationtype", "pk": "MLSGQ"}, {"fields": {"category": "S", "codelist_iati_version": "2.01", "name": "sawmill", "codelist_successor": null, "description": "a mill where logs or lumber are sawn to specified shapes and sizes"}, "model": "iati_codelists.locationtype", "pk": "MLSW"}, {"fields": {"category": "S", "codelist_iati_version": "2.01", "name": "windmill", "codelist_successor": null, "description": "a mill or water pump powered by wind"}, "model": "iati_codelists.locationtype", "pk": "MLWND"}, {"fields": {"category": "S", "codelist_iati_version": "2.01", "name": "water mill", "codelist_successor": null, "description": "a mill powered by running water"}, "model": "iati_codelists.locationtype", "pk": "MLWTR"}, {"fields": {"category": "S", "codelist_iati_version": "2.01", "name": "mine(s)", "codelist_successor": null, "description": "a site where mineral ores are extracted from the ground by excavating surface pits and subterranean passages"}, "model": "iati_codelists.locationtype", "pk": "MN"}, {"fields": {"category": "L", "codelist_iati_version": "2.01", "name": "mining area", "codelist_successor": null, "description": "an area of mine sites where minerals and ores are extracted"}, "model": "iati_codelists.locationtype", "pk": "MNA"}, {"fields": {"category": "S", "codelist_iati_version": "2.01", "name": "gold mine(s)", "codelist_successor": null, "description": "a mine where gold ore, or alluvial gold is extracted"}, "model": "iati_codelists.locationtype", "pk": "MNAU"}, {"fields": {"category": "S", "codelist_iati_version": "2.01", "name": "coal mine(s)", "codelist_successor": null, "description": "a mine where coal is extracted"}, "model": "iati_codelists.locationtype", "pk": "MNC"}, {"fields": {"category": "S", "codelist_iati_version": "2.01", "name": "chrome mine(s)", "codelist_successor": null, "description": "a mine where chrome ore is extracted"}, "model": "iati_codelists.locationtype", "pk": "MNCR"}, {"fields": {"category": "S", "codelist_iati_version": "2.01", "name": "copper mine(s)", "codelist_successor": null, "description": "a mine where copper ore is extracted"}, "model": "iati_codelists.locationtype", "pk": "MNCU"}, {"fields": {"category": "T", "codelist_iati_version": "2.01", "name": "mound(s)", "codelist_successor": null, "description": "a low, isolated, rounded hill"}, "model": "iati_codelists.locationtype", "pk": "MND"}, {"fields": {"category": "S", "codelist_iati_version": "2.01", "name": "diatomite mine(s)", "codelist_successor": null, "description": "a place where diatomaceous earth is extracted"}, "model": "iati_codelists.locationtype", "pk": "MNDT"}, {"fields": {"category": "U", "codelist_iati_version": "2.01", "name": "undersea mound", "codelist_successor": null, "description": "a low, isolated, rounded hill"}, "model": "iati_codelists.locationtype", "pk": "MNDU"}, {"fields": {"category": "S", "codelist_iati_version": "2.01", "name": "iron mine(s)", "codelist_successor": null, "description": "a mine where iron ore is extracted"}, "model": "iati_codelists.locationtype", "pk": "MNFE"}, {"fields": {"category": "S", "codelist_iati_version": "2.01", "name": "monument", "codelist_successor": null, "description": "a commemorative structure or statue"}, "model": "iati_codelists.locationtype", "pk": "MNMT"}, {"fields": {"category": "S", "codelist_iati_version": "2.01", "name": "salt mine(s)", "codelist_successor": null, "description": "a mine from which salt is extracted"}, "model": "iati_codelists.locationtype", "pk": "MNN"}, {"fields": {"category": "S", "codelist_iati_version": "2.01", "name": "nickel mine(s)", "codelist_successor": null, "description": "a mine where nickel ore is extracted"}, "model": "iati_codelists.locationtype", "pk": "MNNI"}, {"fields": {"category": "S", "codelist_iati_version": "2.01", "name": "lead mine(s)", "codelist_successor": null, "description": "a mine where lead ore is extracted"}, "model": "iati_codelists.locationtype", "pk": "MNPB"}, {"fields": {"category": "S", "codelist_iati_version": "2.01", "name": "placer mine(s)", "codelist_successor": null, "description": "a place where heavy metals are concentrated and running water is used to extract them from unconsolidated sediments"}, "model": "iati_codelists.locationtype", "pk": "MNPL"}, {"fields": {"category": "S", "codelist_iati_version": "2.01", "name": "abandoned mine", "codelist_successor": null, "description": "abandoned mine"}, "model": "iati_codelists.locationtype", "pk": "MNQ"}, {"fields": {"category": "S", "codelist_iati_version": "2.01", "name": "quarry(-ies)", "codelist_successor": null, "description": "a surface mine where building stone or gravel and sand, etc. are extracted"}, "model": "iati_codelists.locationtype", "pk": "MNQR"}, {"fields": {"category": "S", "codelist_iati_version": "2.01", "name": "tin mine(s)", "codelist_successor": null, "description": "a mine where tin ore is extracted"}, "model": "iati_codelists.locationtype", "pk": "MNSN"}, {"fields": {"category": "S", "codelist_iati_version": "2.01", "name": "mole", "codelist_successor": null, "description": "a massive structure of masonry or large stones serving as a pier or breakwater"}, "model": "iati_codelists.locationtype", "pk": "MOLE"}, {"fields": {"category": "H", "codelist_iati_version": "2.01", "name": "moor(s)", "codelist_successor": null, "description": "an area of open ground overlaid with wet peaty soils"}, "model": "iati_codelists.locationtype", "pk": "MOOR"}, {"fields": {"category": "U", "codelist_iati_version": "2.01", "name": "undersea moat", "codelist_successor": null, "description": "an annular depression that may not be continuous, located at the base of many seamounts, islands, and other isolated elevations"}, "model": "iati_codelists.locationtype", "pk": "MOTU"}, {"fields": {"category": "T", "codelist_iati_version": "2.01", "name": "moraine", "codelist_successor": null, "description": "a mound, ridge, or other accumulation of glacial till"}, "model": "iati_codelists.locationtype", "pk": "MRN"}, {"fields": {"category": "H", "codelist_iati_version": "2.01", "name": "marsh(es)", "codelist_successor": null, "description": "a wetland dominated by grass-like vegetation"}, "model": "iati_codelists.locationtype", "pk": "MRSH"}, {"fields": {"category": "H", "codelist_iati_version": "2.01", "name": "salt marsh", "codelist_successor": null, "description": "a flat area, subject to periodic salt water inundation, dominated by grassy salt-tolerant plants"}, "model": "iati_codelists.locationtype", "pk": "MRSHN"}, {"fields": {"category": "S", "codelist_iati_version": "2.01", "name": "mosque", "codelist_successor": null, "description": "a building for public Islamic worship"}, "model": "iati_codelists.locationtype", "pk": "MSQE"}, {"fields": {"category": "S", "codelist_iati_version": "2.01", "name": "mission", "codelist_successor": null, "description": "a place characterized by dwellings, school, church, hospital and other facilities operated by a religious group for the purpose of providing charitable services and to propagate religion"}, "model": "iati_codelists.locationtype", "pk": "MSSN"}, {"fields": {"category": "S", "codelist_iati_version": "2.01", "name": "abandoned mission", "codelist_successor": null, "description": "abandoned mission"}, "model": "iati_codelists.locationtype", "pk": "MSSNQ"}, {"fields": {"category": "S", "codelist_iati_version": "2.01", "name": "monastery", "codelist_successor": null, "description": "a building and grounds where a community of monks lives in seclusion"}, "model": "iati_codelists.locationtype", "pk": "MSTY"}, {"fields": {"category": "T", "codelist_iati_version": "2.01", "name": "mountain", "codelist_successor": null, "description": "an elevation standing high above the surrounding area with small summit area, steep slopes and local relief of 300m or more"}, "model": "iati_codelists.locationtype", "pk": "MT"}, {"fields": {"category": "T", "codelist_iati_version": "2.01", "name": "mountains", "codelist_successor": null, "description": "a mountain range or a group of mountains or high ridges"}, "model": "iati_codelists.locationtype", "pk": "MTS"}, {"fields": {"category": "U", "codelist_iati_version": "2.01", "name": "undersea mountains", "codelist_successor": null, "description": "well-delineated subdivisions of a large and complex positive feature"}, "model": "iati_codelists.locationtype", "pk": "MTSU"}, {"fields": {"category": "U", "codelist_iati_version": "2.01", "name": "undersea mountain", "codelist_successor": null, "description": "a well-delineated subdivision of a large and complex positive feature"}, "model": "iati_codelists.locationtype", "pk": "MTU"}, {"fields": {"category": "S", "codelist_iati_version": "2.01", "name": "museum", "codelist_successor": null, "description": "a building where objects of permanent interest in one or more of the arts and sciences are preserved and exhibited"}, "model": "iati_codelists.locationtype", "pk": "MUS"}, {"fields": {"category": "L", "codelist_iati_version": "2.01", "name": "maneuver area", "codelist_successor": null, "description": "a tract of land where military field exercises are carried out"}, "model": "iati_codelists.locationtype", "pk": "MVA"}, {"fields": {"category": "T", "codelist_iati_version": "2.01", "name": "meander neck", "codelist_successor": null, "description": "a narrow strip of land between the two limbs of a meander loop at its narrowest point"}, "model": "iati_codelists.locationtype", "pk": "NKM"}, {"fields": {"category": "S", "codelist_iati_version": "2.01", "name": "novitiate", "codelist_successor": null, "description": "a religious house or school where novices are trained"}, "model": "iati_codelists.locationtype", "pk": "NOV"}, {"fields": {"category": "H", "codelist_iati_version": "2.01", "name": "narrows", "codelist_successor": null, "description": "a navigable narrow part of a bay, strait, river, etc."}, "model": "iati_codelists.locationtype", "pk": "NRWS"}, {"fields": {"category": "S", "codelist_iati_version": "2.01", "name": "nursery(-ies)", "codelist_successor": null, "description": "a place where plants are propagated for transplanting or grafting"}, "model": "iati_codelists.locationtype", "pk": "NSY"}, {"fields": {"category": "T", "codelist_iati_version": "2.01", "name": "nunatak", "codelist_successor": null, "description": "a rock or mountain peak protruding through glacial ice"}, "model": "iati_codelists.locationtype", "pk": "NTK"}, {"fields": {"category": "T", "codelist_iati_version": "2.01", "name": "nunataks", "codelist_successor": null, "description": "rocks or mountain peaks protruding through glacial ice"}, "model": "iati_codelists.locationtype", "pk": "NTKS"}, {"fields": {"category": "L", "codelist_iati_version": "2.01", "name": "naval base", "codelist_successor": null, "description": "an area used to store supplies, provide barracks for troops and naval personnel, a port for naval vessels, and from which operations are initiated"}, "model": "iati_codelists.locationtype", "pk": "NVB"}, {"fields": {"category": "L", "codelist_iati_version": "2.01", "name": "oasis(-es)", "codelist_successor": null, "description": "an area in a desert made productive by the availability of water"}, "model": "iati_codelists.locationtype", "pk": "OAS"}, {"fields": {"category": "S", "codelist_iati_version": "2.01", "name": "observation point", "codelist_successor": null, "description": "a wildlife or scenic observation point"}, "model": "iati_codelists.locationtype", "pk": "OBPT"}, {"fields": {"category": "S", "codelist_iati_version": "2.01", "name": "observatory", "codelist_successor": null, "description": "a facility equipped for observation of atmospheric or space phenomena"}, "model": "iati_codelists.locationtype", "pk": "OBS"}, {"fields": {"category": "S", "codelist_iati_version": "2.01", "name": "radio observatory", "codelist_successor": null, "description": "a facility equipped with an array of antennae for receiving radio waves from space"}, "model": "iati_codelists.locationtype", "pk": "OBSR"}, {"fields": {"category": "V", "codelist_iati_version": "2.01", "name": "orchard(s)", "codelist_successor": null, "description": "a planting of fruit or nut trees"}, "model": "iati_codelists.locationtype", "pk": "OCH"}, {"fields": {"category": "H", "codelist_iati_version": "2.01", "name": "ocean", "codelist_successor": null, "description": "one of the major divisions of the vast expanse of salt water covering part of the earth"}, "model": "iati_codelists.locationtype", "pk": "OCN"}, {"fields": {"category": "L", "codelist_iati_version": "2.01", "name": "oilfield", "codelist_successor": null, "description": "an area containing a subterranean store of petroleum of economic value"}, "model": "iati_codelists.locationtype", "pk": "OILF"}, {"fields": {"category": "S", "codelist_iati_version": "2.01", "name": "oil pipeline junction", "codelist_successor": null, "description": "a section of an oil pipeline where two or more pipes join together"}, "model": "iati_codelists.locationtype", "pk": "OILJ"}, {"fields": {"category": "R", "codelist_iati_version": "2.01", "name": "oil pipeline", "codelist_successor": null, "description": "a pipeline used for transporting oil"}, "model": "iati_codelists.locationtype", "pk": "OILP"}, {"fields": {"category": "S", "codelist_iati_version": "2.01", "name": "abandoned oil well", "codelist_successor": null, "description": "abandoned oil well"}, "model": "iati_codelists.locationtype", "pk": "OILQ"}, {"fields": {"category": "S", "codelist_iati_version": "2.01", "name": "oil refinery", "codelist_successor": null, "description": "a facility for converting crude oil into refined petroleum products"}, "model": "iati_codelists.locationtype", "pk": "OILR"}, {"fields": {"category": "S", "codelist_iati_version": "2.01", "name": "tank farm", "codelist_successor": null, "description": "a tract of land occupied by large, cylindrical, metal tanks in which oil or liquid petrochemicals are stored"}, "model": "iati_codelists.locationtype", "pk": "OILT"}, {"fields": {"category": "S", "codelist_iati_version": "2.01", "name": "oil well", "codelist_successor": null, "description": "a well from which oil may be pumped"}, "model": "iati_codelists.locationtype", "pk": "OILW"}, {"fields": {"category": "H", "codelist_iati_version": "2.01", "name": "overfalls", "codelist_successor": null, "description": "an area of breaking waves caused by the meeting of currents or by waves moving against the current"}, "model": "iati_codelists.locationtype", "pk": "OVF"}, {"fields": {"category": "S", "codelist_iati_version": "2.01", "name": "palace", "codelist_successor": null, "description": "a large stately house, often a royal or presidential residence"}, "model": "iati_codelists.locationtype", "pk": "PAL"}, {"fields": {"category": "T", "codelist_iati_version": "2.01", "name": "pan", "codelist_successor": null, "description": "a near-level shallow, natural depression or basin, usually containing an intermittent lake, pond, or pool"}, "model": "iati_codelists.locationtype", "pk": "PAN"}, {"fields": {"category": "T", "codelist_iati_version": "2.01", "name": "pans", "codelist_successor": null, "description": "a near-level shallow, natural depression or basin, usually containing an intermittent lake, pond, or pool"}, "model": "iati_codelists.locationtype", "pk": "PANS"}, {"fields": {"category": "T", "codelist_iati_version": "2.01", "name": "pass", "codelist_successor": null, "description": "a break in a mountain range or other high obstruction, used for transportation from one side to the other [See also gap]"}, "model": "iati_codelists.locationtype", "pk": "PASS"}, {"fields": {"category": "A", "codelist_iati_version": "2.01", "name": "political entity", "codelist_successor": null, "description": "political entity"}, "model": "iati_codelists.locationtype", "pk": "PCL"}, {"fields": {"category": "A", "codelist_iati_version": "2.01", "name": "dependent political entity", "codelist_successor": null, "description": "dependent political entity"}, "model": "iati_codelists.locationtype", "pk": "PCLD"}, {"fields": {"category": "A", "codelist_iati_version": "2.01", "name": "freely associated state", "codelist_successor": null, "description": "freely associated state"}, "model": "iati_codelists.locationtype", "pk": "PCLF"}, {"fields": {"category": "A", "codelist_iati_version": "2.01", "name": "historical political entity", "codelist_successor": null, "description": "a former political entity"}, "model": "iati_codelists.locationtype", "pk": "PCLH"}, {"fields": {"category": "A", "codelist_iati_version": "2.01", "name": "independent political entity", "codelist_successor": null, "description": "independent political entity"}, "model": "iati_codelists.locationtype", "pk": "PCLI"}, {"fields": {"category": "A", "codelist_iati_version": "2.01", "name": "section of independent political entity", "codelist_successor": null, "description": "section of independent political entity"}, "model": "iati_codelists.locationtype", "pk": "PCLIX"}, {"fields": {"category": "A", "codelist_iati_version": "2.01", "name": "semi-independent political entity", "codelist_successor": null, "description": "semi-independent political entity"}, "model": "iati_codelists.locationtype", "pk": "PCLS"}, {"fields": {"category": "L", "codelist_iati_version": "2.01", "name": "peat cutting area", "codelist_successor": null, "description": "an area where peat is harvested"}, "model": "iati_codelists.locationtype", "pk": "PEAT"}, {"fields": {"category": "T", "codelist_iati_version": "2.01", "name": "peninsula", "codelist_successor": null, "description": "an elongate area of land projecting into a body of water and nearly surrounded by water"}, "model": "iati_codelists.locationtype", "pk": "PEN"}, {"fields": {"category": "T", "codelist_iati_version": "2.01", "name": "section of peninsula", "codelist_successor": null, "description": "section of peninsula"}, "model": "iati_codelists.locationtype", "pk": "PENX"}, {"fields": {"category": "S", "codelist_iati_version": "2.01", "name": "pagoda", "codelist_successor": null, "description": "a tower-like storied structure, usually a Buddhist shrine"}, "model": "iati_codelists.locationtype", "pk": "PGDA"}, {"fields": {"category": "S", "codelist_iati_version": "2.01", "name": "pier", "codelist_successor": null, "description": "a structure built out into navigable water on piles providing berthing for ships and recreation"}, "model": "iati_codelists.locationtype", "pk": "PIER"}, {"fields": {"category": "T", "codelist_iati_version": "2.01", "name": "peak", "codelist_successor": null, "description": "a pointed elevation atop a mountain, ridge, or other hypsographic feature"}, "model": "iati_codelists.locationtype", "pk": "PK"}, {"fields": {"category": "S", "codelist_iati_version": "2.01", "name": "parking lot", "codelist_successor": null, "description": "an area used for parking vehicles"}, "model": "iati_codelists.locationtype", "pk": "PKLT"}, {"fields": {"category": "T", "codelist_iati_version": "2.01", "name": "peaks", "codelist_successor": null, "description": "pointed elevations atop a mountain, ridge, or other hypsographic features"}, "model": "iati_codelists.locationtype", "pk": "PKS"}, {"fields": {"category": "U", "codelist_iati_version": "2.01", "name": "undersea peaks", "codelist_successor": null, "description": "prominent elevations, part of a larger feature, either pointed or of very limited extent across the summit"}, "model": "iati_codelists.locationtype", "pk": "PKSU"}, {"fields": {"category": "U", "codelist_iati_version": "2.01", "name": "undersea peak", "codelist_successor": null, "description": "a prominent elevation, part of a larger feature, either pointed or of very limited extent across the summit"}, "model": "iati_codelists.locationtype", "pk": "PKU"}, {"fields": {"category": "T", "codelist_iati_version": "2.01", "name": "plateau", "codelist_successor": null, "description": "an elevated plain with steep slopes on one or more sides, and often with incised streams"}, "model": "iati_codelists.locationtype", "pk": "PLAT"}, {"fields": {"category": "T", "codelist_iati_version": "2.01", "name": "section of plateau", "codelist_successor": null, "description": "section of plateau"}, "model": "iati_codelists.locationtype", "pk": "PLATX"}, {"fields": {"category": "T", "codelist_iati_version": "2.01", "name": "polder", "codelist_successor": null, "description": "an area reclaimed from the sea by diking and draining"}, "model": "iati_codelists.locationtype", "pk": "PLDR"}, {"fields": {"category": "U", "codelist_iati_version": "2.01", "name": "undersea platform", "codelist_successor": null, "description": "a flat or gently sloping underwater surface extending seaward from the shore"}, "model": "iati_codelists.locationtype", "pk": "PLFU"}, {"fields": {"category": "T", "codelist_iati_version": "2.01", "name": "plain(s)", "codelist_successor": null, "description": "an extensive area of comparatively level to gently undulating land, lacking surface irregularities, and usually adjacent to a higher area"}, "model": "iati_codelists.locationtype", "pk": "PLN"}, {"fields": {"category": "U", "codelist_iati_version": "2.01", "name": "undersea plain", "codelist_successor": null, "description": "a flat, gently sloping or nearly level region"}, "model": "iati_codelists.locationtype", "pk": "PLNU"}, {"fields": {"category": "T", "codelist_iati_version": "2.01", "name": "section of plain", "codelist_successor": null, "description": "section of plain"}, "model": "iati_codelists.locationtype", "pk": "PLNX"}, {"fields": {"category": "U", "codelist_iati_version": "2.01", "name": "undersea plateau", "codelist_successor": null, "description": "a comparatively flat-topped feature of considerable extent, dropping off abruptly on one or more sides"}, "model": "iati_codelists.locationtype", "pk": "PLTU"}, {"fields": {"category": "S", "codelist_iati_version": "2.01", "name": "oil pumping station", "codelist_successor": null, "description": "a facility for pumping oil through a pipeline"}, "model": "iati_codelists.locationtype", "pk": "PMPO"}, {"fields": {"category": "S", "codelist_iati_version": "2.01", "name": "water pumping station", "codelist_successor": null, "description": "a facility for pumping water from a major well or through a pipeline"}, "model": "iati_codelists.locationtype", "pk": "PMPW"}, {"fields": {"category": "H", "codelist_iati_version": "2.01", "name": "pond", "codelist_successor": null, "description": "a small standing waterbody"}, "model": "iati_codelists.locationtype", "pk": "PND"}, {"fields": {"category": "H", "codelist_iati_version": "2.01", "name": "intermittent pond", "codelist_successor": null, "description": "intermittent pond"}, "model": "iati_codelists.locationtype", "pk": "PNDI"}, {"fields": {"category": "H", "codelist_iati_version": "2.01", "name": "salt pond", "codelist_successor": null, "description": "a small standing body of salt water often in a marsh or swamp, usually along a seacoast"}, "model": "iati_codelists.locationtype", "pk": "PNDN"}, {"fields": {"category": "H", "codelist_iati_version": "2.01", "name": "intermittent salt pond(s)", "codelist_successor": null, "description": "intermittent salt pond(s)"}, "model": "iati_codelists.locationtype", "pk": "PNDNI"}, {"fields": {"category": "H", "codelist_iati_version": "2.01", "name": "ponds", "codelist_successor": null, "description": "small standing waterbodies"}, "model": "iati_codelists.locationtype", "pk": "PNDS"}, {"fields": {"category": "H", "codelist_iati_version": "2.01", "name": "fishponds", "codelist_successor": null, "description": "ponds or enclosures in which fish are kept or raised"}, "model": "iati_codelists.locationtype", "pk": "PNDSF"}, {"fields": {"category": "H", "codelist_iati_version": "2.01", "name": "intermittent ponds", "codelist_successor": null, "description": "intermittent ponds"}, "model": "iati_codelists.locationtype", "pk": "PNDSI"}, {"fields": {"category": "H", "codelist_iati_version": "2.01", "name": "salt ponds", "codelist_successor": null, "description": "small standing bodies of salt water often in a marsh or swamp, usually along a seacoast"}, "model": "iati_codelists.locationtype", "pk": "PNDSN"}, {"fields": {"category": "U", "codelist_iati_version": "2.01", "name": "undersea pinnacle", "codelist_successor": null, "description": "a high tower or spire-shaped pillar of rock or coral, alone or cresting a summit"}, "model": "iati_codelists.locationtype", "pk": "PNLU"}, {"fields": {"category": "S", "codelist_iati_version": "2.01", "name": "post office", "codelist_successor": null, "description": "a public building in which mail is received, sorted and distributed"}, "model": "iati_codelists.locationtype", "pk": "PO"}, {"fields": {"category": "H", "codelist_iati_version": "2.01", "name": "pool(s)", "codelist_successor": null, "description": "a small and comparatively still, deep part of a larger body of water such as a stream or harbor; or a small body of standing water"}, "model": "iati_codelists.locationtype", "pk": "POOL"}, {"fields": {"category": "H", "codelist_iati_version": "2.01", "name": "intermittent pool", "codelist_successor": null, "description": "intermittent pool"}, "model": "iati_codelists.locationtype", "pk": "POOLI"}, {"fields": {"category": "S", "codelist_iati_version": "2.01", "name": "police post", "codelist_successor": null, "description": "a building in which police are stationed"}, "model": "iati_codelists.locationtype", "pk": "PP"}, {"fields": {"category": "P", "codelist_iati_version": "2.01", "name": "populated place", "codelist_successor": null, "description": "a city, town, village, or other agglomeration of buildings where people live and work"}, "model": "iati_codelists.locationtype", "pk": "PPL"}, {"fields": {"category": "P", "codelist_iati_version": "2.01", "name": "seat of a first-order administrative division", "codelist_successor": null, "description": "seat of a first-order administrative division (PPLC takes precedence over PPLA)"}, "model": "iati_codelists.locationtype", "pk": "PPLA"}, {"fields": {"category": "P", "codelist_iati_version": "2.01", "name": "seat of a second-order administrative division", "codelist_successor": null, "description": "seat of a second-order administrative division"}, "model": "iati_codelists.locationtype", "pk": "PPLA2"}, {"fields": {"category": "P", "codelist_iati_version": "2.01", "name": "seat of a third-order administrative division", "codelist_successor": null, "description": "seat of a third-order administrative division"}, "model": "iati_codelists.locationtype", "pk": "PPLA3"}, {"fields": {"category": "P", "codelist_iati_version": "2.01", "name": "seat of a fourth-order administrative division", "codelist_successor": null, "description": "seat of a fourth-order administrative division"}, "model": "iati_codelists.locationtype", "pk": "PPLA4"}, {"fields": {"category": "P", "codelist_iati_version": "2.01", "name": "capital of a political entity", "codelist_successor": null, "description": "capital of a political entity"}, "model": "iati_codelists.locationtype", "pk": "PPLC"}, {"fields": {"category": "P", "codelist_iati_version": "2.01", "name": "farm village", "codelist_successor": null, "description": "a populated place where the population is largely engaged in agricultural activities"}, "model": "iati_codelists.locationtype", "pk": "PPLF"}, {"fields": {"category": "P", "codelist_iati_version": "2.01", "name": "historical populated place", "codelist_successor": null, "description": "a populated place that no longer exists"}, "model": "iati_codelists.locationtype", "pk": "PPLH"}, {"fields": {"category": "P", "codelist_iati_version": "2.01", "name": "populated locality", "codelist_successor": null, "description": "an area similar to a locality but with a small group of dwellings or other buildings"}, "model": "iati_codelists.locationtype", "pk": "PPLL"}, {"fields": {"category": "P", "codelist_iati_version": "2.01", "name": "abandoned populated place", "codelist_successor": null, "description": "abandoned populated place"}, "model": "iati_codelists.locationtype", "pk": "PPLQ"}, {"fields": {"category": "P", "codelist_iati_version": "2.01", "name": "religious populated place", "codelist_successor": null, "description": "a populated place whose population is largely engaged in religious occupations"}, "model": "iati_codelists.locationtype", "pk": "PPLR"}, {"fields": {"category": "P", "codelist_iati_version": "2.01", "name": "populated places", "codelist_successor": null, "description": "cities, towns, villages, or other agglomerations of buildings where people live and work"}, "model": "iati_codelists.locationtype", "pk": "PPLS"}, {"fields": {"category": "P", "codelist_iati_version": "2.01", "name": "destroyed populated place", "codelist_successor": null, "description": "a village, town or city destroyed by a natural disaster, or by war"}, "model": "iati_codelists.locationtype", "pk": "PPLW"}, {"fields": {"category": "P", "codelist_iati_version": "2.01", "name": "section of populated place", "codelist_successor": null, "description": "section of populated place"}, "model": "iati_codelists.locationtype", "pk": "PPLX"}, {"fields": {"category": "S", "codelist_iati_version": "2.01", "name": "abandoned police post", "codelist_successor": null, "description": "abandoned police post"}, "model": "iati_codelists.locationtype", "pk": "PPQ"}, {"fields": {"category": "L", "codelist_iati_version": "2.01", "name": "park", "codelist_successor": null, "description": "an area, often of forested land, maintained as a place of beauty, or for recreation"}, "model": "iati_codelists.locationtype", "pk": "PRK"}, {"fields": {"category": "S", "codelist_iati_version": "2.01", "name": "park gate", "codelist_successor": null, "description": "a controlled access to a park"}, "model": "iati_codelists.locationtype", "pk": "PRKGT"}, {"fields": {"category": "S", "codelist_iati_version": "2.01", "name": "park headquarters", "codelist_successor": null, "description": "a park administrative facility"}, "model": "iati_codelists.locationtype", "pk": "PRKHQ"}, {"fields": {"category": "R", "codelist_iati_version": "2.01", "name": "promenade", "codelist_successor": null, "description": "a place for public walking, usually along a beach front"}, "model": "iati_codelists.locationtype", "pk": "PRMN"}, {"fields": {"category": "S", "codelist_iati_version": "2.01", "name": "prison", "codelist_successor": null, "description": "a facility for confining prisoners"}, "model": "iati_codelists.locationtype", "pk": "PRN"}, {"fields": {"category": "S", "codelist_iati_version": "2.01", "name": "reformatory", "codelist_successor": null, "description": "a facility for confining, training, and reforming young law offenders"}, "model": "iati_codelists.locationtype", "pk": "PRNJ"}, {"fields": {"category": "S", "codelist_iati_version": "2.01", "name": "abandoned prison", "codelist_successor": null, "description": "abandoned prison"}, "model": "iati_codelists.locationtype", "pk": "PRNQ"}, {"fields": {"category": "T", "codelist_iati_version": "2.01", "name": "promontory(-ies)", "codelist_successor": null, "description": "a bluff or prominent hill overlooking or projecting into a lowland"}, "model": "iati_codelists.locationtype", "pk": "PROM"}, {"fields": {"category": "A", "codelist_iati_version": "2.01", "name": "parish", "codelist_successor": null, "description": "an ecclesiastical district"}, "model": "iati_codelists.locationtype", "pk": "PRSH"}, {"fields": {"category": "L", "codelist_iati_version": "2.01", "name": "port", "codelist_successor": null, "description": "a place provided with terminal and transfer facilities for loading and discharging waterborne cargo or passengers, usually located in a harbor"}, "model": "iati_codelists.locationtype", "pk": "PRT"}, {"fields": {"category": "U", "codelist_iati_version": "2.01", "name": "undersea province", "codelist_successor": null, "description": "a region identifiable by a group of similar physiographic features whose characteristics are markedly in contrast with surrounding areas"}, "model": "iati_codelists.locationtype", "pk": "PRVU"}, {"fields": {"category": "S", "codelist_iati_version": "2.01", "name": "power station", "codelist_successor": null, "description": "a facility for generating electric power"}, "model": "iati_codelists.locationtype", "pk": "PS"}, {"fields": {"category": "S", "codelist_iati_version": "2.01", "name": "hydroelectric power station", "codelist_successor": null, "description": "a building where electricity is generated from water power"}, "model": "iati_codelists.locationtype", "pk": "PSH"}, {"fields": {"category": "S", "codelist_iati_version": "2.01", "name": "nuclear power station", "codelist_successor": null, "description": "nuclear power station"}, "model": "iati_codelists.locationtype", "pk": "PSN"}, {"fields": {"category": "S", "codelist_iati_version": "2.01", "name": "border post", "codelist_successor": null, "description": "a post or station at an international boundary for the regulation of movement of people and goods"}, "model": "iati_codelists.locationtype", "pk": "PSTB"}, {"fields": {"category": "S", "codelist_iati_version": "2.01", "name": "customs post", "codelist_successor": null, "description": "a building at an international boundary where customs and duties are paid on goods"}, "model": "iati_codelists.locationtype", "pk": "PSTC"}, {"fields": {"category": "S", "codelist_iati_version": "2.01", "name": "patrol post", "codelist_successor": null, "description": "a post from which patrols are sent out"}, "model": "iati_codelists.locationtype", "pk": "PSTP"}, {"fields": {"category": "T", "codelist_iati_version": "2.01", "name": "point", "codelist_successor": null, "description": "a tapering piece of land projecting into a body of water, less prominent than a cape"}, "model": "iati_codelists.locationtype", "pk": "PT"}, {"fields": {"category": "R", "codelist_iati_version": "2.01", "name": "portage", "codelist_successor": null, "description": "a place where boats, goods, etc., are carried overland between navigable waters"}, "model": "iati_codelists.locationtype", "pk": "PTGE"}, {"fields": {"category": "T", "codelist_iati_version": "2.01", "name": "points", "codelist_successor": null, "description": "tapering pieces of land projecting into a body of water, less prominent than a cape"}, "model": "iati_codelists.locationtype", "pk": "PTS"}, {"fields": {"category": "S", "codelist_iati_version": "2.01", "name": "pyramid", "codelist_successor": null, "description": "an ancient massive structure of square ground plan with four triangular faces meeting at a point and used for enclosing tombs"}, "model": "iati_codelists.locationtype", "pk": "PYR"}, {"fields": {"category": "S", "codelist_iati_version": "2.01", "name": "pyramids", "codelist_successor": null, "description": "ancient massive structures of square ground plan with four triangular faces meeting at a point and used for enclosing tombs"}, "model": "iati_codelists.locationtype", "pk": "PYRS"}, {"fields": {"category": "L", "codelist_iati_version": "2.01", "name": "quicksand", "codelist_successor": null, "description": "an area where loose sand with water moving through it may become unstable when heavy objects are placed at the surface, causing them to sink"}, "model": "iati_codelists.locationtype", "pk": "QCKS"}, {"fields": {"category": "S", "codelist_iati_version": "2.01", "name": "quay", "codelist_successor": null, "description": "a structure of solid construction along a shore or bank which provides berthing for ships and which generally provides cargo handling facilities"}, "model": "iati_codelists.locationtype", "pk": "QUAY"}, {"fields": {"category": "U", "codelist_iati_version": "2.01", "name": "undersea ravine", "codelist_successor": null, "description": "a small canyon"}, "model": "iati_codelists.locationtype", "pk": "RAVU"}, {"fields": {"category": "H", "codelist_iati_version": "2.01", "name": "reach", "codelist_successor": null, "description": "a straight section of a navigable stream or channel between two bends"}, "model": "iati_codelists.locationtype", "pk": "RCH"}, {"fields": {"category": "R", "codelist_iati_version": "2.01", "name": "road", "codelist_successor": null, "description": "an open way with improved surface for transportation of animals, people and vehicles"}, "model": "iati_codelists.locationtype", "pk": "RD"}, {"fields": {"category": "R", "codelist_iati_version": "2.01", "name": "ancient road", "codelist_successor": null, "description": "the remains of a road used by ancient cultures"}, "model": "iati_codelists.locationtype", "pk": "RDA"}, {"fields": {"category": "R", "codelist_iati_version": "2.01", "name": "road bend", "codelist_successor": null, "description": "a conspicuously curved or bent section of a road"}, "model": "iati_codelists.locationtype", "pk": "RDB"}, {"fields": {"category": "S", "codelist_iati_version": "2.01", "name": "traffic circle", "codelist_successor": null, "description": "a road junction formed around a central circle about which traffic moves in one direction only"}, "model": "iati_codelists.locationtype", "pk": "RDCR"}, {"fields": {"category": "R", "codelist_iati_version": "2.01", "name": "road cut", "codelist_successor": null, "description": "an excavation cut through a hill or ridge for a road"}, "model": "iati_codelists.locationtype", "pk": "RDCUT"}, {"fields": {"category": "T", "codelist_iati_version": "2.01", "name": "beach ridge", "codelist_successor": null, "description": "a ridge of sand just inland and parallel to the beach, usually in series"}, "model": "iati_codelists.locationtype", "pk": "RDGB"}, {"fields": {"category": "T", "codelist_iati_version": "2.01", "name": "ridge(s)", "codelist_successor": null, "description": "a long narrow elevation with steep sides, and a more or less continuous crest"}, "model": "iati_codelists.locationtype", "pk": "RDGE"}, {"fields": {"category": "H", "codelist_iati_version": "2.01", "name": "icecap ridge", "codelist_successor": null, "description": "a linear elevation on an icecap"}, "model": "iati_codelists.locationtype", "pk": "RDGG"}, {"fields": {"category": "U", "codelist_iati_version": "2.01", "name": "undersea ridge", "codelist_successor": null, "description": "a long narrow elevation with steep sides"}, "model": "iati_codelists.locationtype", "pk": "RDGU"}, {"fields": {"category": "S", "codelist_iati_version": "2.01", "name": "intersection", "codelist_successor": null, "description": "a junction of two or more highways by a system of separate levels that permit traffic to pass from one to another without the crossing of traffic streams"}, "model": "iati_codelists.locationtype", "pk": "RDIN"}, {"fields": {"category": "R", "codelist_iati_version": "2.01", "name": "road junction", "codelist_successor": null, "description": "a place where two or more roads join"}, "model": "iati_codelists.locationtype", "pk": "RDJCT"}, {"fields": {"category": "H", "codelist_iati_version": "2.01", "name": "roadstead", "codelist_successor": null, "description": "an open anchorage affording less protection than a harbor"}, "model": "iati_codelists.locationtype", "pk": "RDST"}, {"fields": {"category": "U", "codelist_iati_version": "2.01", "name": "undersea ridges", "codelist_successor": null, "description": "long narrow elevations with steep sides"}, "model": "iati_codelists.locationtype", "pk": "RDSU"}, {"fields": {"category": "S", "codelist_iati_version": "2.01", "name": "golf course", "codelist_successor": null, "description": "a recreation field where golf is played"}, "model": "iati_codelists.locationtype", "pk": "RECG"}, {"fields": {"category": "S", "codelist_iati_version": "2.01", "name": "racetrack", "codelist_successor": null, "description": "a track where races are held"}, "model": "iati_codelists.locationtype", "pk": "RECR"}, {"fields": {"category": "T", "codelist_iati_version": "2.01", "name": "stony desert", "codelist_successor": null, "description": "a desert plain characterized by a surface veneer of gravel and stones"}, "model": "iati_codelists.locationtype", "pk": "REG"}, {"fields": {"category": "L", "codelist_iati_version": "2.01", "name": "reserve", "codelist_successor": null, "description": "a tract of public land reserved for future use or restricted as to use"}, "model": "iati_codelists.locationtype", "pk": "RES"}, {"fields": {"category": "L", "codelist_iati_version": "2.01", "name": "agricultural reserve", "codelist_successor": null, "description": "a tract of land reserved for agricultural reclamation and/or development"}, "model": "iati_codelists.locationtype", "pk": "RESA"}, {"fields": {"category": "L", "codelist_iati_version": "2.01", "name": "forest reserve", "codelist_successor": null, "description": "a forested area set aside for preservation or controlled use"}, "model": "iati_codelists.locationtype", "pk": "RESF"}, {"fields": {"category": "L", "codelist_iati_version": "2.01", "name": "hunting reserve", "codelist_successor": null, "description": "a tract of land used primarily for hunting"}, "model": "iati_codelists.locationtype", "pk": "RESH"}, {"fields": {"category": "L", "codelist_iati_version": "2.01", "name": "nature reserve", "codelist_successor": null, "description": "an area reserved for the maintenance of a natural habitat"}, "model": "iati_codelists.locationtype", "pk": "RESN"}, {"fields": {"category": "L", "codelist_iati_version": "2.01", "name": "palm tree reserve", "codelist_successor": null, "description": "an area of palm trees where use is controlled"}, "model": "iati_codelists.locationtype", "pk": "RESP"}, {"fields": {"category": "L", "codelist_iati_version": "2.01", "name": "reservation", "codelist_successor": null, "description": "a tract of land set aside for aboriginal, tribal, or native populations"}, "model": "iati_codelists.locationtype", "pk": "RESV"}, {"fields": {"category": "L", "codelist_iati_version": "2.01", "name": "wildlife reserve", "codelist_successor": null, "description": "a tract of public land reserved for the preservation of wildlife"}, "model": "iati_codelists.locationtype", "pk": "RESW"}, {"fields": {"category": "S", "codelist_iati_version": "2.01", "name": "store", "codelist_successor": null, "description": "a building where goods and/or services are offered for sale"}, "model": "iati_codelists.locationtype", "pk": "RET"}, {"fields": {"category": "H", "codelist_iati_version": "2.01", "name": "reef(s)", "codelist_successor": null, "description": "a surface-navigation hazard composed of consolidated material"}, "model": "iati_codelists.locationtype", "pk": "RF"}, {"fields": {"category": "H", "codelist_iati_version": "2.01", "name": "coral reef(s)", "codelist_successor": null, "description": "a surface-navigation hazard composed of coral"}, "model": "iati_codelists.locationtype", "pk": "RFC"}, {"fields": {"category": "U", "codelist_iati_version": "2.01", "name": "undersea reefs", "codelist_successor": null, "description": "surface-navigation hazards composed of consolidated material"}, "model": "iati_codelists.locationtype", "pk": "RFSU"}, {"fields": {"category": "U", "codelist_iati_version": "2.01", "name": "undersea reef", "codelist_successor": null, "description": "a surface-navigation hazard composed of consolidated material"}, "model": "iati_codelists.locationtype", "pk": "RFU"}, {"fields": {"category": "H", "codelist_iati_version": "2.01", "name": "section of reef", "codelist_successor": null, "description": "section of reef"}, "model": "iati_codelists.locationtype", "pk": "RFX"}, {"fields": {"category": "L", "codelist_iati_version": "2.01", "name": "region", "codelist_successor": null, "description": "an area distinguished by one or more observable physical or cultural characteristics"}, "model": "iati_codelists.locationtype", "pk": "RGN"}, {"fields": {"category": "L", "codelist_iati_version": "2.01", "name": "economic region", "codelist_successor": null, "description": "a region of a country established for economic development or for statistical purposes"}, "model": "iati_codelists.locationtype", "pk": "RGNE"}, {"fields": {"category": "L", "codelist_iati_version": "2.01", "name": "historical region", "codelist_successor": null, "description": "a former area distinguished by one or more observable physical or cultural characteristics"}, "model": "iati_codelists.locationtype", "pk": "RGNH"}, {"fields": {"category": "L", "codelist_iati_version": "2.01", "name": "lake region", "codelist_successor": null, "description": "a tract of land distinguished by numerous lakes"}, "model": "iati_codelists.locationtype", "pk": "RGNL"}, {"fields": {"category": "S", "codelist_iati_version": "2.01", "name": "resthouse", "codelist_successor": null, "description": "a structure maintained for the rest and shelter of travelers"}, "model": "iati_codelists.locationtype", "pk": "RHSE"}, {"fields": {"category": "U", "codelist_iati_version": "2.01", "name": "undersea rise", "codelist_successor": null, "description": "a broad elevation that rises gently, and generally smoothly, from the sea floor"}, "model": "iati_codelists.locationtype", "pk": "RISU"}, {"fields": {"category": "R", "codelist_iati_version": "2.01", "name": "railroad junction", "codelist_successor": null, "description": "a place where two or more railroad tracks join"}, "model": "iati_codelists.locationtype", "pk": "RJCT"}, {"fields": {"category": "T", "codelist_iati_version": "2.01", "name": "rock", "codelist_successor": null, "description": "a conspicuous, isolated rocky mass"}, "model": "iati_codelists.locationtype", "pk": "RK"}, {"fields": {"category": "T", "codelist_iati_version": "2.01", "name": "rockfall", "codelist_successor": null, "description": "an irregular mass of fallen rock at the base of a cliff or steep slope"}, "model": "iati_codelists.locationtype", "pk": "RKFL"}, {"fields": {"category": "S", "codelist_iati_version": "2.01", "name": "rookery", "codelist_successor": null, "description": "a breeding place of a colony of birds or seals"}, "model": "iati_codelists.locationtype", "pk": "RKRY"}, {"fields": {"category": "T", "codelist_iati_version": "2.01", "name": "rocks", "codelist_successor": null, "description": "conspicuous, isolated rocky masses"}, "model": "iati_codelists.locationtype", "pk": "RKS"}, {"fields": {"category": "S", "codelist_iati_version": "2.01", "name": "religious site", "codelist_successor": null, "description": "an ancient site of significant religious importance"}, "model": "iati_codelists.locationtype", "pk": "RLG"}, {"fields": {"category": "S", "codelist_iati_version": "2.01", "name": "retreat", "codelist_successor": null, "description": "a place of temporary seclusion, especially for religious groups"}, "model": "iati_codelists.locationtype", "pk": "RLGR"}, {"fields": {"category": "U", "codelist_iati_version": "2.01", "name": "undersea ramp", "codelist_successor": null, "description": "a gentle slope connecting areas of different elevations"}, "model": "iati_codelists.locationtype", "pk": "RMPU"}, {"fields": {"category": "S", "codelist_iati_version": "2.01", "name": "ranch(es)", "codelist_successor": null, "description": "a large farm specializing in extensive grazing of livestock"}, "model": "iati_codelists.locationtype", "pk": "RNCH"}, {"fields": {"category": "L", "codelist_iati_version": "2.01", "name": "artillery range", "codelist_successor": null, "description": "a tract of land used for artillery firing practice"}, "model": "iati_codelists.locationtype", "pk": "RNGA"}, {"fields": {"category": "U", "codelist_iati_version": "2.01", "name": "undersea range", "codelist_successor": null, "description": "a series of associated ridges or seamounts"}, "model": "iati_codelists.locationtype", "pk": "RNGU"}, {"fields": {"category": "H", "codelist_iati_version": "2.01", "name": "rapids", "codelist_successor": null, "description": "a turbulent section of a stream associated with a steep, irregular stream bed"}, "model": "iati_codelists.locationtype", "pk": "RPDS"}, {"fields": {"category": "R", "codelist_iati_version": "2.01", "name": "railroad", "codelist_successor": null, "description": "a permanent twin steel-rail track on which freight and passenger cars move long distances"}, "model": "iati_codelists.locationtype", "pk": "RR"}, {"fields": {"category": "R", "codelist_iati_version": "2.01", "name": "historical railroad", "codelist_successor": null, "description": "a former permanent twin steel-rail track on which freight and passenger cars move long distances"}, "model": "iati_codelists.locationtype", "pk": "RRH"}, {"fields": {"category": "R", "codelist_iati_version": "2.01", "name": "abandoned railroad", "codelist_successor": null, "description": "abandoned railroad"}, "model": "iati_codelists.locationtype", "pk": "RRQ"}, {"fields": {"category": "S", "codelist_iati_version": "2.01", "name": "railroad siding", "codelist_successor": null, "description": "a short track parallel to and joining the main track"}, "model": "iati_codelists.locationtype", "pk": "RSD"}, {"fields": {"category": "S", "codelist_iati_version": "2.01", "name": "railroad signal", "codelist_successor": null, "description": "a signal at the entrance of a particular section of track governing the movement of trains"}, "model": "iati_codelists.locationtype", "pk": "RSGNL"}, {"fields": {"category": "S", "codelist_iati_version": "2.01", "name": "resort", "codelist_successor": null, "description": "a specialized facility for vacation, health, or participation sports activities"}, "model": "iati_codelists.locationtype", "pk": "RSRT"}, {"fields": {"category": "S", "codelist_iati_version": "2.01", "name": "railroad station", "codelist_successor": null, "description": "a facility comprising ticket office, platforms, etc. for loading and unloading train passengers and freight"}, "model": "iati_codelists.locationtype", "pk": "RSTN"}, {"fields": {"category": "S", "codelist_iati_version": "2.01", "name": "historical railroad station", "codelist_successor": null, "description": "a former facility comprising ticket office, platforms, etc. for loading and unloading train passengers and freight"}, "model": "iati_codelists.locationtype", "pk": "RSTNH"}, {"fields": {"category": "S", "codelist_iati_version": "2.01", "name": "abandoned railroad station", "codelist_successor": null, "description": "abandoned railroad station"}, "model": "iati_codelists.locationtype", "pk": "RSTNQ"}, {"fields": {"category": "S", "codelist_iati_version": "2.01", "name": "railroad stop", "codelist_successor": null, "description": "a place lacking station facilities where trains stop to pick up and unload passengers and freight"}, "model": "iati_codelists.locationtype", "pk": "RSTP"}, {"fields": {"category": "S", "codelist_iati_version": "2.01", "name": "abandoned railroad stop", "codelist_successor": null, "description": "abandoned railroad stop"}, "model": "iati_codelists.locationtype", "pk": "RSTPQ"}, {"fields": {"category": "H", "codelist_iati_version": "2.01", "name": "reservoir(s)", "codelist_successor": null, "description": "an artificial pond or lake"}, "model": "iati_codelists.locationtype", "pk": "RSV"}, {"fields": {"category": "H", "codelist_iati_version": "2.01", "name": "intermittent reservoir", "codelist_successor": null, "description": "intermittent reservoir"}, "model": "iati_codelists.locationtype", "pk": "RSVI"}, {"fields": {"category": "H", "codelist_iati_version": "2.01", "name": "water tank", "codelist_successor": null, "description": "a contained pool or tank of water at, below, or above ground level"}, "model": "iati_codelists.locationtype", "pk": "RSVT"}, {"fields": {"category": "R", "codelist_iati_version": "2.01", "name": "caravan route", "codelist_successor": null, "description": "the route taken by caravans"}, "model": "iati_codelists.locationtype", "pk": "RTE"}, {"fields": {"category": "S", "codelist_iati_version": "2.01", "name": "ruin(s)", "codelist_successor": null, "description": "a destroyed or decayed structure which is no longer functional"}, "model": "iati_codelists.locationtype", "pk": "RUIN"}, {"fields": {"category": "H", "codelist_iati_version": "2.01", "name": "ravine(s)", "codelist_successor": null, "description": "a small, narrow, deep, steep-sided stream channel, smaller than a gorge"}, "model": "iati_codelists.locationtype", "pk": "RVN"}, {"fields": {"category": "R", "codelist_iati_version": "2.01", "name": "railroad yard", "codelist_successor": null, "description": "a system of tracks used for the making up of trains, and switching and storing freight cars"}, "model": "iati_codelists.locationtype", "pk": "RYD"}, {"fields": {"category": "L", "codelist_iati_version": "2.01", "name": "salt area", "codelist_successor": null, "description": "a shallow basin or flat where salt accumulates after periodic inundation"}, "model": "iati_codelists.locationtype", "pk": "SALT"}, {"fields": {"category": "T", "codelist_iati_version": "2.01", "name": "sand area", "codelist_successor": null, "description": "a tract of land covered with sand"}, "model": "iati_codelists.locationtype", "pk": "SAND"}, {"fields": {"category": "T", "codelist_iati_version": "2.01", "name": "dry stream bed", "codelist_successor": null, "description": "a channel formerly containing the water of a stream"}, "model": "iati_codelists.locationtype", "pk": "SBED"}, {"fields": {"category": "H", "codelist_iati_version": "2.01", "name": "sabkha(s)", "codelist_successor": null, "description": "a salt flat or salt encrusted plain subject to periodic inundation from flooding or high tides"}, "model": "iati_codelists.locationtype", "pk": "SBKH"}, {"fields": {"category": "S", "codelist_iati_version": "2.01", "name": "school", "codelist_successor": null, "description": "building(s) where instruction in one or more branches of knowledge takes place"}, "model": "iati_codelists.locationtype", "pk": "SCH"}, {"fields": {"category": "S", "codelist_iati_version": "2.01", "name": "agricultural school", "codelist_successor": null, "description": "a school with a curriculum focused on agriculture"}, "model": "iati_codelists.locationtype", "pk": "SCHA"}, {"fields": {"category": "S", "codelist_iati_version": "2.01", "name": "college", "codelist_successor": null, "description": "the grounds and buildings of an institution of higher learning"}, "model": "iati_codelists.locationtype", "pk": "SCHC"}, {"fields": {"category": "S", "codelist_iati_version": "2.01", "name": "military school", "codelist_successor": null, "description": "a school at which military science forms the core of the curriculum"}, "model": "iati_codelists.locationtype", "pk": "SCHM"}, {"fields": {"category": "S", "codelist_iati_version": "2.01", "name": "maritime school", "codelist_successor": null, "description": "a school at which maritime sciences form the core of the curriculum"}, "model": "iati_codelists.locationtype", "pk": "SCHN"}, {"fields": {"category": "S", "codelist_iati_version": "2.01", "name": "technical school", "codelist_successor": null, "description": "post-secondary school with a specifically technical or vocational curriculum"}, "model": "iati_codelists.locationtype", "pk": "SCHT"}, {"fields": {"category": "U", "codelist_iati_version": "2.01", "name": "seachannel", "codelist_successor": null, "description": "a continuously sloping, elongated depression commonly found in fans or plains and customarily bordered by levees on one or two sides"}, "model": "iati_codelists.locationtype", "pk": "SCNU"}, {"fields": {"category": "V", "codelist_iati_version": "2.01", "name": "scrubland", "codelist_successor": null, "description": "an area of low trees, bushes, and shrubs stunted by some environmental limitation"}, "model": "iati_codelists.locationtype", "pk": "SCRB"}, {"fields": {"category": "T", "codelist_iati_version": "2.01", "name": "escarpment", "codelist_successor": null, "description": "a long line of cliffs or steep slopes separating level surfaces above and below"}, "model": "iati_codelists.locationtype", "pk": "SCRP"}, {"fields": {"category": "U", "codelist_iati_version": "2.01", "name": "seachannels", "codelist_successor": null, "description": "continuously sloping, elongated depressions commonly found in fans or plains and customarily bordered by levees on one or two sides"}, "model": "iati_codelists.locationtype", "pk": "SCSU"}, {"fields": {"category": "H", "codelist_iati_version": "2.01", "name": "sound", "codelist_successor": null, "description": "a long arm of the sea forming a channel between the mainland and an island or islands; or connecting two larger bodies of water"}, "model": "iati_codelists.locationtype", "pk": "SD"}, {"fields": {"category": "T", "codelist_iati_version": "2.01", "name": "saddle", "codelist_successor": null, "description": "a broad, open pass crossing a ridge or between hills or mountains"}, "model": "iati_codelists.locationtype", "pk": "SDL"}, {"fields": {"category": "U", "codelist_iati_version": "2.01", "name": "undersea saddle", "codelist_successor": null, "description": "a low part, resembling in shape a saddle, in a ridge or between contiguous seamounts"}, "model": "iati_codelists.locationtype", "pk": "SDLU"}, {"fields": {"category": "H", "codelist_iati_version": "2.01", "name": "sea", "codelist_successor": null, "description": "a large body of salt water more or less confined by continuous land or chains of islands forming a subdivision of an ocean"}, "model": "iati_codelists.locationtype", "pk": "SEA"}, {"fields": {"category": "U", "codelist_iati_version": "2.01", "name": "undersea shelf", "codelist_successor": null, "description": "a zone adjacent to a continent (or around an island) that extends from the low water line to a depth at which there is usually a marked increase of slope towards oceanic depths"}, "model": "iati_codelists.locationtype", "pk": "SHFU"}, {"fields": {"category": "U", "codelist_iati_version": "2.01", "name": "undersea shoal", "codelist_successor": null, "description": "a surface-navigation hazard composed of unconsolidated material"}, "model": "iati_codelists.locationtype", "pk": "SHLU"}, {"fields": {"category": "H", "codelist_iati_version": "2.01", "name": "shoal(s)", "codelist_successor": null, "description": "a surface-navigation hazard composed of unconsolidated material"}, "model": "iati_codelists.locationtype", "pk": "SHOL"}, {"fields": {"category": "S", "codelist_iati_version": "2.01", "name": "shopping center or mall", "codelist_successor": null, "description": "an urban shopping area featuring a variety of shops surrounding a usually open-air concourse reserved for pedestrian traffic; or a large suburban building or group of buildings containing various shops with associated passageways"}, "model": "iati_codelists.locationtype", "pk": "SHOPC"}, {"fields": {"category": "T", "codelist_iati_version": "2.01", "name": "shore", "codelist_successor": null, "description": "a narrow zone bordering a waterbody which covers and uncovers at high and low water, respectively"}, "model": "iati_codelists.locationtype", "pk": "SHOR"}, {"fields": {"category": "S", "codelist_iati_version": "2.01", "name": "sheepfold", "codelist_successor": null, "description": "a fence or wall enclosure for sheep and other small herd animals"}, "model": "iati_codelists.locationtype", "pk": "SHPF"}, {"fields": {"category": "S", "codelist_iati_version": "2.01", "name": "shrine", "codelist_successor": null, "description": "a structure or place memorializing a person or religious concept"}, "model": "iati_codelists.locationtype", "pk": "SHRN"}, {"fields": {"category": "S", "codelist_iati_version": "2.01", "name": "storehouse", "codelist_successor": null, "description": "a building for storing goods, especially provisions"}, "model": "iati_codelists.locationtype", "pk": "SHSE"}, {"fields": {"category": "U", "codelist_iati_version": "2.01", "name": "undersea shoals", "codelist_successor": null, "description": "hazards to surface navigation composed of unconsolidated material"}, "model": "iati_codelists.locationtype", "pk": "SHSU"}, {"fields": {"category": "U", "codelist_iati_version": "2.01", "name": "undersea shelf valley", "codelist_successor": null, "description": "a valley on the shelf, generally the shoreward extension of a canyon"}, "model": "iati_codelists.locationtype", "pk": "SHVU"}, {"fields": {"category": "H", "codelist_iati_version": "2.01", "name": "sill", "codelist_successor": null, "description": "the low part of a gap or saddle separating basins"}, "model": "iati_codelists.locationtype", "pk": "SILL"}, {"fields": {"category": "U", "codelist_iati_version": "2.01", "name": "undersea sill", "codelist_successor": null, "description": "the low part of an underwater gap or saddle separating basins, including a similar feature at the mouth of a fjord"}, "model": "iati_codelists.locationtype", "pk": "SILU"}, {"fields": {"category": "T", "codelist_iati_version": "2.01", "name": "sinkhole", "codelist_successor": null, "description": "a small crater-shape depression in a karst area"}, "model": "iati_codelists.locationtype", "pk": "SINK"}, {"fields": {"category": "S", "codelist_iati_version": "2.01", "name": "sluice", "codelist_successor": null, "description": "a conduit or passage for carrying off surplus water from a waterbody, usually regulated by means of a sluice gate"}, "model": "iati_codelists.locationtype", "pk": "SLCE"}, {"fields": {"category": "T", "codelist_iati_version": "2.01", "name": "slide", "codelist_successor": null, "description": "a mound of earth material, at the base of a slope and the associated scoured area"}, "model": "iati_codelists.locationtype", "pk": "SLID"}, {"fields": {"category": "T", "codelist_iati_version": "2.01", "name": "slope(s)", "codelist_successor": null, "description": "a surface with a relatively uniform slope angle"}, "model": "iati_codelists.locationtype", "pk": "SLP"}, {"fields": {"category": "U", "codelist_iati_version": "2.01", "name": "undersea slope", "codelist_successor": null, "description": "the slope seaward from the shelf edge to the beginning of a continental rise or the point where there is a general reduction in slope"}, "model": "iati_codelists.locationtype", "pk": "SLPU"}, {"fields": {"category": "U", "codelist_iati_version": "2.01", "name": "seamounts", "codelist_successor": null, "description": "elevations rising generally more than 1,000 meters and of limited extent across the summit"}, "model": "iati_codelists.locationtype", "pk": "SMSU"}, {"fields": {"category": "U", "codelist_iati_version": "2.01", "name": "seamount", "codelist_successor": null, "description": "an elevation rising generally more than 1,000 meters and of limited extent across the summit"}, "model": "iati_codelists.locationtype", "pk": "SMU"}, {"fields": {"category": "L", "codelist_iati_version": "2.01", "name": "snowfield", "codelist_successor": null, "description": "an area of permanent snow and ice forming the accumulation area of a glacier"}, "model": "iati_codelists.locationtype", "pk": "SNOW"}, {"fields": {"category": "S", "codelist_iati_version": "2.01", "name": "sanatorium", "codelist_successor": null, "description": "a facility where victims of physical or mental disorders are treated"}, "model": "iati_codelists.locationtype", "pk": "SNTR"}, {"fields": {"category": "S", "codelist_iati_version": "2.01", "name": "spa", "codelist_successor": null, "description": "a resort area usually developed around a medicinal spring"}, "model": "iati_codelists.locationtype", "pk": "SPA"}, {"fields": {"category": "T", "codelist_iati_version": "2.01", "name": "spit", "codelist_successor": null, "description": "a narrow, straight or curved continuation of a beach into a waterbody"}, "model": "iati_codelists.locationtype", "pk": "SPIT"}, {"fields": {"category": "S", "codelist_iati_version": "2.01", "name": "spillway", "codelist_successor": null, "description": "a passage or outlet through which surplus water flows over, around or through a dam"}, "model": "iati_codelists.locationtype", "pk": "SPLY"}, {"fields": {"category": "H", "codelist_iati_version": "2.01", "name": "spring(s)", "codelist_successor": null, "description": "a place where ground water flows naturally out of the ground"}, "model": "iati_codelists.locationtype", "pk": "SPNG"}, {"fields": {"category": "H", "codelist_iati_version": "2.01", "name": "sulphur spring(s)", "codelist_successor": null, "description": "a place where sulphur ground water flows naturally out of the ground"}, "model": "iati_codelists.locationtype", "pk": "SPNS"}, {"fields": {"category": "H", "codelist_iati_version": "2.01", "name": "hot spring(s)", "codelist_successor": null, "description": "a place where hot ground water flows naturally out of the ground"}, "model": "iati_codelists.locationtype", "pk": "SPNT"}, {"fields": {"category": "U", "codelist_iati_version": "2.01", "name": "undersea spur", "codelist_successor": null, "description": "a subordinate elevation, ridge, or rise projecting outward from a larger feature"}, "model": "iati_codelists.locationtype", "pk": "SPRU"}, {"fields": {"category": "T", "codelist_iati_version": "2.01", "name": "spur(s)", "codelist_successor": null, "description": "a subordinate ridge projecting outward from a hill, mountain or other elevation"}, "model": "iati_codelists.locationtype", "pk": "SPUR"}, {"fields": {"category": "S", "codelist_iati_version": "2.01", "name": "square", "codelist_successor": null, "description": "a broad, open, public area near the center of a town or city"}, "model": "iati_codelists.locationtype", "pk": "SQR"}, {"fields": {"category": "R", "codelist_iati_version": "2.01", "name": "street", "codelist_successor": null, "description": "a paved urban thoroughfare"}, "model": "iati_codelists.locationtype", "pk": "ST"}, {"fields": {"category": "S", "codelist_iati_version": "2.01", "name": "stable", "codelist_successor": null, "description": "a building for the shelter and feeding of farm animals, especially horses"}, "model": "iati_codelists.locationtype", "pk": "STBL"}, {"fields": {"category": "S", "codelist_iati_version": "2.01", "name": "stadium", "codelist_successor": null, "description": "a structure with an enclosure for athletic games with tiers of seats for spectators"}, "model": "iati_codelists.locationtype", "pk": "STDM"}, {"fields": {"category": "R", "codelist_iati_version": "2.01", "name": "stock route", "codelist_successor": null, "description": "a route taken by livestock herds"}, "model": "iati_codelists.locationtype", "pk": "STKR"}, {"fields": {"category": "P", "codelist_iati_version": "2.01", "name": "Israeli settlement", "codelist_successor": null, "description": "Israeli settlement"}, "model": "iati_codelists.locationtype", "pk": "STLMT"}, {"fields": {"category": "H", "codelist_iati_version": "2.01", "name": "stream", "codelist_successor": null, "description": "a body of running water moving to a lower level in a channel on land"}, "model": "iati_codelists.locationtype", "pk": "STM"}, {"fields": {"category": "H", "codelist_iati_version": "2.01", "name": "anabranch", "codelist_successor": null, "description": "a diverging branch flowing out of a main stream and rejoining it downstream"}, "model": "iati_codelists.locationtype", "pk": "STMA"}, {"fields": {"category": "H", "codelist_iati_version": "2.01", "name": "stream bend", "codelist_successor": null, "description": "a conspicuously curved or bent segment of a stream"}, "model": "iati_codelists.locationtype", "pk": "STMB"}, {"fields": {"category": "H", "codelist_iati_version": "2.01", "name": "canalized stream", "codelist_successor": null, "description": "a stream that has been substantially ditched, diked, or straightened"}, "model": "iati_codelists.locationtype", "pk": "STMC"}, {"fields": {"category": "H", "codelist_iati_version": "2.01", "name": "distributary(-ies)", "codelist_successor": null, "description": "a branch which flows away from the main stream, as in a delta or irrigation canal"}, "model": "iati_codelists.locationtype", "pk": "STMD"}, {"fields": {"category": "S", "codelist_iati_version": "2.01", "name": "stream gauging station", "codelist_successor": null, "description": "named place where a measuring station for a watercourse, reservoir or other water body exists"}, "model": "iati_codelists.locationtype", "pk": "STMGS"}, {"fields": {"category": "H", "codelist_iati_version": "2.01", "name": "headwaters", "codelist_successor": null, "description": "the source and upper part of a stream, including the upper drainage basin"}, "model": "iati_codelists.locationtype", "pk": "STMH"}, {"fields": {"category": "H", "codelist_iati_version": "2.01", "name": "intermittent stream", "codelist_successor": null, "description": "intermittent stream"}, "model": "iati_codelists.locationtype", "pk": "STMI"}, {"fields": {"category": "H", "codelist_iati_version": "2.01", "name": "section of intermittent stream", "codelist_successor": null, "description": "section of intermittent stream"}, "model": "iati_codelists.locationtype", "pk": "STMIX"}, {"fields": {"category": "H", "codelist_iati_version": "2.01", "name": "stream mouth(s)", "codelist_successor": null, "description": "a place where a stream discharges into a lagoon, lake, or the sea"}, "model": "iati_codelists.locationtype", "pk": "STMM"}, {"fields": {"category": "H", "codelist_iati_version": "2.01", "name": "abandoned watercourse", "codelist_successor": null, "description": "a former stream or distributary no longer carrying flowing water, but still evident due to lakes, wetland, topographic or vegetation patterns"}, "model": "iati_codelists.locationtype", "pk": "STMQ"}, {"fields": {"category": "H", "codelist_iati_version": "2.01", "name": "streams", "codelist_successor": null, "description": "bodies of running water moving to a lower level in a channel on land"}, "model": "iati_codelists.locationtype", "pk": "STMS"}, {"fields": {"category": "H", "codelist_iati_version": "2.01", "name": "lost river", "codelist_successor": null, "description": "a surface stream that disappears into an underground channel, or dries up in an arid area"}, "model": "iati_codelists.locationtype", "pk": "STMSB"}, {"fields": {"category": "H", "codelist_iati_version": "2.01", "name": "section of stream", "codelist_successor": null, "description": "section of stream"}, "model": "iati_codelists.locationtype", "pk": "STMX"}, {"fields": {"category": "S", "codelist_iati_version": "2.01", "name": "scientific research base", "codelist_successor": null, "description": "a scientific facility used as a base from which research is carried out or monitored"}, "model": "iati_codelists.locationtype", "pk": "STNB"}, {"fields": {"category": "S", "codelist_iati_version": "2.01", "name": "coast guard station", "codelist_successor": null, "description": "a facility from which the coast is guarded by armed vessels"}, "model": "iati_codelists.locationtype", "pk": "STNC"}, {"fields": {"category": "S", "codelist_iati_version": "2.01", "name": "experiment station", "codelist_successor": null, "description": "a facility for carrying out experiments"}, "model": "iati_codelists.locationtype", "pk": "STNE"}, {"fields": {"category": "S", "codelist_iati_version": "2.01", "name": "forest station", "codelist_successor": null, "description": "a collection of buildings and facilities for carrying out forest management"}, "model": "iati_codelists.locationtype", "pk": "STNF"}, {"fields": {"category": "S", "codelist_iati_version": "2.01", "name": "inspection station", "codelist_successor": null, "description": "a station at which vehicles, goods, and people are inspected"}, "model": "iati_codelists.locationtype", "pk": "STNI"}, {"fields": {"category": "S", "codelist_iati_version": "2.01", "name": "meteorological station", "codelist_successor": null, "description": "a station at which weather elements are recorded"}, "model": "iati_codelists.locationtype", "pk": "STNM"}, {"fields": {"category": "S", "codelist_iati_version": "2.01", "name": "radio station", "codelist_successor": null, "description": "a facility for producing and transmitting information by radio waves"}, "model": "iati_codelists.locationtype", "pk": "STNR"}, {"fields": {"category": "S", "codelist_iati_version": "2.01", "name": "satellite station", "codelist_successor": null, "description": "a facility for tracking and communicating with orbiting satellites"}, "model": "iati_codelists.locationtype", "pk": "STNS"}, {"fields": {"category": "S", "codelist_iati_version": "2.01", "name": "whaling station", "codelist_successor": null, "description": "a facility for butchering whales and processing train oil"}, "model": "iati_codelists.locationtype", "pk": "STNW"}, {"fields": {"category": "S", "codelist_iati_version": "2.01", "name": "steps", "codelist_successor": null, "description": "stones or slabs placed for ease in ascending or descending a steep slope"}, "model": "iati_codelists.locationtype", "pk": "STPS"}, {"fields": {"category": "H", "codelist_iati_version": "2.01", "name": "strait", "codelist_successor": null, "description": "a relatively narrow waterway, usually narrower and less extensive than a sound, connecting two larger bodies of water"}, "model": "iati_codelists.locationtype", "pk": "STRT"}, {"fields": {"category": "S", "codelist_iati_version": "2.01", "name": "subway station", "codelist_successor": null, "description": "a facility comprising ticket office, platforms, etc. for loading and unloading subway passengers"}, "model": "iati_codelists.locationtype", "pk": "SUBS"}, {"fields": {"category": "S", "codelist_iati_version": "2.01", "name": "subway", "codelist_successor": null, "description": "a railroad used for mass public transportation primarily in urban areas, all or part of the system may be located below, above, or at ground level"}, "model": "iati_codelists.locationtype", "pk": "SUBW"}, {"fields": {"category": "H", "codelist_iati_version": "2.01", "name": "swamp", "codelist_successor": null, "description": "a wetland dominated by tree vegetation"}, "model": "iati_codelists.locationtype", "pk": "SWMP"}, {"fields": {"category": "S", "codelist_iati_version": "2.01", "name": "sewage treatment plant", "codelist_successor": null, "description": "facility for the processing of sewage and/or wastewater"}, "model": "iati_codelists.locationtype", "pk": "SWT"}, {"fields": {"category": "S", "codelist_iati_version": "2.01", "name": "synagogue", "codelist_successor": null, "description": "a place for Jewish worship and religious instruction"}, "model": "iati_codelists.locationtype", "pk": "SYG"}, {"fields": {"category": "H", "codelist_iati_version": "2.01", "name": "irrigation system", "codelist_successor": null, "description": "a network of ditches and one or more of the following elements: water supply, reservoir, canal, pump, well, drain, etc."}, "model": "iati_codelists.locationtype", "pk": "SYSI"}, {"fields": {"category": "T", "codelist_iati_version": "2.01", "name": "talus slope", "codelist_successor": null, "description": "a steep concave slope formed by an accumulation of loose rock fragments at the base of a cliff or steep slope"}, "model": "iati_codelists.locationtype", "pk": "TAL"}, {"fields": {"category": "A", "codelist_iati_version": "2.01", "name": "territory", "codelist_successor": null, "description": "territory"}, "model": "iati_codelists.locationtype", "pk": "TERR"}, {"fields": {"category": "U", "codelist_iati_version": "2.01", "name": "undersea terrace", "codelist_successor": null, "description": "a relatively flat horizontal or gently inclined surface, sometimes long and narrow, which is bounded by a steeper ascending slope on one side and by a steep descending slope on the opposite side"}, "model": "iati_codelists.locationtype", "pk": "TERU"}, {"fields": {"category": "S", "codelist_iati_version": "2.01", "name": "tomb(s)", "codelist_successor": null, "description": "a structure for interring bodies"}, "model": "iati_codelists.locationtype", "pk": "TMB"}, {"fields": {"category": "S", "codelist_iati_version": "2.01", "name": "temple(s)", "codelist_successor": null, "description": "an edifice dedicated to religious worship"}, "model": "iati_codelists.locationtype", "pk": "TMPL"}, {"fields": {"category": "U", "codelist_iati_version": "2.01", "name": "tablemounts (or guyots)", "codelist_successor": null, "description": "seamounts having a comparatively smooth, flat top"}, "model": "iati_codelists.locationtype", "pk": "TMSU"}, {"fields": {"category": "U", "codelist_iati_version": "2.01", "name": "tablemount (or guyot)", "codelist_successor": null, "description": "a seamount having a comparatively smooth, flat top"}, "model": "iati_codelists.locationtype", "pk": "TMTU"}, {"fields": {"category": "U", "codelist_iati_version": "2.01", "name": "undersea tongue", "codelist_successor": null, "description": "an elongate (tongue-like) extension of a flat sea floor into an adjacent higher feature"}, "model": "iati_codelists.locationtype", "pk": "TNGU"}, {"fields": {"category": "S", "codelist_iati_version": "2.01", "name": "cattle dipping tank", "codelist_successor": null, "description": "a small artificial pond used for immersing cattle in chemically treated water for disease control"}, "model": "iati_codelists.locationtype", "pk": "TNKD"}, {"fields": {"category": "R", "codelist_iati_version": "2.01", "name": "tunnel", "codelist_successor": null, "description": "a subterranean passageway for transportation"}, "model": "iati_codelists.locationtype", "pk": "TNL"}, {"fields": {"category": "H", "codelist_iati_version": "2.01", "name": "canal tunnel", "codelist_successor": null, "description": "a tunnel through which a canal passes"}, "model": "iati_codelists.locationtype", "pk": "TNLC"}, {"fields": {"category": "R", "codelist_iati_version": "2.01", "name": "natural tunnel", "codelist_successor": null, "description": "a cave that is open at both ends"}, "model": "iati_codelists.locationtype", "pk": "TNLN"}, {"fields": {"category": "R", "codelist_iati_version": "2.01", "name": "road tunnel", "codelist_successor": null, "description": "a tunnel through which a road passes"}, "model": "iati_codelists.locationtype", "pk": "TNLRD"}, {"fields": {"category": "R", "codelist_iati_version": "2.01", "name": "railroad tunnel", "codelist_successor": null, "description": "a tunnel through which a railroad passes"}, "model": "iati_codelists.locationtype", "pk": "TNLRR"}, {"fields": {"category": "R", "codelist_iati_version": "2.01", "name": "tunnels", "codelist_successor": null, "description": "subterranean passageways for transportation"}, "model": "iati_codelists.locationtype", "pk": "TNLS"}, {"fields": {"category": "S", "codelist_iati_version": "2.01", "name": "toll gate/barrier", "codelist_successor": null, "description": "highway toll collection station"}, "model": "iati_codelists.locationtype", "pk": "TOLL"}, {"fields": {"category": "S", "codelist_iati_version": "2.01", "name": "tower", "codelist_successor": null, "description": "a high conspicuous structure, typically much higher than its diameter"}, "model": "iati_codelists.locationtype", "pk": "TOWR"}, {"fields": {"category": "S", "codelist_iati_version": "2.01", "name": "transit terminal", "codelist_successor": null, "description": "facilities for the handling of vehicular freight and passengers"}, "model": "iati_codelists.locationtype", "pk": "TRANT"}, {"fields": {"category": "L", "codelist_iati_version": "2.01", "name": "tribal area", "codelist_successor": null, "description": "a tract of land used by nomadic or other tribes"}, "model": "iati_codelists.locationtype", "pk": "TRB"}, {"fields": {"category": "V", "codelist_iati_version": "2.01", "name": "tree(s)", "codelist_successor": null, "description": "a conspicuous tree used as a landmark"}, "model": "iati_codelists.locationtype", "pk": "TREE"}, {"fields": {"category": "T", "codelist_iati_version": "2.01", "name": "interdune trough(s)", "codelist_successor": null, "description": "a long wind-swept trough between parallel longitudinal dunes"}, "model": "iati_codelists.locationtype", "pk": "TRGD"}, {"fields": {"category": "U", "codelist_iati_version": "2.01", "name": "undersea trough", "codelist_successor": null, "description": "a long depression of the sea floor characteristically flat bottomed and steep sided, and normally shallower than a trench"}, "model": "iati_codelists.locationtype", "pk": "TRGU"}, {"fields": {"category": "S", "codelist_iati_version": "2.01", "name": "triangulation station", "codelist_successor": null, "description": "a point on the earth whose position has been determined by triangulation"}, "model": "iati_codelists.locationtype", "pk": "TRIG"}, {"fields": {"category": "R", "codelist_iati_version": "2.01", "name": "trail", "codelist_successor": null, "description": "a path, track, or route used by pedestrians, animals, or off-road vehicles"}, "model": "iati_codelists.locationtype", "pk": "TRL"}, {"fields": {"category": "S", "codelist_iati_version": "2.01", "name": "oil pipeline terminal", "codelist_successor": null, "description": "a tank farm or loading facility at the end of an oil pipeline"}, "model": "iati_codelists.locationtype", "pk": "TRMO"}, {"fields": {"category": "U", "codelist_iati_version": "2.01", "name": "undersea trench", "codelist_successor": null, "description": "a long, narrow, characteristically very deep and asymmetrical depression of the sea floor, with relatively steep sides"}, "model": "iati_codelists.locationtype", "pk": "TRNU"}, {"fields": {"category": "T", "codelist_iati_version": "2.01", "name": "terrace", "codelist_successor": null, "description": "a long, narrow alluvial platform bounded by steeper slopes above and below, usually overlooking a waterbody"}, "model": "iati_codelists.locationtype", "pk": "TRR"}, {"fields": {"category": "V", "codelist_iati_version": "2.01", "name": "tundra", "codelist_successor": null, "description": "a marshy, treeless, high latitude plain, dominated by mosses, lichens, and low shrub vegetation under permafrost conditions"}, "model": "iati_codelists.locationtype", "pk": "TUND"}, {"fields": {"category": "U", "codelist_iati_version": "2.01", "name": "historical undersea feature", "codelist_successor": null, "description": "an undersea feature whose existence has been subsequently disproved"}, "model": "iati_codelists.locationtype", "pk": "UFHU"}, {"fields": {"category": "T", "codelist_iati_version": "2.01", "name": "upland", "codelist_successor": null, "description": "an extensive interior region of high land with low to moderate surface relief"}, "model": "iati_codelists.locationtype", "pk": "UPLD"}, {"fields": {"category": "S", "codelist_iati_version": "2.01", "name": "United States Government Establishment", "codelist_successor": null, "description": "a facility operated by the United States Government in Panama"}, "model": "iati_codelists.locationtype", "pk": "USGE"}, {"fields": {"category": "T", "codelist_iati_version": "2.01", "name": "valley", "codelist_successor": null, "description": "an elongated depression usually traversed by a stream"}, "model": "iati_codelists.locationtype", "pk": "VAL"}, {"fields": {"category": "T", "codelist_iati_version": "2.01", "name": "hanging valley", "codelist_successor": null, "description": "a valley the floor of which is notably higher than the valley or shore to which it leads; most common in areas that have been glaciated"}, "model": "iati_codelists.locationtype", "pk": "VALG"}, {"fields": {"category": "T", "codelist_iati_version": "2.01", "name": "valleys", "codelist_successor": null, "description": "elongated depressions usually traversed by a stream"}, "model": "iati_codelists.locationtype", "pk": "VALS"}, {"fields": {"category": "U", "codelist_iati_version": "2.01", "name": "undersea valley", "codelist_successor": null, "description": "a relatively shallow, wide depression, the bottom of which usually has a continuous gradient"}, "model": "iati_codelists.locationtype", "pk": "VALU"}, {"fields": {"category": "T", "codelist_iati_version": "2.01", "name": "section of valley", "codelist_successor": null, "description": "section of valley"}, "model": "iati_codelists.locationtype", "pk": "VALX"}, {"fields": {"category": "S", "codelist_iati_version": "2.01", "name": "veterinary facility", "codelist_successor": null, "description": "a building or camp at which veterinary services are available"}, "model": "iati_codelists.locationtype", "pk": "VETF"}, {"fields": {"category": "V", "codelist_iati_version": "2.01", "name": "vineyard", "codelist_successor": null, "description": "a planting of grapevines"}, "model": "iati_codelists.locationtype", "pk": "VIN"}, {"fields": {"category": "V", "codelist_iati_version": "2.01", "name": "vineyards", "codelist_successor": null, "description": "plantings of grapevines"}, "model": "iati_codelists.locationtype", "pk": "VINS"}, {"fields": {"category": "T", "codelist_iati_version": "2.01", "name": "volcano", "codelist_successor": null, "description": "a conical elevation composed of volcanic materials with a crater at the top"}, "model": "iati_codelists.locationtype", "pk": "VLC"}, {"fields": {"category": "U", "codelist_iati_version": "2.01", "name": "undersea valleys", "codelist_successor": null, "description": "a relatively shallow, wide depression, the bottom of which usually has a continuous gradient"}, "model": "iati_codelists.locationtype", "pk": "VLSU"}, {"fields": {"category": "H", "codelist_iati_version": "2.01", "name": "wadi", "codelist_successor": null, "description": "a valley or ravine, bounded by relatively steep banks, which in the rainy season becomes a watercourse; found primarily in North Africa and the Middle East"}, "model": "iati_codelists.locationtype", "pk": "WAD"}, {"fields": {"category": "H", "codelist_iati_version": "2.01", "name": "wadi bend", "codelist_successor": null, "description": "a conspicuously curved or bent segment of a wadi"}, "model": "iati_codelists.locationtype", "pk": "WADB"}, {"fields": {"category": "H", "codelist_iati_version": "2.01", "name": "wadi junction", "codelist_successor": null, "description": "a place where two or more wadies join"}, "model": "iati_codelists.locationtype", "pk": "WADJ"}, {"fields": {"category": "H", "codelist_iati_version": "2.01", "name": "wadi mouth", "codelist_successor": null, "description": "the lower terminus of a wadi where it widens into an adjoining floodplain, depression, or waterbody"}, "model": "iati_codelists.locationtype", "pk": "WADM"}, {"fields": {"category": "H", "codelist_iati_version": "2.01", "name": "wadies", "codelist_successor": null, "description": "valleys or ravines, bounded by relatively steep banks, which in the rainy season become watercourses; found primarily in North Africa and the Middle East"}, "model": "iati_codelists.locationtype", "pk": "WADS"}, {"fields": {"category": "H", "codelist_iati_version": "2.01", "name": "section of wadi", "codelist_successor": null, "description": "section of wadi"}, "model": "iati_codelists.locationtype", "pk": "WADX"}, {"fields": {"category": "S", "codelist_iati_version": "2.01", "name": "wall", "codelist_successor": null, "description": "a thick masonry structure, usually enclosing a field or building, or forming the side of a structure"}, "model": "iati_codelists.locationtype", "pk": "WALL"}, {"fields": {"category": "S", "codelist_iati_version": "2.01", "name": "ancient wall", "codelist_successor": null, "description": "the remains of a linear defensive stone structure"}, "model": "iati_codelists.locationtype", "pk": "WALLA"}, {"fields": {"category": "S", "codelist_iati_version": "2.01", "name": "weir(s)", "codelist_successor": null, "description": "a small dam in a stream, designed to raise the water level or to divert stream flow through a desired channel"}, "model": "iati_codelists.locationtype", "pk": "WEIR"}, {"fields": {"category": "S", "codelist_iati_version": "2.01", "name": "wharf(-ves)", "codelist_successor": null, "description": "a structure of open rather than solid construction along a shore or a bank which provides berthing for ships and cargo-handling facilities"}, "model": "iati_codelists.locationtype", "pk": "WHRF"}, {"fields": {"category": "H", "codelist_iati_version": "2.01", "name": "whirlpool", "codelist_successor": null, "description": "a turbulent, rotating movement of water in a stream"}, "model": "iati_codelists.locationtype", "pk": "WHRL"}, {"fields": {"category": "H", "codelist_iati_version": "2.01", "name": "well", "codelist_successor": null, "description": "a cylindrical hole, pit, or tunnel drilled or dug down to a depth from which water, oil, or gas can be pumped or brought to the surface"}, "model": "iati_codelists.locationtype", "pk": "WLL"}, {"fields": {"category": "H", "codelist_iati_version": "2.01", "name": "abandoned well", "codelist_successor": null, "description": "abandoned well"}, "model": "iati_codelists.locationtype", "pk": "WLLQ"}, {"fields": {"category": "H", "codelist_iati_version": "2.01", "name": "wells", "codelist_successor": null, "description": "cylindrical holes, pits, or tunnels drilled or dug down to a depth from which water, oil, or gas can be pumped or brought to the surface"}, "model": "iati_codelists.locationtype", "pk": "WLLS"}, {"fields": {"category": "S", "codelist_iati_version": "2.01", "name": "wreck", "codelist_successor": null, "description": "the site of the remains of a wrecked vessel"}, "model": "iati_codelists.locationtype", "pk": "WRCK"}, {"fields": {"category": "H", "codelist_iati_version": "2.01", "name": "wetland", "codelist_successor": null, "description": "an area subject to inundation, usually characterized by bog, marsh, or swamp vegetation"}, "model": "iati_codelists.locationtype", "pk": "WTLD"}, {"fields": {"category": "H", "codelist_iati_version": "2.01", "name": "intermittent wetland", "codelist_successor": null, "description": "intermittent wetland"}, "model": "iati_codelists.locationtype", "pk": "WTLDI"}, {"fields": {"category": "H", "codelist_iati_version": "2.01", "name": "watercourse", "codelist_successor": null, "description": "a natural, well-defined channel produced by flowing water, or an artificial channel designed to carry flowing water"}, "model": "iati_codelists.locationtype", "pk": "WTRC"}, {"fields": {"category": "H", "codelist_iati_version": "2.01", "name": "waterhole(s)", "codelist_successor": null, "description": "a natural hole, hollow, or small depression that contains water, used by man and animals, especially in arid areas"}, "model": "iati_codelists.locationtype", "pk": "WTRH"}, {"fields": {"category": "S", "codelist_iati_version": "2.01", "name": "waterworks", "codelist_successor": null, "description": "a facility for supplying potable water through a water source and a system of pumps and filtration beds"}, "model": "iati_codelists.locationtype", "pk": "WTRW"}, {"fields": {"category": "A", "codelist_iati_version": "2.01", "name": "zone", "codelist_successor": null, "description": "zone"}, "model": "iati_codelists.locationtype", "pk": "ZN"}, {"fields": {"category": "A", "codelist_iati_version": "2.01", "name": "buffer zone", "codelist_successor": null, "description": "a zone recognized as a buffer between two nations in which military presence is minimal or absent"}, "model": "iati_codelists.locationtype", "pk": "ZNB"}, {"fields": {"category": "S", "codelist_iati_version": "2.01", "name": "free trade zone", "codelist_successor": null, "description": "an area, usually a section of a port, where goods may be received and shipped free of customs duty and of most customs regulations"}, "model": "iati_codelists.locationtype", "pk": "ZNF"}, {"fields": {"category": "S", "codelist_iati_version": "2.01", "name": "zoo", "codelist_successor": null, "description": "a zoological garden or park where wild animals are kept for exhibition"}, "model": "iati_codelists.locationtype", "pk": "ZOO"}, {"fields": {"abbreviation": null, "codelist_iati_version": "2.01", "name": "The Coca-Cola Export Corporation", "codelist_successor": null}, "model": "iati_codelists.organisationidentifier", "pk": "1001"}, {"fields": {"abbreviation": null, "codelist_iati_version": "2.01", "name": "Association of Geoscientists for International Development", "codelist_successor": null}, "model": "iati_codelists.organisationidentifier", "pk": "21001"}, {"fields": {"abbreviation": null, "codelist_iati_version": "2.01", "name": "Agency for International Trade Information and Co-operation", "codelist_successor": null}, "model": "iati_codelists.organisationidentifier", "pk": "21002"}, {"fields": {"abbreviation": null, "codelist_iati_version": "2.01", "name": "Latin American Council for Social Sciences", "codelist_successor": null}, "model": "iati_codelists.organisationidentifier", "pk": "21003"}, {"fields": {"abbreviation": null, "codelist_iati_version": "2.01", "name": "Council for the Development of Economic and Social Research in Africa", "codelist_successor": null}, "model": "iati_codelists.organisationidentifier", "pk": "21004"}, {"fields": {"abbreviation": null, "codelist_iati_version": "2.01", "name": "Consumer Unity and Trust Society International", "codelist_successor": null}, "model": "iati_codelists.organisationidentifier", "pk": "21005"}, {"fields": {"abbreviation": null, "codelist_iati_version": "2.01", "name": "Development Gateway Foundation", "codelist_successor": null}, "model": "iati_codelists.organisationidentifier", "pk": "21006"}, {"fields": {"abbreviation": null, "codelist_iati_version": "2.01", "name": "Environmental Liaison Centre International", "codelist_successor": null}, "model": "iati_codelists.organisationidentifier", "pk": "21007"}, {"fields": {"abbreviation": null, "codelist_iati_version": "2.01", "name": "Eurostep", "codelist_successor": null}, "model": "iati_codelists.organisationidentifier", "pk": "21008"}, {"fields": {"abbreviation": null, "codelist_iati_version": "2.01", "name": "Forum for Agricultural Research in Africa", "codelist_successor": null}, "model": "iati_codelists.organisationidentifier", "pk": "21009"}, {"fields": {"abbreviation": null, "codelist_iati_version": "2.01", "name": "Forum for African Women Educationalists", "codelist_successor": null}, "model": "iati_codelists.organisationidentifier", "pk": "21010"}, {"fields": {"abbreviation": null, "codelist_iati_version": "2.01", "name": "Global Campaign for Education", "codelist_successor": null}, "model": "iati_codelists.organisationidentifier", "pk": "21011"}, {"fields": {"abbreviation": null, "codelist_iati_version": "2.01", "name": "Health Action International", "codelist_successor": null}, "model": "iati_codelists.organisationidentifier", "pk": "21013"}, {"fields": {"abbreviation": null, "codelist_iati_version": "2.01", "name": "Human Rights Information and Documentation Systems", "codelist_successor": null}, "model": "iati_codelists.organisationidentifier", "pk": "21014"}, {"fields": {"abbreviation": null, "codelist_iati_version": "2.01", "name": "International Catholic Rural Association", "codelist_successor": null}, "model": "iati_codelists.organisationidentifier", "pk": "21015"}, {"fields": {"abbreviation": null, "codelist_iati_version": "2.01", "name": "International Committee of the Red Cross", "codelist_successor": null}, "model": "iati_codelists.organisationidentifier", "pk": "21016"}, {"fields": {"abbreviation": null, "codelist_iati_version": "2.01", "name": "International Centre for Trade and Sustainable Development", "codelist_successor": null}, "model": "iati_codelists.organisationidentifier", "pk": "21017"}, {"fields": {"abbreviation": null, "codelist_iati_version": "2.01", "name": "International Federation of Red Cross and Red Crescent Societies", "codelist_successor": null}, "model": "iati_codelists.organisationidentifier", "pk": "21018"}, {"fields": {"abbreviation": null, "codelist_iati_version": "2.01", "name": "International Federation of Settlements and Neighbourhood Centres", "codelist_successor": null}, "model": "iati_codelists.organisationidentifier", "pk": "21019"}, {"fields": {"abbreviation": null, "codelist_iati_version": "2.01", "name": "International HIV/AIDS Alliance", "codelist_successor": null}, "model": "iati_codelists.organisationidentifier", "pk": "21020"}, {"fields": {"abbreviation": null, "codelist_iati_version": "2.01", "name": "International Institute for Environment and Development", "codelist_successor": null}, "model": "iati_codelists.organisationidentifier", "pk": "21021"}, {"fields": {"abbreviation": null, "codelist_iati_version": "2.01", "name": "International Network for Alternative Financial Institutions", "codelist_successor": null}, "model": "iati_codelists.organisationidentifier", "pk": "21022"}, {"fields": {"abbreviation": null, "codelist_iati_version": "2.01", "name": "International Planned Parenthood Federation", "codelist_successor": null}, "model": "iati_codelists.organisationidentifier", "pk": "21023"}, {"fields": {"abbreviation": null, "codelist_iati_version": "2.01", "name": "Inter Press Service, International Association ", "codelist_successor": null}, "model": "iati_codelists.organisationidentifier", "pk": "21024"}, {"fields": {"abbreviation": null, "codelist_iati_version": "2.01", "name": "International Seismological Centre", "codelist_successor": null}, "model": "iati_codelists.organisationidentifier", "pk": "21025"}, {"fields": {"abbreviation": null, "codelist_iati_version": "2.01", "name": "International Service for Human Rights", "codelist_successor": null}, "model": "iati_codelists.organisationidentifier", "pk": "21026"}, {"fields": {"abbreviation": null, "codelist_iati_version": "2.01", "name": "International Trust Fund for Demining and Mine Victims Assistance", "codelist_successor": null}, "model": "iati_codelists.organisationidentifier", "pk": "21027"}, {"fields": {"abbreviation": null, "codelist_iati_version": "2.01", "name": "International University Exchange Fund - IUEF Stip. in Africa and Latin America", "codelist_successor": null}, "model": "iati_codelists.organisationidentifier", "pk": "21028"}, {"fields": {"abbreviation": null, "codelist_iati_version": "2.01", "name": "Doctors Without Borders", "codelist_successor": null}, "model": "iati_codelists.organisationidentifier", "pk": "21029"}, {"fields": {"abbreviation": null, "codelist_iati_version": "2.01", "name": "Pan African Institute for Development", "codelist_successor": null}, "model": "iati_codelists.organisationidentifier", "pk": "21030"}, {"fields": {"abbreviation": null, "codelist_iati_version": "2.01", "name": "PANOS Institute", "codelist_successor": null}, "model": "iati_codelists.organisationidentifier", "pk": "21031"}, {"fields": {"abbreviation": null, "codelist_iati_version": "2.01", "name": "Population Services International", "codelist_successor": null}, "model": "iati_codelists.organisationidentifier", "pk": "21032"}, {"fields": {"abbreviation": null, "codelist_iati_version": "2.01", "name": "Transparency International", "codelist_successor": null}, "model": "iati_codelists.organisationidentifier", "pk": "21033"}, {"fields": {"abbreviation": null, "codelist_iati_version": "2.01", "name": "International Union Against Tuberculosis and Lung Disease", "codelist_successor": null}, "model": "iati_codelists.organisationidentifier", "pk": "21034"}, {"fields": {"abbreviation": null, "codelist_iati_version": "2.01", "name": "World Organisation Against Torture", "codelist_successor": null}, "model": "iati_codelists.organisationidentifier", "pk": "21035"}, {"fields": {"abbreviation": null, "codelist_iati_version": "2.01", "name": "World University Service", "codelist_successor": null}, "model": "iati_codelists.organisationidentifier", "pk": "21036"}, {"fields": {"abbreviation": null, "codelist_iati_version": "2.01", "name": "Women's World Banking", "codelist_successor": null}, "model": "iati_codelists.organisationidentifier", "pk": "21037"}, {"fields": {"abbreviation": null, "codelist_iati_version": "2.01", "name": "International Alert", "codelist_successor": null}, "model": "iati_codelists.organisationidentifier", "pk": "21038"}, {"fields": {"abbreviation": null, "codelist_iati_version": "2.01", "name": "International Institute for Sustainable Development", "codelist_successor": null}, "model": "iati_codelists.organisationidentifier", "pk": "21039"}, {"fields": {"abbreviation": null, "codelist_iati_version": "2.01", "name": "International Women's Tribune Centre", "codelist_successor": null}, "model": "iati_codelists.organisationidentifier", "pk": "21040"}, {"fields": {"abbreviation": null, "codelist_iati_version": "2.01", "name": "Society for International Development", "codelist_successor": null}, "model": "iati_codelists.organisationidentifier", "pk": "21041"}, {"fields": {"abbreviation": null, "codelist_iati_version": "2.01", "name": "International Peacebuilding Alliance", "codelist_successor": null}, "model": "iati_codelists.organisationidentifier", "pk": "21042"}, {"fields": {"abbreviation": null, "codelist_iati_version": "2.01", "name": "European Parliamentarians for Africa", "codelist_successor": null}, "model": "iati_codelists.organisationidentifier", "pk": "21043"}, {"fields": {"abbreviation": null, "codelist_iati_version": "2.01", "name": "International Council for the Control of Iodine Deficiency Disorders", "codelist_successor": null}, "model": "iati_codelists.organisationidentifier", "pk": "21044"}, {"fields": {"abbreviation": null, "codelist_iati_version": "2.01", "name": "African Medical and Research Foundation", "codelist_successor": null}, "model": "iati_codelists.organisationidentifier", "pk": "21045"}, {"fields": {"abbreviation": null, "codelist_iati_version": "2.01", "name": "Agency for Cooperation and Research in Development", "codelist_successor": null}, "model": "iati_codelists.organisationidentifier", "pk": "21046"}, {"fields": {"abbreviation": null, "codelist_iati_version": "2.01", "name": "AgriCord", "codelist_successor": null}, "model": "iati_codelists.organisationidentifier", "pk": "21047"}, {"fields": {"abbreviation": null, "codelist_iati_version": "2.01", "name": "Association of African Universities", "codelist_successor": null}, "model": "iati_codelists.organisationidentifier", "pk": "21048"}, {"fields": {"abbreviation": null, "codelist_iati_version": "2.01", "name": "European Centre for Development Policy Management", "codelist_successor": null}, "model": "iati_codelists.organisationidentifier", "pk": "21049"}, {"fields": {"abbreviation": null, "codelist_iati_version": "2.01", "name": "Geneva Call", "codelist_successor": null}, "model": "iati_codelists.organisationidentifier", "pk": "21050"}, {"fields": {"abbreviation": null, "codelist_iati_version": "2.01", "name": "Institut Sup\u00e9rieur Panafricaine d'Economie Coop\u00e9rative", "codelist_successor": null}, "model": "iati_codelists.organisationidentifier", "pk": "21051"}, {"fields": {"abbreviation": null, "codelist_iati_version": "2.01", "name": "IPAS-Protecting Women's Health, Advancing Women's Reproductive Rights ", "codelist_successor": null}, "model": "iati_codelists.organisationidentifier", "pk": "21053"}, {"fields": {"abbreviation": null, "codelist_iati_version": "2.01", "name": "Life and Peace Institute", "codelist_successor": null}, "model": "iati_codelists.organisationidentifier", "pk": "21054"}, {"fields": {"abbreviation": null, "codelist_iati_version": "2.01", "name": "Regional AIDS Training Network", "codelist_successor": null}, "model": "iati_codelists.organisationidentifier", "pk": "21055"}, {"fields": {"abbreviation": null, "codelist_iati_version": "2.01", "name": "Renewable Energy and Energy Efficiency Partnership", "codelist_successor": null}, "model": "iati_codelists.organisationidentifier", "pk": "21056"}, {"fields": {"abbreviation": null, "codelist_iati_version": "2.01", "name": "International Centre for Transitional Justice", "codelist_successor": null}, "model": "iati_codelists.organisationidentifier", "pk": "21057"}, {"fields": {"abbreviation": null, "codelist_iati_version": "2.01", "name": "Global Alliance for Improved Nutrition", "codelist_successor": null}, "model": "iati_codelists.organisationidentifier", "pk": "30001"}, {"fields": {"abbreviation": null, "codelist_iati_version": "2.01", "name": "Global e-Schools and Communities Initiative", "codelist_successor": null}, "model": "iati_codelists.organisationidentifier", "pk": "30003"}, {"fields": {"abbreviation": null, "codelist_iati_version": "2.01", "name": "Global Water Partnership", "codelist_successor": null}, "model": "iati_codelists.organisationidentifier", "pk": "30004"}, {"fields": {"abbreviation": null, "codelist_iati_version": "2.01", "name": "International AIDS Vaccine Initiative", "codelist_successor": null}, "model": "iati_codelists.organisationidentifier", "pk": "30005"}, {"fields": {"abbreviation": null, "codelist_iati_version": "2.01", "name": "International Partnership on Microbicides", "codelist_successor": null}, "model": "iati_codelists.organisationidentifier", "pk": "30006"}, {"fields": {"abbreviation": null, "codelist_iati_version": "2.01", "name": "Global Alliance for ICT and Development", "codelist_successor": null}, "model": "iati_codelists.organisationidentifier", "pk": "30007"}, {"fields": {"abbreviation": null, "codelist_iati_version": "2.01", "name": "Cities Alliance", "codelist_successor": null}, "model": "iati_codelists.organisationidentifier", "pk": "30008"}, {"fields": {"abbreviation": null, "codelist_iati_version": "2.01", "name": "Small Arms Survey", "codelist_successor": null}, "model": "iati_codelists.organisationidentifier", "pk": "30009"}, {"fields": {"abbreviation": null, "codelist_iati_version": "2.01", "name": "International drug purchase facility", "codelist_successor": null}, "model": "iati_codelists.organisationidentifier", "pk": "30010"}, {"fields": {"abbreviation": null, "codelist_iati_version": "2.01", "name": "International Union for the Conservation of Nature", "codelist_successor": null}, "model": "iati_codelists.organisationidentifier", "pk": "30011"}, {"fields": {"abbreviation": null, "codelist_iati_version": "2.01", "name": "Global Development Network", "codelist_successor": null}, "model": "iati_codelists.organisationidentifier", "pk": "31001"}, {"fields": {"abbreviation": null, "codelist_iati_version": "2.01", "name": "Global Knowledge Partnership", "codelist_successor": null}, "model": "iati_codelists.organisationidentifier", "pk": "31002"}, {"fields": {"abbreviation": null, "codelist_iati_version": "2.01", "name": "Convention to Combat Desertification", "codelist_successor": null}, "model": "iati_codelists.organisationidentifier", "pk": "41101"}, {"fields": {"abbreviation": null, "codelist_iati_version": "2.01", "name": "Desert Locust Control Organisation for Eastern Africa", "codelist_successor": null}, "model": "iati_codelists.organisationidentifier", "pk": "41102"}, {"fields": {"abbreviation": null, "codelist_iati_version": "2.01", "name": "Economic Commission for Africa", "codelist_successor": null}, "model": "iati_codelists.organisationidentifier", "pk": "41103"}, {"fields": {"abbreviation": null, "codelist_iati_version": "2.01", "name": "Economic Commission for Latin America and the Caribbean", "codelist_successor": null}, "model": "iati_codelists.organisationidentifier", "pk": "41104"}, {"fields": {"abbreviation": null, "codelist_iati_version": "2.01", "name": "Economic and Social Commission for Western Asia", "codelist_successor": null}, "model": "iati_codelists.organisationidentifier", "pk": "41105"}, {"fields": {"abbreviation": null, "codelist_iati_version": "2.01", "name": "Economic and Social Commission for Asia and the Pacific", "codelist_successor": null}, "model": "iati_codelists.organisationidentifier", "pk": "41106"}, {"fields": {"abbreviation": null, "codelist_iati_version": "2.01", "name": "International Atomic Energy Agency (Contributions to Technical Cooperation Fund Only)", "codelist_successor": null}, "model": "iati_codelists.organisationidentifier", "pk": "41107"}, {"fields": {"abbreviation": null, "codelist_iati_version": "2.01", "name": "International Fund for Agricultural Development", "codelist_successor": null}, "model": "iati_codelists.organisationidentifier", "pk": "41108"}, {"fields": {"abbreviation": null, "codelist_iati_version": "2.01", "name": "International Research and Training Institute for the Advancement of Women", "codelist_successor": null}, "model": "iati_codelists.organisationidentifier", "pk": "41109"}, {"fields": {"abbreviation": null, "codelist_iati_version": "2.01", "name": "Joint United Nations Programme on HIV/AIDS", "codelist_successor": null}, "model": "iati_codelists.organisationidentifier", "pk": "41110"}, {"fields": {"abbreviation": null, "codelist_iati_version": "2.01", "name": "United Nations Capital Development Fund", "codelist_successor": null}, "model": "iati_codelists.organisationidentifier", "pk": "41111"}, {"fields": {"abbreviation": null, "codelist_iati_version": "2.01", "name": "United Nations Conference on Trade and Development", "codelist_successor": null}, "model": "iati_codelists.organisationidentifier", "pk": "41112"}, {"fields": {"abbreviation": null, "codelist_iati_version": "2.01", "name": "United Nations Development Programme", "codelist_successor": null}, "model": "iati_codelists.organisationidentifier", "pk": "41114"}, {"fields": {"abbreviation": null, "codelist_iati_version": "2.01", "name": "United Nations Environment Programme", "codelist_successor": null}, "model": "iati_codelists.organisationidentifier", "pk": "41116"}, {"fields": {"abbreviation": null, "codelist_iati_version": "2.01", "name": "United Nations Framework Convention on Climate Change", "codelist_successor": null}, "model": "iati_codelists.organisationidentifier", "pk": "41118"}, {"fields": {"abbreviation": null, "codelist_iati_version": "2.01", "name": "United Nations Population Fund", "codelist_successor": null}, "model": "iati_codelists.organisationidentifier", "pk": "41119"}, {"fields": {"abbreviation": null, "codelist_iati_version": "2.01", "name": "United Nations Human Settlement Programme", "codelist_successor": null}, "model": "iati_codelists.organisationidentifier", "pk": "41120"}, {"fields": {"abbreviation": null, "codelist_iati_version": "2.01", "name": "United Nations Office of the United Nations High Commissioner for Refugees", "codelist_successor": null}, "model": "iati_codelists.organisationidentifier", "pk": "41121"}, {"fields": {"abbreviation": null, "codelist_iati_version": "2.01", "name": "United Nations Children's Fund", "codelist_successor": null}, "model": "iati_codelists.organisationidentifier", "pk": "41122"}, {"fields": {"abbreviation": null, "codelist_iati_version": "2.01", "name": "United Nations Industrial Development Organisation", "codelist_successor": null}, "model": "iati_codelists.organisationidentifier", "pk": "41123"}, {"fields": {"abbreviation": null, "codelist_iati_version": "2.01", "name": "United Nations Development Fund for Women", "codelist_successor": null}, "model": "iati_codelists.organisationidentifier", "pk": "41124"}, {"fields": {"abbreviation": null, "codelist_iati_version": "2.01", "name": "United Nations Institute for Training and Research", "codelist_successor": null}, "model": "iati_codelists.organisationidentifier", "pk": "41125"}, {"fields": {"abbreviation": null, "codelist_iati_version": "2.01", "name": "United Nations Mine Action Service", "codelist_successor": null}, "model": "iati_codelists.organisationidentifier", "pk": "41126"}, {"fields": {"abbreviation": null, "codelist_iati_version": "2.01", "name": "United Nations Office of Co-ordination of Humanitarian Affairs", "codelist_successor": null}, "model": "iati_codelists.organisationidentifier", "pk": "41127"}, {"fields": {"abbreviation": null, "codelist_iati_version": "2.01", "name": "United Nations Office on Drugs and Crime", "codelist_successor": null}, "model": "iati_codelists.organisationidentifier", "pk": "41128"}, {"fields": {"abbreviation": null, "codelist_iati_version": "2.01", "name": "United Nations Research Institute for Social Development", "codelist_successor": null}, "model": "iati_codelists.organisationidentifier", "pk": "41129"}, {"fields": {"abbreviation": null, "codelist_iati_version": "2.01", "name": "United Nations Relief and Works Agency for Palestine Refugees in the Near East", "codelist_successor": null}, "model": "iati_codelists.organisationidentifier", "pk": "41130"}, {"fields": {"abbreviation": null, "codelist_iati_version": "2.01", "name": "United Nations System Staff College", "codelist_successor": null}, "model": "iati_codelists.organisationidentifier", "pk": "41131"}, {"fields": {"abbreviation": null, "codelist_iati_version": "2.01", "name": "United Nations System Standing Committee on Nutrition", "codelist_successor": null}, "model": "iati_codelists.organisationidentifier", "pk": "41132"}, {"fields": {"abbreviation": null, "codelist_iati_version": "2.01", "name": "United Nations Special Initiative on Africa", "codelist_successor": null}, "model": "iati_codelists.organisationidentifier", "pk": "41133"}, {"fields": {"abbreviation": null, "codelist_iati_version": "2.01", "name": "United Nations University (including Endowment Fund)", "codelist_successor": null}, "model": "iati_codelists.organisationidentifier", "pk": "41134"}, {"fields": {"abbreviation": null, "codelist_iati_version": "2.01", "name": "United Nations Volunteers", "codelist_successor": null}, "model": "iati_codelists.organisationidentifier", "pk": "41135"}, {"fields": {"abbreviation": null, "codelist_iati_version": "2.01", "name": "United Nations Voluntary Fund on Disability", "codelist_successor": null}, "model": "iati_codelists.organisationidentifier", "pk": "41136"}, {"fields": {"abbreviation": null, "codelist_iati_version": "2.01", "name": "United Nations Voluntary Fund for Technical Co-operation in the Field of Human Rights", "codelist_successor": null}, "model": "iati_codelists.organisationidentifier", "pk": "41137"}, {"fields": {"abbreviation": null, "codelist_iati_version": "2.01", "name": "United Nations Voluntary Fund for Victims of Torture", "codelist_successor": null}, "model": "iati_codelists.organisationidentifier", "pk": "41138"}, {"fields": {"abbreviation": null, "codelist_iati_version": "2.01", "name": "World Food Programme", "codelist_successor": null}, "model": "iati_codelists.organisationidentifier", "pk": "41140"}, {"fields": {"abbreviation": null, "codelist_iati_version": "2.01", "name": "United Nations Peacebuilding Fund (Window Two: Restricted Contributions Only)", "codelist_successor": null}, "model": "iati_codelists.organisationidentifier", "pk": "41141"}, {"fields": {"abbreviation": null, "codelist_iati_version": "2.01", "name": "United Nations Democracy Fund", "codelist_successor": null}, "model": "iati_codelists.organisationidentifier", "pk": "41142"}, {"fields": {"abbreviation": null, "codelist_iati_version": "2.01", "name": "World Health Organisation - core voluntary contributions account", "codelist_successor": null}, "model": "iati_codelists.organisationidentifier", "pk": "41143"}, {"fields": {"abbreviation": null, "codelist_iati_version": "2.01", "name": "Food and Agricultural Organisation", "codelist_successor": null}, "model": "iati_codelists.organisationidentifier", "pk": "41301"}, {"fields": {"abbreviation": null, "codelist_iati_version": "2.01", "name": "International Labour Organisation", "codelist_successor": null}, "model": "iati_codelists.organisationidentifier", "pk": "41302"}, {"fields": {"abbreviation": null, "codelist_iati_version": "2.01", "name": "International Telecommunications Union", "codelist_successor": null}, "model": "iati_codelists.organisationidentifier", "pk": "41303"}, {"fields": {"abbreviation": null, "codelist_iati_version": "2.01", "name": "United Nations Educational, Scientific and Cultural Organisation ", "codelist_successor": null}, "model": "iati_codelists.organisationidentifier", "pk": "41304"}, {"fields": {"abbreviation": null, "codelist_iati_version": "2.01", "name": "United Nations", "codelist_successor": null}, "model": "iati_codelists.organisationidentifier", "pk": "41305"}, {"fields": {"abbreviation": null, "codelist_iati_version": "2.01", "name": "Universal Postal Union", "codelist_successor": null}, "model": "iati_codelists.organisationidentifier", "pk": "41306"}, {"fields": {"abbreviation": null, "codelist_iati_version": "2.01", "name": "World Health Organisation - assessed contributions", "codelist_successor": null}, "model": "iati_codelists.organisationidentifier", "pk": "41307"}, {"fields": {"abbreviation": null, "codelist_iati_version": "2.01", "name": "World Intellectual Property Organisation", "codelist_successor": null}, "model": "iati_codelists.organisationidentifier", "pk": "41308"}, {"fields": {"abbreviation": null, "codelist_iati_version": "2.01", "name": "World Meteorological Organisation", "codelist_successor": null}, "model": "iati_codelists.organisationidentifier", "pk": "41309"}, {"fields": {"abbreviation": null, "codelist_iati_version": "2.01", "name": "United Nations Department of Peacekeeping Operations (excluding UNTSO, UNMOGIP, UNFICYP, UNDOF) ", "codelist_successor": null}, "model": "iati_codelists.organisationidentifier", "pk": "41310"}, {"fields": {"abbreviation": null, "codelist_iati_version": "2.01", "name": "United Nations Peacebuilding Fund (Window One: Flexible Contributions Only)", "codelist_successor": null}, "model": "iati_codelists.organisationidentifier", "pk": "41311"}, {"fields": {"abbreviation": null, "codelist_iati_version": "2.01", "name": "International Atomic Energy Agency - assessed contributions", "codelist_successor": null}, "model": "iati_codelists.organisationidentifier", "pk": "41312"}, {"fields": {"abbreviation": null, "codelist_iati_version": "2.01", "name": "United Nations High Commissioner for Human Rights (extrabudgetary contributions only)", "codelist_successor": null}, "model": "iati_codelists.organisationidentifier", "pk": "41313"}, {"fields": {"abbreviation": null, "codelist_iati_version": "2.01", "name": "United Nations Economic Commission for Europe (extrabudgetary contributions only)", "codelist_successor": null}, "model": "iati_codelists.organisationidentifier", "pk": "41314"}, {"fields": {"abbreviation": null, "codelist_iati_version": "2.01", "name": "European Commission - Development Share of Budget", "codelist_successor": null}, "model": "iati_codelists.organisationidentifier", "pk": "42001"}, {"fields": {"abbreviation": null, "codelist_iati_version": "2.01", "name": "European Commission - European Development Fund", "codelist_successor": null}, "model": "iati_codelists.organisationidentifier", "pk": "42003"}, {"fields": {"abbreviation": null, "codelist_iati_version": "2.01", "name": "European Investment Bank (interest subsidies only)", "codelist_successor": null}, "model": "iati_codelists.organisationidentifier", "pk": "42004"}, {"fields": {"abbreviation": null, "codelist_iati_version": "2.01", "name": "Facility for Euro-Mediterranean Investment and Partnership Trust Fund", "codelist_successor": null}, "model": "iati_codelists.organisationidentifier", "pk": "42005"}, {"fields": {"abbreviation": null, "codelist_iati_version": "2.01", "name": "Global Energy Efficiency and Renewable Energy Fund", "codelist_successor": null}, "model": "iati_codelists.organisationidentifier", "pk": "42006"}, {"fields": {"abbreviation": null, "codelist_iati_version": "2.01", "name": "International Monetary Fund - Poverty Reduction and Growth Facility Trust", "codelist_successor": null}, "model": "iati_codelists.organisationidentifier", "pk": "43001"}, {"fields": {"abbreviation": null, "codelist_iati_version": "2.01", "name": "International Monetary Fund - Poverty Reduction and Growth Facility - Heavily Indebted Poor Countries Initiative Trust (includes HIPC, PRGF and PRGF-HIPC sub-accounts) ", "codelist_successor": null}, "model": "iati_codelists.organisationidentifier", "pk": "43002"}, {"fields": {"abbreviation": null, "codelist_iati_version": "2.01", "name": "International Monetary Fund - Subsidization of IMF Emergency Assistance for Natural Disasters", "codelist_successor": null}, "model": "iati_codelists.organisationidentifier", "pk": "43003"}, {"fields": {"abbreviation": null, "codelist_iati_version": "2.01", "name": "International Bank for Reconstruction and Development", "codelist_successor": null}, "model": "iati_codelists.organisationidentifier", "pk": "44001"}, {"fields": {"abbreviation": null, "codelist_iati_version": "2.01", "name": "International Development Association", "codelist_successor": null}, "model": "iati_codelists.organisationidentifier", "pk": "44002"}, {"fields": {"abbreviation": null, "codelist_iati_version": "2.01", "name": "International Development Association - Heavily Indebted Poor Countries Debt Initiative Trust Fund", "codelist_successor": null}, "model": "iati_codelists.organisationidentifier", "pk": "44003"}, {"fields": {"abbreviation": null, "codelist_iati_version": "2.01", "name": "International Finance Corporation", "codelist_successor": null}, "model": "iati_codelists.organisationidentifier", "pk": "44004"}, {"fields": {"abbreviation": null, "codelist_iati_version": "2.01", "name": "Multilateral Investment Guarantee Agency", "codelist_successor": null}, "model": "iati_codelists.organisationidentifier", "pk": "44005"}, {"fields": {"abbreviation": null, "codelist_iati_version": "2.01", "name": "Advance Market Commitments", "codelist_successor": null}, "model": "iati_codelists.organisationidentifier", "pk": "44006"}, {"fields": {"abbreviation": null, "codelist_iati_version": "2.01", "name": "International Development Association - Multilateral Debt Relief Initiative", "codelist_successor": null}, "model": "iati_codelists.organisationidentifier", "pk": "44007"}, {"fields": {"abbreviation": null, "codelist_iati_version": "2.01", "name": "World Trade Organisation - International Trade Centre", "codelist_successor": null}, "model": "iati_codelists.organisationidentifier", "pk": "45001"}, {"fields": {"abbreviation": null, "codelist_iati_version": "2.01", "name": "World Trade Organisation - Advisory Centre on WTO Law", "codelist_successor": null}, "model": "iati_codelists.organisationidentifier", "pk": "45002"}, {"fields": {"abbreviation": null, "codelist_iati_version": "2.01", "name": "World Trade Organisation - Doha Development Agenda Global Trust Fund", "codelist_successor": null}, "model": "iati_codelists.organisationidentifier", "pk": "45003"}, {"fields": {"abbreviation": null, "codelist_iati_version": "2.01", "name": "African Solidarity Fund", "codelist_successor": null}, "model": "iati_codelists.organisationidentifier", "pk": "46001"}, {"fields": {"abbreviation": null, "codelist_iati_version": "2.01", "name": "African Development Bank", "codelist_successor": null}, "model": "iati_codelists.organisationidentifier", "pk": "46002"}, {"fields": {"abbreviation": null, "codelist_iati_version": "2.01", "name": "African Development Fund", "codelist_successor": null}, "model": "iati_codelists.organisationidentifier", "pk": "46003"}, {"fields": {"abbreviation": null, "codelist_iati_version": "2.01", "name": "Asian Development Bank", "codelist_successor": null}, "model": "iati_codelists.organisationidentifier", "pk": "46004"}, {"fields": {"abbreviation": null, "codelist_iati_version": "2.01", "name": "Asian Development Fund", "codelist_successor": null}, "model": "iati_codelists.organisationidentifier", "pk": "46005"}, {"fields": {"abbreviation": null, "codelist_iati_version": "2.01", "name": "Black Sea Trade and Development Bank", "codelist_successor": null}, "model": "iati_codelists.organisationidentifier", "pk": "46006"}, {"fields": {"abbreviation": null, "codelist_iati_version": "2.01", "name": "Central American Bank for Economic Integration", "codelist_successor": null}, "model": "iati_codelists.organisationidentifier", "pk": "46007"}, {"fields": {"abbreviation": null, "codelist_iati_version": "2.01", "name": "Andean Development Corporation", "codelist_successor": null}, "model": "iati_codelists.organisationidentifier", "pk": "46008"}, {"fields": {"abbreviation": null, "codelist_iati_version": "2.01", "name": "Caribbean Development Bank", "codelist_successor": null}, "model": "iati_codelists.organisationidentifier", "pk": "46009"}, {"fields": {"abbreviation": null, "codelist_iati_version": "2.01", "name": "Inter-American Development Bank, Inter-American Investment Corporation and Multilateral Investment Fund ", "codelist_successor": null}, "model": "iati_codelists.organisationidentifier", "pk": "46012"}, {"fields": {"abbreviation": null, "codelist_iati_version": "2.01", "name": "Inter-American Development Fund for Special Operations", "codelist_successor": null}, "model": "iati_codelists.organisationidentifier", "pk": "46013"}, {"fields": {"abbreviation": null, "codelist_iati_version": "2.01", "name": "African Capacity Building Foundation", "codelist_successor": null}, "model": "iati_codelists.organisationidentifier", "pk": "47001"}, {"fields": {"abbreviation": null, "codelist_iati_version": "2.01", "name": "Asian Productivity Organisation", "codelist_successor": null}, "model": "iati_codelists.organisationidentifier", "pk": "47002"}, {"fields": {"abbreviation": null, "codelist_iati_version": "2.01", "name": "Association of South East Asian Nations: Economic Co-operation", "codelist_successor": null}, "model": "iati_codelists.organisationidentifier", "pk": "47003"}, {"fields": {"abbreviation": null, "codelist_iati_version": "2.01", "name": "ASEAN Cultural Fund", "codelist_successor": null}, "model": "iati_codelists.organisationidentifier", "pk": "47004"}, {"fields": {"abbreviation": null, "codelist_iati_version": "2.01", "name": "African Union (excluding peacekeeping facilities)", "codelist_successor": null}, "model": "iati_codelists.organisationidentifier", "pk": "47005"}, {"fields": {"abbreviation": null, "codelist_iati_version": "2.01", "name": "World Vegetable Centre", "codelist_successor": null}, "model": "iati_codelists.organisationidentifier", "pk": "47008"}, {"fields": {"abbreviation": null, "codelist_iati_version": "2.01", "name": "African and Malagasy Council for Higher Education", "codelist_successor": null}, "model": "iati_codelists.organisationidentifier", "pk": "47009"}, {"fields": {"abbreviation": null, "codelist_iati_version": "2.01", "name": "Commonwealth Agency for Public Administration and Management", "codelist_successor": null}, "model": "iati_codelists.organisationidentifier", "pk": "47010"}, {"fields": {"abbreviation": null, "codelist_iati_version": "2.01", "name": "Caribbean Community Secretariat", "codelist_successor": null}, "model": "iati_codelists.organisationidentifier", "pk": "47011"}, {"fields": {"abbreviation": null, "codelist_iati_version": "2.01", "name": "Caribbean Epidemiology Centre", "codelist_successor": null}, "model": "iati_codelists.organisationidentifier", "pk": "47012"}, {"fields": {"abbreviation": null, "codelist_iati_version": "2.01", "name": "Commonwealth Foundation", "codelist_successor": null}, "model": "iati_codelists.organisationidentifier", "pk": "47013"}, {"fields": {"abbreviation": null, "codelist_iati_version": "2.01", "name": "Commonwealth Fund for Technical Co-operation", "codelist_successor": null}, "model": "iati_codelists.organisationidentifier", "pk": "47014"}, {"fields": {"abbreviation": null, "codelist_iati_version": "2.01", "name": "Consultative Group on International Agricultural Research", "codelist_successor": null}, "model": "iati_codelists.organisationidentifier", "pk": "47015"}, {"fields": {"abbreviation": null, "codelist_iati_version": "2.01", "name": "Commonwealth Institute", "codelist_successor": null}, "model": "iati_codelists.organisationidentifier", "pk": "47016"}, {"fields": {"abbreviation": null, "codelist_iati_version": "2.01", "name": "International Centre for Tropical Agriculture", "codelist_successor": null}, "model": "iati_codelists.organisationidentifier", "pk": "47017"}, {"fields": {"abbreviation": null, "codelist_iati_version": "2.01", "name": "Centre for International Forestry Research", "codelist_successor": null}, "model": "iati_codelists.organisationidentifier", "pk": "47018"}, {"fields": {"abbreviation": null, "codelist_iati_version": "2.01", "name": "International Centre for Advanced Mediterranean Agronomic Studies", "codelist_successor": null}, "model": "iati_codelists.organisationidentifier", "pk": "47019"}, {"fields": {"abbreviation": null, "codelist_iati_version": "2.01", "name": "International Maize and Wheat Improvement Centre", "codelist_successor": null}, "model": "iati_codelists.organisationidentifier", "pk": "47020"}, {"fields": {"abbreviation": null, "codelist_iati_version": "2.01", "name": "International Potato Centre", "codelist_successor": null}, "model": "iati_codelists.organisationidentifier", "pk": "47021"}, {"fields": {"abbreviation": null, "codelist_iati_version": "2.01", "name": "Convention on International Trade in Endangered Species of Wild Flora and Fauna", "codelist_successor": null}, "model": "iati_codelists.organisationidentifier", "pk": "47022"}, {"fields": {"abbreviation": null, "codelist_iati_version": "2.01", "name": "Commonwealth Legal Advisory Service", "codelist_successor": null}, "model": "iati_codelists.organisationidentifier", "pk": "47023"}, {"fields": {"abbreviation": null, "codelist_iati_version": "2.01", "name": "Commonwealth Media Development Fund", "codelist_successor": null}, "model": "iati_codelists.organisationidentifier", "pk": "47024"}, {"fields": {"abbreviation": null, "codelist_iati_version": "2.01", "name": "Commonwealth of Learning", "codelist_successor": null}, "model": "iati_codelists.organisationidentifier", "pk": "47025"}, {"fields": {"abbreviation": null, "codelist_iati_version": "2.01", "name": "Community of Portuguese Speaking Countries", "codelist_successor": null}, "model": "iati_codelists.organisationidentifier", "pk": "47026"}, {"fields": {"abbreviation": null, "codelist_iati_version": "2.01", "name": "Colombo Plan", "codelist_successor": null}, "model": "iati_codelists.organisationidentifier", "pk": "47027"}, {"fields": {"abbreviation": null, "codelist_iati_version": "2.01", "name": "Commonwealth Partnership for Technical Management", "codelist_successor": null}, "model": "iati_codelists.organisationidentifier", "pk": "47028"}, {"fields": {"abbreviation": null, "codelist_iati_version": "2.01", "name": "Sahel and West Africa Club", "codelist_successor": null}, "model": "iati_codelists.organisationidentifier", "pk": "47029"}, {"fields": {"abbreviation": null, "codelist_iati_version": "2.01", "name": "Commonwealth Scientific Council", "codelist_successor": null}, "model": "iati_codelists.organisationidentifier", "pk": "47030"}, {"fields": {"abbreviation": null, "codelist_iati_version": "2.01", "name": "Commonwealth Small States Office", "codelist_successor": null}, "model": "iati_codelists.organisationidentifier", "pk": "47031"}, {"fields": {"abbreviation": null, "codelist_iati_version": "2.01", "name": "Commonwealth Trade and Investment Access Facility", "codelist_successor": null}, "model": "iati_codelists.organisationidentifier", "pk": "47032"}, {"fields": {"abbreviation": null, "codelist_iati_version": "2.01", "name": "Commonwealth Youth Programme", "codelist_successor": null}, "model": "iati_codelists.organisationidentifier", "pk": "47033"}, {"fields": {"abbreviation": null, "codelist_iati_version": "2.01", "name": "Economic Community of West African States", "codelist_successor": null}, "model": "iati_codelists.organisationidentifier", "pk": "47034"}, {"fields": {"abbreviation": null, "codelist_iati_version": "2.01", "name": "Environmental Development Action in the Third World", "codelist_successor": null}, "model": "iati_codelists.organisationidentifier", "pk": "47035"}, {"fields": {"abbreviation": null, "codelist_iati_version": "2.01", "name": "European and Mediterranean Plant Protection Organisation", "codelist_successor": null}, "model": "iati_codelists.organisationidentifier", "pk": "47036"}, {"fields": {"abbreviation": null, "codelist_iati_version": "2.01", "name": "Eastern-Regional Organisation of Public Administration", "codelist_successor": null}, "model": "iati_codelists.organisationidentifier", "pk": "47037"}, {"fields": {"abbreviation": null, "codelist_iati_version": "2.01", "name": "INTERPOL Fund for Aid and Technical Assistance to Developing Countries", "codelist_successor": null}, "model": "iati_codelists.organisationidentifier", "pk": "47038"}, {"fields": {"abbreviation": null, "codelist_iati_version": "2.01", "name": "Forum Fisheries Agency", "codelist_successor": null}, "model": "iati_codelists.organisationidentifier", "pk": "47040"}, {"fields": {"abbreviation": null, "codelist_iati_version": "2.01", "name": "Food and Fertilizer Technology Centre", "codelist_successor": null}, "model": "iati_codelists.organisationidentifier", "pk": "47041"}, {"fields": {"abbreviation": null, "codelist_iati_version": "2.01", "name": "Foundation for International Training", "codelist_successor": null}, "model": "iati_codelists.organisationidentifier", "pk": "47042"}, {"fields": {"abbreviation": null, "codelist_iati_version": "2.01", "name": "Global Crop Diversity Trust", "codelist_successor": null}, "model": "iati_codelists.organisationidentifier", "pk": "47043"}, {"fields": {"abbreviation": null, "codelist_iati_version": "2.01", "name": "Global Environment Facility", "codelist_successor": null}, "model": "iati_codelists.organisationidentifier", "pk": "47044"}, {"fields": {"abbreviation": null, "codelist_iati_version": "2.01", "name": "Global Fund to Fight AIDS, Tuberculosis and Malaria ", "codelist_successor": null}, "model": "iati_codelists.organisationidentifier", "pk": "47045"}, {"fields": {"abbreviation": null, "codelist_iati_version": "2.01", "name": "International Organisation of the Francophonic", "codelist_successor": null}, "model": "iati_codelists.organisationidentifier", "pk": "47046"}, {"fields": {"abbreviation": null, "codelist_iati_version": "2.01", "name": "International African Institute", "codelist_successor": null}, "model": "iati_codelists.organisationidentifier", "pk": "47047"}, {"fields": {"abbreviation": null, "codelist_iati_version": "2.01", "name": "Inter-American Indian Institute", "codelist_successor": null}, "model": "iati_codelists.organisationidentifier", "pk": "47048"}, {"fields": {"abbreviation": null, "codelist_iati_version": "2.01", "name": "International Bureau of Education - International Educational Reporting System (IERS)", "codelist_successor": null}, "model": "iati_codelists.organisationidentifier", "pk": "47049"}, {"fields": {"abbreviation": null, "codelist_iati_version": "2.01", "name": "International Cotton Advisory Committee", "codelist_successor": null}, "model": "iati_codelists.organisationidentifier", "pk": "47050"}, {"fields": {"abbreviation": null, "codelist_iati_version": "2.01", "name": "International Centre for Agricultural Research in Dry Areas", "codelist_successor": null}, "model": "iati_codelists.organisationidentifier", "pk": "47051"}, {"fields": {"abbreviation": null, "codelist_iati_version": "2.01", "name": "Centre for Health and Population Research", "codelist_successor": null}, "model": "iati_codelists.organisationidentifier", "pk": "47053"}, {"fields": {"abbreviation": null, "codelist_iati_version": "2.01", "name": "International Centre of Insect Physiology and Ecology", "codelist_successor": null}, "model": "iati_codelists.organisationidentifier", "pk": "47054"}, {"fields": {"abbreviation": null, "codelist_iati_version": "2.01", "name": "International Centre for Development Oriented Research in Agriculture", "codelist_successor": null}, "model": "iati_codelists.organisationidentifier", "pk": "47055"}, {"fields": {"abbreviation": null, "codelist_iati_version": "2.01", "name": "World AgroForestry Centre", "codelist_successor": null}, "model": "iati_codelists.organisationidentifier", "pk": "47056"}, {"fields": {"abbreviation": null, "codelist_iati_version": "2.01", "name": "International Crop Research for Semi-Arid Tropics", "codelist_successor": null}, "model": "iati_codelists.organisationidentifier", "pk": "47057"}, {"fields": {"abbreviation": null, "codelist_iati_version": "2.01", "name": "International Institute for Democracy and Electoral Assistance", "codelist_successor": null}, "model": "iati_codelists.organisationidentifier", "pk": "47058"}, {"fields": {"abbreviation": null, "codelist_iati_version": "2.01", "name": "International Development Law Organisation", "codelist_successor": null}, "model": "iati_codelists.organisationidentifier", "pk": "47059"}, {"fields": {"abbreviation": null, "codelist_iati_version": "2.01", "name": "International Institute for Cotton", "codelist_successor": null}, "model": "iati_codelists.organisationidentifier", "pk": "47060"}, {"fields": {"abbreviation": null, "codelist_iati_version": "2.01", "name": "Inter-American Institute for Co-operation on Agriculture", "codelist_successor": null}, "model": "iati_codelists.organisationidentifier", "pk": "47061"}, {"fields": {"abbreviation": null, "codelist_iati_version": "2.01", "name": "International Institute of Tropical Agriculture", "codelist_successor": null}, "model": "iati_codelists.organisationidentifier", "pk": "47062"}, {"fields": {"abbreviation": null, "codelist_iati_version": "2.01", "name": "International Livestock Research Institute", "codelist_successor": null}, "model": "iati_codelists.organisationidentifier", "pk": "47063"}, {"fields": {"abbreviation": null, "codelist_iati_version": "2.01", "name": "International Network for Bamboo and Rattan", "codelist_successor": null}, "model": "iati_codelists.organisationidentifier", "pk": "47064"}, {"fields": {"abbreviation": null, "codelist_iati_version": "2.01", "name": "Intergovernmental Oceanographic Commission", "codelist_successor": null}, "model": "iati_codelists.organisationidentifier", "pk": "47065"}, {"fields": {"abbreviation": null, "codelist_iati_version": "2.01", "name": "International Organisation for Migration", "codelist_successor": null}, "model": "iati_codelists.organisationidentifier", "pk": "47066"}, {"fields": {"abbreviation": null, "codelist_iati_version": "2.01", "name": "Intergovernmental Panel on Climate Change", "codelist_successor": null}, "model": "iati_codelists.organisationidentifier", "pk": "47067"}, {"fields": {"abbreviation": null, "codelist_iati_version": "2.01", "name": "Asia-Pacific Fishery Commission", "codelist_successor": null}, "model": "iati_codelists.organisationidentifier", "pk": "47068"}, {"fields": {"abbreviation": null, "codelist_iati_version": "2.01", "name": "Biodiversity International", "codelist_successor": null}, "model": "iati_codelists.organisationidentifier", "pk": "47069"}, {"fields": {"abbreviation": null, "codelist_iati_version": "2.01", "name": "International Rice Research Institute", "codelist_successor": null}, "model": "iati_codelists.organisationidentifier", "pk": "47070"}, {"fields": {"abbreviation": null, "codelist_iati_version": "2.01", "name": "International Seed Testing Association", "codelist_successor": null}, "model": "iati_codelists.organisationidentifier", "pk": "47071"}, {"fields": {"abbreviation": null, "codelist_iati_version": "2.01", "name": "International Tropical Timber Organisation", "codelist_successor": null}, "model": "iati_codelists.organisationidentifier", "pk": "47073"}, {"fields": {"abbreviation": null, "codelist_iati_version": "2.01", "name": "International Vaccine Institute", "codelist_successor": null}, "model": "iati_codelists.organisationidentifier", "pk": "47074"}, {"fields": {"abbreviation": null, "codelist_iati_version": "2.01", "name": "International Water Management Institute", "codelist_successor": null}, "model": "iati_codelists.organisationidentifier", "pk": "47075"}, {"fields": {"abbreviation": null, "codelist_iati_version": "2.01", "name": "Justice Studies Centre of the Americas", "codelist_successor": null}, "model": "iati_codelists.organisationidentifier", "pk": "47076"}, {"fields": {"abbreviation": null, "codelist_iati_version": "2.01", "name": "Mekong River Commission", "codelist_successor": null}, "model": "iati_codelists.organisationidentifier", "pk": "47077"}, {"fields": {"abbreviation": null, "codelist_iati_version": "2.01", "name": "Multilateral Fund for the Implementation of the Montreal Protocol", "codelist_successor": null}, "model": "iati_codelists.organisationidentifier", "pk": "47078"}, {"fields": {"abbreviation": null, "codelist_iati_version": "2.01", "name": "Organisation of American States", "codelist_successor": null}, "model": "iati_codelists.organisationidentifier", "pk": "47079"}, {"fields": {"abbreviation": null, "codelist_iati_version": "2.01", "name": "Organisation for Economic Co-operation and Development (Contributions to special funds for Technical Co-operation Activities Only)", "codelist_successor": null}, "model": "iati_codelists.organisationidentifier", "pk": "47080"}, {"fields": {"abbreviation": null, "codelist_iati_version": "2.01", "name": "OECD Development Centre", "codelist_successor": null}, "model": "iati_codelists.organisationidentifier", "pk": "47081"}, {"fields": {"abbreviation": null, "codelist_iati_version": "2.01", "name": "Organisation of Eastern Caribbean States", "codelist_successor": null}, "model": "iati_codelists.organisationidentifier", "pk": "47082"}, {"fields": {"abbreviation": null, "codelist_iati_version": "2.01", "name": "Pan-American Health Organisation", "codelist_successor": null}, "model": "iati_codelists.organisationidentifier", "pk": "47083"}, {"fields": {"abbreviation": null, "codelist_iati_version": "2.01", "name": "Pan-American Institute of Geography and History", "codelist_successor": null}, "model": "iati_codelists.organisationidentifier", "pk": "47084"}, {"fields": {"abbreviation": null, "codelist_iati_version": "2.01", "name": "Pan-American Railway Congress Association", "codelist_successor": null}, "model": "iati_codelists.organisationidentifier", "pk": "47085"}, {"fields": {"abbreviation": null, "codelist_iati_version": "2.01", "name": "Private Infrastructure Development Group", "codelist_successor": null}, "model": "iati_codelists.organisationidentifier", "pk": "47086"}, {"fields": {"abbreviation": null, "codelist_iati_version": "2.01", "name": "Pacific Islands Forum Secretariat", "codelist_successor": null}, "model": "iati_codelists.organisationidentifier", "pk": "47087"}, {"fields": {"abbreviation": null, "codelist_iati_version": "2.01", "name": "Relief Net", "codelist_successor": null}, "model": "iati_codelists.organisationidentifier", "pk": "47088"}, {"fields": {"abbreviation": null, "codelist_iati_version": "2.01", "name": "Southern African Development Community", "codelist_successor": null}, "model": "iati_codelists.organisationidentifier", "pk": "47089"}, {"fields": {"abbreviation": null, "codelist_iati_version": "2.01", "name": "Southern African Transport and Communications Commission", "codelist_successor": null}, "model": "iati_codelists.organisationidentifier", "pk": "47090"}, {"fields": {"abbreviation": null, "codelist_iati_version": "2.01", "name": "(Colombo Plan) Special Commonwealth African Assistance Programme", "codelist_successor": null}, "model": "iati_codelists.organisationidentifier", "pk": "47091"}, {"fields": {"abbreviation": null, "codelist_iati_version": "2.01", "name": "South East Asian Fisheries Development Centre", "codelist_successor": null}, "model": "iati_codelists.organisationidentifier", "pk": "47092"}, {"fields": {"abbreviation": null, "codelist_iati_version": "2.01", "name": "South East Asian Ministers of Education", "codelist_successor": null}, "model": "iati_codelists.organisationidentifier", "pk": "47093"}, {"fields": {"abbreviation": null, "codelist_iati_version": "2.01", "name": "South Pacific Applied Geoscience Commission", "codelist_successor": null}, "model": "iati_codelists.organisationidentifier", "pk": "47094"}, {"fields": {"abbreviation": null, "codelist_iati_version": "2.01", "name": "South Pacific Board for Educational Assessment", "codelist_successor": null}, "model": "iati_codelists.organisationidentifier", "pk": "47095"}, {"fields": {"abbreviation": null, "codelist_iati_version": "2.01", "name": "Secretariat of the Pacific Community", "codelist_successor": null}, "model": "iati_codelists.organisationidentifier", "pk": "47096"}, {"fields": {"abbreviation": null, "codelist_iati_version": "2.01", "name": "Pacific Regional Environment Programme", "codelist_successor": null}, "model": "iati_codelists.organisationidentifier", "pk": "47097"}, {"fields": {"abbreviation": null, "codelist_iati_version": "2.01", "name": "Unrepresented Nations and Peoples' Organisation", "codelist_successor": null}, "model": "iati_codelists.organisationidentifier", "pk": "47098"}, {"fields": {"abbreviation": null, "codelist_iati_version": "2.01", "name": "University of the South Pacific", "codelist_successor": null}, "model": "iati_codelists.organisationidentifier", "pk": "47099"}, {"fields": {"abbreviation": null, "codelist_iati_version": "2.01", "name": "West African Monetary Union", "codelist_successor": null}, "model": "iati_codelists.organisationidentifier", "pk": "47100"}, {"fields": {"abbreviation": null, "codelist_iati_version": "2.01", "name": "Africa Rice Centre", "codelist_successor": null}, "model": "iati_codelists.organisationidentifier", "pk": "47101"}, {"fields": {"abbreviation": null, "codelist_iati_version": "2.01", "name": "World Customs Organisation Fellowship Programme", "codelist_successor": null}, "model": "iati_codelists.organisationidentifier", "pk": "47102"}, {"fields": {"abbreviation": null, "codelist_iati_version": "2.01", "name": "World Maritime University", "codelist_successor": null}, "model": "iati_codelists.organisationidentifier", "pk": "47103"}, {"fields": {"abbreviation": null, "codelist_iati_version": "2.01", "name": "WorldFish Centre", "codelist_successor": null}, "model": "iati_codelists.organisationidentifier", "pk": "47104"}, {"fields": {"abbreviation": null, "codelist_iati_version": "2.01", "name": "Common Fund for Commodities", "codelist_successor": null}, "model": "iati_codelists.organisationidentifier", "pk": "47105"}, {"fields": {"abbreviation": null, "codelist_iati_version": "2.01", "name": "Geneva Centre for the Democratic Control of Armed Forces", "codelist_successor": null}, "model": "iati_codelists.organisationidentifier", "pk": "47106"}, {"fields": {"abbreviation": null, "codelist_iati_version": "2.01", "name": "International Finance Facility for Immunisation", "codelist_successor": null}, "model": "iati_codelists.organisationidentifier", "pk": "47107"}, {"fields": {"abbreviation": null, "codelist_iati_version": "2.01", "name": "Multi-Country Demobilisation and Reintegration Program", "codelist_successor": null}, "model": "iati_codelists.organisationidentifier", "pk": "47108"}, {"fields": {"abbreviation": null, "codelist_iati_version": "2.01", "name": "Asia-Pacific Economic Cooperation Support Fund (except contributions tied to counter-terrorism activities)", "codelist_successor": null}, "model": "iati_codelists.organisationidentifier", "pk": "47109"}, {"fields": {"abbreviation": null, "codelist_iati_version": "2.01", "name": "Organisation of the Black Sea Economic Cooperation", "codelist_successor": null}, "model": "iati_codelists.organisationidentifier", "pk": "47110"}, {"fields": {"abbreviation": null, "codelist_iati_version": "2.01", "name": "Adaptation Fund", "codelist_successor": null}, "model": "iati_codelists.organisationidentifier", "pk": "47111"}, {"fields": {"abbreviation": null, "codelist_iati_version": "2.01", "name": "Central European Initiative - Special Fund for Climate and Environmental Protection", "codelist_successor": null}, "model": "iati_codelists.organisationidentifier", "pk": "47112"}, {"fields": {"abbreviation": null, "codelist_iati_version": "2.01", "name": "Economic and Monetary Community of Central Africa", "codelist_successor": null}, "model": "iati_codelists.organisationidentifier", "pk": "47113"}, {"fields": {"abbreviation": null, "codelist_iati_version": "2.01", "name": "Integrated Framework for Trade-Related Technical Assistance to Least Developed Countries", "codelist_successor": null}, "model": "iati_codelists.organisationidentifier", "pk": "47116"}, {"fields": {"abbreviation": null, "codelist_iati_version": "2.01", "name": "New Partnership for Africa's Development", "codelist_successor": null}, "model": "iati_codelists.organisationidentifier", "pk": "47117"}, {"fields": {"abbreviation": null, "codelist_iati_version": "2.01", "name": "Regional Organisation for the Strengthening of Supreme Audit Institutions of Francophone Sub-Saharan Countries", "codelist_successor": null}, "model": "iati_codelists.organisationidentifier", "pk": "47118"}, {"fields": {"abbreviation": null, "codelist_iati_version": "2.01", "name": "Sahara and Sahel Observatory", "codelist_successor": null}, "model": "iati_codelists.organisationidentifier", "pk": "47119"}, {"fields": {"abbreviation": null, "codelist_iati_version": "2.01", "name": "South Asian Association for Regional Cooperation", "codelist_successor": null}, "model": "iati_codelists.organisationidentifier", "pk": "47120"}, {"fields": {"abbreviation": null, "codelist_iati_version": "2.01", "name": "United Cities and Local Governments of Africa", "codelist_successor": null}, "model": "iati_codelists.organisationidentifier", "pk": "47121"}, {"fields": {"abbreviation": null, "codelist_iati_version": "2.01", "name": "Global Alliance for Vaccines and Immunization", "codelist_successor": null}, "model": "iati_codelists.organisationidentifier", "pk": "47122"}, {"fields": {"abbreviation": null, "codelist_iati_version": "2.01", "name": "Geneva International Centre for Humanitarian Demining", "codelist_successor": null}, "model": "iati_codelists.organisationidentifier", "pk": "47123"}, {"fields": {"abbreviation": null, "codelist_iati_version": "2.01", "name": "European Bank for Reconstruction and Development - Early Transition Countries Initiative", "codelist_successor": null}, "model": "iati_codelists.organisationidentifier", "pk": "47125"}, {"fields": {"abbreviation": null, "codelist_iati_version": "2.01", "name": "European Bank for Reconstruction and Development - Western Balkans Trust Fund", "codelist_successor": null}, "model": "iati_codelists.organisationidentifier", "pk": "47126"}, {"fields": {"abbreviation": null, "codelist_iati_version": "2.01", "name": "Latin-American Energy Organisation", "codelist_successor": null}, "model": "iati_codelists.organisationidentifier", "pk": "47127"}, {"fields": {"abbreviation": null, "codelist_iati_version": "2.01", "name": "Federal Ministry of Finance", "codelist_successor": null}, "model": "iati_codelists.organisationidentifier", "pk": "AT-1"}, {"fields": {"abbreviation": null, "codelist_iati_version": "2.01", "name": "Ministry for Agriculture and Environment", "codelist_successor": null}, "model": "iati_codelists.organisationidentifier", "pk": "AT-10"}, {"fields": {"abbreviation": null, "codelist_iati_version": "2.01", "name": "Ministry of Defense", "codelist_successor": null}, "model": "iati_codelists.organisationidentifier", "pk": "AT-11"}, {"fields": {"abbreviation": null, "codelist_iati_version": "2.01", "name": "Ministry of Interior", "codelist_successor": null}, "model": "iati_codelists.organisationidentifier", "pk": "AT-12"}, {"fields": {"abbreviation": null, "codelist_iati_version": "2.01", "name": "Various ministries", "codelist_successor": null}, "model": "iati_codelists.organisationidentifier", "pk": "AT-2"}, {"fields": {"abbreviation": null, "codelist_iati_version": "2.01", "name": "Federal Government of Austria", "codelist_successor": null}, "model": "iati_codelists.organisationidentifier", "pk": "AT-3"}, {"fields": {"abbreviation": null, "codelist_iati_version": "2.01", "name": "Oesterreichische Kontrollbank AG", "codelist_successor": null}, "model": "iati_codelists.organisationidentifier", "pk": "AT-4"}, {"fields": {"abbreviation": null, "codelist_iati_version": "2.01", "name": "Federal Ministry of Foreign Affairs", "codelist_successor": null}, "model": "iati_codelists.organisationidentifier", "pk": "AT-5"}, {"fields": {"abbreviation": null, "codelist_iati_version": "2.01", "name": "Provincial governments, local communities ", "codelist_successor": null}, "model": "iati_codelists.organisationidentifier", "pk": "AT-6"}, {"fields": {"abbreviation": null, "codelist_iati_version": "2.01", "name": "Austrian Development Agency", "codelist_successor": null}, "model": "iati_codelists.organisationidentifier", "pk": "AT-8"}, {"fields": {"abbreviation": null, "codelist_iati_version": "2.01", "name": "Education and Science Ministry", "codelist_successor": null}, "model": "iati_codelists.organisationidentifier", "pk": "AT-9"}, {"fields": {"abbreviation": null, "codelist_iati_version": "2.01", "name": "Miscellaneous", "codelist_successor": null}, "model": "iati_codelists.organisationidentifier", "pk": "AT-99"}, {"fields": {"abbreviation": null, "codelist_iati_version": "2.01", "name": "Australian Agency for International Development", "codelist_successor": null}, "model": "iati_codelists.organisationidentifier", "pk": "AU-5"}, {"fields": {"abbreviation": null, "codelist_iati_version": "2.01", "name": "Export Finance and Insurance Corporation", "codelist_successor": null}, "model": "iati_codelists.organisationidentifier", "pk": "AU-72"}, {"fields": {"abbreviation": null, "codelist_iati_version": "2.01", "name": "Directorate General for Co-operation and Development", "codelist_successor": null}, "model": "iati_codelists.organisationidentifier", "pk": "BE-10"}, {"fields": {"abbreviation": null, "codelist_iati_version": "2.01", "name": "Official Federal Service of Foreign Affairs (excl. DGCD)", "codelist_successor": null}, "model": "iati_codelists.organisationidentifier", "pk": "BE-20"}, {"fields": {"abbreviation": null, "codelist_iati_version": "2.01", "name": "Official Federal Service of Finance", "codelist_successor": null}, "model": "iati_codelists.organisationidentifier", "pk": "BE-30"}, {"fields": {"abbreviation": null, "codelist_iati_version": "2.01", "name": "Ducroire National Office", "codelist_successor": null}, "model": "iati_codelists.organisationidentifier", "pk": "BE-31"}, {"fields": {"abbreviation": null, "codelist_iati_version": "2.01", "name": "Other Official Federal Services", "codelist_successor": null}, "model": "iati_codelists.organisationidentifier", "pk": "BE-39"}, {"fields": {"abbreviation": null, "codelist_iati_version": "2.01", "name": "Flanders Official Regional Ministries", "codelist_successor": null}, "model": "iati_codelists.organisationidentifier", "pk": "BE-70"}, {"fields": {"abbreviation": null, "codelist_iati_version": "2.01", "name": "Walloon Official Regional Ministries", "codelist_successor": null}, "model": "iati_codelists.organisationidentifier", "pk": "BE-80"}, {"fields": {"abbreviation": null, "codelist_iati_version": "2.01", "name": "Brussels Official Regional Ministries", "codelist_successor": null}, "model": "iati_codelists.organisationidentifier", "pk": "BE-91"}, {"fields": {"abbreviation": null, "codelist_iati_version": "2.01", "name": "German speaking Official Regional Ministries", "codelist_successor": null}, "model": "iati_codelists.organisationidentifier", "pk": "BE-94"}, {"fields": {"abbreviation": null, "codelist_iati_version": "2.01", "name": "Canadian International Development Agency", "codelist_successor": null}, "model": "iati_codelists.organisationidentifier", "pk": "CA-1"}, {"fields": {"abbreviation": null, "codelist_iati_version": "2.01", "name": "International Development Research Centre", "codelist_successor": null}, "model": "iati_codelists.organisationidentifier", "pk": "CA-2"}, {"fields": {"abbreviation": null, "codelist_iati_version": "2.01", "name": "Export Development Corporation", "codelist_successor": null}, "model": "iati_codelists.organisationidentifier", "pk": "CA-31"}, {"fields": {"abbreviation": null, "codelist_iati_version": "2.01", "name": "Department of Finance", "codelist_successor": null}, "model": "iati_codelists.organisationidentifier", "pk": "CA-4"}, {"fields": {"abbreviation": null, "codelist_iati_version": "2.01", "name": "Federal Administration (various departments)", "codelist_successor": null}, "model": "iati_codelists.organisationidentifier", "pk": "CH-1"}, {"fields": {"abbreviation": null, "codelist_iati_version": "2.01", "name": "Swiss Agency for the Environment, Forests and Landscape ", "codelist_successor": null}, "model": "iati_codelists.organisationidentifier", "pk": "CH-10"}, {"fields": {"abbreviation": null, "codelist_iati_version": "2.01", "name": "Municipalities", "codelist_successor": null}, "model": "iati_codelists.organisationidentifier", "pk": "CH-11"}, {"fields": {"abbreviation": null, "codelist_iati_version": "2.01", "name": "Swiss Agency for Development and Co-operation", "codelist_successor": null}, "model": "iati_codelists.organisationidentifier", "pk": "CH-4"}, {"fields": {"abbreviation": null, "codelist_iati_version": "2.01", "name": "State Secretariat for Economic Affairs", "codelist_successor": null}, "model": "iati_codelists.organisationidentifier", "pk": "CH-5"}, {"fields": {"abbreviation": null, "codelist_iati_version": "2.01", "name": "Federal Department of Foreign Affairs", "codelist_successor": null}, "model": "iati_codelists.organisationidentifier", "pk": "CH-6"}, {"fields": {"abbreviation": null, "codelist_iati_version": "2.01", "name": "State Secretariat for Education and Research", "codelist_successor": null}, "model": "iati_codelists.organisationidentifier", "pk": "CH-7"}, {"fields": {"abbreviation": null, "codelist_iati_version": "2.01", "name": "Federal Office for Migration", "codelist_successor": null}, "model": "iati_codelists.organisationidentifier", "pk": "CH-8"}, {"fields": {"abbreviation": null, "codelist_iati_version": "2.01", "name": "Federal Department for Defence, Civil Protection and Sports ", "codelist_successor": null}, "model": "iati_codelists.organisationidentifier", "pk": "CH-9"}, {"fields": {"abbreviation": null, "codelist_iati_version": "2.01", "name": "Bundesministerium f\u00fcr Wirtschaftliche Zusammenarbeit und Entwicklung", "codelist_successor": null}, "model": "iati_codelists.organisationidentifier", "pk": "DE-1"}, {"fields": {"abbreviation": null, "codelist_iati_version": "2.01", "name": "Foreign Office", "codelist_successor": null}, "model": "iati_codelists.organisationidentifier", "pk": "DE-11"}, {"fields": {"abbreviation": null, "codelist_iati_version": "2.01", "name": "Federal States & Local Governments", "codelist_successor": null}, "model": "iati_codelists.organisationidentifier", "pk": "DE-12"}, {"fields": {"abbreviation": null, "codelist_iati_version": "2.01", "name": "Federal Institutions", "codelist_successor": null}, "model": "iati_codelists.organisationidentifier", "pk": "DE-14"}, {"fields": {"abbreviation": null, "codelist_iati_version": "2.01", "name": "Federal Ministries", "codelist_successor": null}, "model": "iati_codelists.organisationidentifier", "pk": "DE-16"}, {"fields": {"abbreviation": null, "codelist_iati_version": "2.01", "name": "Foundations/Societies/Misc. (non federal)", "codelist_successor": null}, "model": "iati_codelists.organisationidentifier", "pk": "DE-17"}, {"fields": {"abbreviation": null, "codelist_iati_version": "2.01", "name": "Kreditanstalt f\u00fcr Wiederaufbau", "codelist_successor": null}, "model": "iati_codelists.organisationidentifier", "pk": "DE-2"}, {"fields": {"abbreviation": null, "codelist_iati_version": "2.01", "name": "Hermes Kreditversicherungs-AG", "codelist_successor": null}, "model": "iati_codelists.organisationidentifier", "pk": "DE-34"}, {"fields": {"abbreviation": null, "codelist_iati_version": "2.01", "name": "German Investment and Development Company", "codelist_successor": null}, "model": "iati_codelists.organisationidentifier", "pk": "DE-4"}, {"fields": {"abbreviation": null, "codelist_iati_version": "2.01", "name": "Deutsche Gesellschaft f\u00fcr Technische Zusammenarbeit", "codelist_successor": null}, "model": "iati_codelists.organisationidentifier", "pk": "DE-52"}, {"fields": {"abbreviation": null, "codelist_iati_version": "2.01", "name": "Ministry of Foreign Affairs", "codelist_successor": null}, "model": "iati_codelists.organisationidentifier", "pk": "DK-1"}, {"fields": {"abbreviation": null, "codelist_iati_version": "2.01", "name": "Danish International Development Agency (Not in CRS Directives)", "codelist_successor": null}, "model": "iati_codelists.organisationidentifier", "pk": "DK-2"}, {"fields": {"abbreviation": null, "codelist_iati_version": "2.01", "name": "Not in CRS Directives", "codelist_successor": null}, "model": "iati_codelists.organisationidentifier", "pk": "DK-4"}, {"fields": {"abbreviation": null, "codelist_iati_version": "2.01", "name": "EKR", "codelist_successor": null}, "model": "iati_codelists.organisationidentifier", "pk": "DK-72"}, {"fields": {"abbreviation": null, "codelist_iati_version": "2.01", "name": "Instituto de Credito Oficial", "codelist_successor": null}, "model": "iati_codelists.organisationidentifier", "pk": "ES-1"}, {"fields": {"abbreviation": null, "codelist_iati_version": "2.01", "name": "Ministry of Environment", "codelist_successor": null}, "model": "iati_codelists.organisationidentifier", "pk": "ES-10"}, {"fields": {"abbreviation": null, "codelist_iati_version": "2.01", "name": "Ministry of Health", "codelist_successor": null}, "model": "iati_codelists.organisationidentifier", "pk": "ES-11"}, {"fields": {"abbreviation": null, "codelist_iati_version": "2.01", "name": "Ministry of Labour and Social Affairs", "codelist_successor": null}, "model": "iati_codelists.organisationidentifier", "pk": "ES-12"}, {"fields": {"abbreviation": null, "codelist_iati_version": "2.01", "name": "Ministry of Interior", "codelist_successor": null}, "model": "iati_codelists.organisationidentifier", "pk": "ES-13"}, {"fields": {"abbreviation": null, "codelist_iati_version": "2.01", "name": "Ministry of Public Administration", "codelist_successor": null}, "model": "iati_codelists.organisationidentifier", "pk": "ES-14"}, {"fields": {"abbreviation": null, "codelist_iati_version": "2.01", "name": "Compania Espanola de Seguros de Credito a la Exportaci\u00f3n", "codelist_successor": null}, "model": "iati_codelists.organisationidentifier", "pk": "ES-15"}, {"fields": {"abbreviation": null, "codelist_iati_version": "2.01", "name": "Municipalities", "codelist_successor": null}, "model": "iati_codelists.organisationidentifier", "pk": "ES-16"}, {"fields": {"abbreviation": null, "codelist_iati_version": "2.01", "name": "Miscellaneous", "codelist_successor": null}, "model": "iati_codelists.organisationidentifier", "pk": "ES-17"}, {"fields": {"abbreviation": null, "codelist_iati_version": "2.01", "name": "Ministry of Science and Technology", "codelist_successor": null}, "model": "iati_codelists.organisationidentifier", "pk": "ES-18"}, {"fields": {"abbreviation": null, "codelist_iati_version": "2.01", "name": "Ministry of Defense", "codelist_successor": null}, "model": "iati_codelists.organisationidentifier", "pk": "ES-19"}, {"fields": {"abbreviation": null, "codelist_iati_version": "2.01", "name": "Autonomous Governments", "codelist_successor": null}, "model": "iati_codelists.organisationidentifier", "pk": "ES-2"}, {"fields": {"abbreviation": null, "codelist_iati_version": "2.01", "name": "Ministry of Agriculture, Fisheries, and Food ", "codelist_successor": null}, "model": "iati_codelists.organisationidentifier", "pk": "ES-4"}, {"fields": {"abbreviation": null, "codelist_iati_version": "2.01", "name": "Ministry of Foreign Affairs", "codelist_successor": null}, "model": "iati_codelists.organisationidentifier", "pk": "ES-5"}, {"fields": {"abbreviation": null, "codelist_iati_version": "2.01", "name": "Ministry of Economy and Finance", "codelist_successor": null}, "model": "iati_codelists.organisationidentifier", "pk": "ES-6"}, {"fields": {"abbreviation": null, "codelist_iati_version": "2.01", "name": "Ministry of Education, Culture and Sports ", "codelist_successor": null}, "model": "iati_codelists.organisationidentifier", "pk": "ES-7"}, {"fields": {"abbreviation": null, "codelist_iati_version": "2.01", "name": "Ministry of Public Works", "codelist_successor": null}, "model": "iati_codelists.organisationidentifier", "pk": "ES-8"}, {"fields": {"abbreviation": null, "codelist_iati_version": "2.01", "name": "Ministry of Industry and Energy", "codelist_successor": null}, "model": "iati_codelists.organisationidentifier", "pk": "ES-9"}, {"fields": {"abbreviation": null, "codelist_iati_version": "2.01", "name": "Commission of the European Communities", "codelist_successor": null}, "model": "iati_codelists.organisationidentifier", "pk": "EU-1"}, {"fields": {"abbreviation": null, "codelist_iati_version": "2.01", "name": "European Development Fund", "codelist_successor": null}, "model": "iati_codelists.organisationidentifier", "pk": "EU-2"}, {"fields": {"abbreviation": null, "codelist_iati_version": "2.01", "name": "European Investment Bank", "codelist_successor": null}, "model": "iati_codelists.organisationidentifier", "pk": "EU-3"}, {"fields": {"abbreviation": null, "codelist_iati_version": "2.01", "name": "Humanitarian Aid Office of the European Commission", "codelist_successor": null}, "model": "iati_codelists.organisationidentifier", "pk": "EU-4"}, {"fields": {"abbreviation": null, "codelist_iati_version": "2.01", "name": "Finnish Government", "codelist_successor": null}, "model": "iati_codelists.organisationidentifier", "pk": "FI-1"}, {"fields": {"abbreviation": null, "codelist_iati_version": "2.01", "name": "FinnFund", "codelist_successor": null}, "model": "iati_codelists.organisationidentifier", "pk": "FI-2"}, {"fields": {"abbreviation": null, "codelist_iati_version": "2.01", "name": "Ministry of Foreign Affairs", "codelist_successor": null}, "model": "iati_codelists.organisationidentifier", "pk": "FI-3"}, {"fields": {"abbreviation": null, "codelist_iati_version": "2.01", "name": "FIDE", "codelist_successor": null}, "model": "iati_codelists.organisationidentifier", "pk": "FI-4"}, {"fields": {"abbreviation": null, "codelist_iati_version": "2.01", "name": "FinnVera", "codelist_successor": null}, "model": "iati_codelists.organisationidentifier", "pk": "FI-72"}, {"fields": {"abbreviation": null, "codelist_iati_version": "2.01", "name": "Ministry of Economy, Finance and Industry ", "codelist_successor": null}, "model": "iati_codelists.organisationidentifier", "pk": "FR-10"}, {"fields": {"abbreviation": null, "codelist_iati_version": "2.01", "name": "Ministry of Education, Higher education and Research ", "codelist_successor": null}, "model": "iati_codelists.organisationidentifier", "pk": "FR-17"}, {"fields": {"abbreviation": null, "codelist_iati_version": "2.01", "name": "French Development Agency", "codelist_successor": null}, "model": "iati_codelists.organisationidentifier", "pk": "FR-3"}, {"fields": {"abbreviation": null, "codelist_iati_version": "2.01", "name": "Coface", "codelist_successor": null}, "model": "iati_codelists.organisationidentifier", "pk": "FR-43"}, {"fields": {"abbreviation": null, "codelist_iati_version": "2.01", "name": "Ministry of Foreign Affairs", "codelist_successor": null}, "model": "iati_codelists.organisationidentifier", "pk": "FR-6"}, {"fields": {"abbreviation": null, "codelist_iati_version": "2.01", "name": "Department for International Development", "codelist_successor": null}, "model": "iati_codelists.organisationidentifier", "pk": "GB-1"}, {"fields": {"abbreviation": null, "codelist_iati_version": "2.01", "name": "CDC Capital Partners PLC", "codelist_successor": null}, "model": "iati_codelists.organisationidentifier", "pk": "GB-2"}, {"fields": {"abbreviation": null, "codelist_iati_version": "2.01", "name": "Export Credit Guarantee Department", "codelist_successor": null}, "model": "iati_codelists.organisationidentifier", "pk": "GB-5"}, {"fields": {"abbreviation": null, "codelist_iati_version": "2.01", "name": "Ministry of Foreign Affairs", "codelist_successor": null}, "model": "iati_codelists.organisationidentifier", "pk": "GR-1"}, {"fields": {"abbreviation": null, "codelist_iati_version": "2.01", "name": "Ministry of National Economy", "codelist_successor": null}, "model": "iati_codelists.organisationidentifier", "pk": "GR-2"}, {"fields": {"abbreviation": null, "codelist_iati_version": "2.01", "name": "Miscellaneous", "codelist_successor": null}, "model": "iati_codelists.organisationidentifier", "pk": "GR-20"}, {"fields": {"abbreviation": null, "codelist_iati_version": "2.01", "name": "Ministry of the Interior, Public Administration and Decentralisation ", "codelist_successor": null}, "model": "iati_codelists.organisationidentifier", "pk": "GR-3"}, {"fields": {"abbreviation": null, "codelist_iati_version": "2.01", "name": "Ministry of National Defence", "codelist_successor": null}, "model": "iati_codelists.organisationidentifier", "pk": "GR-4"}, {"fields": {"abbreviation": null, "codelist_iati_version": "2.01", "name": "Ministry of the Environment, Land Planning and Public Works ", "codelist_successor": null}, "model": "iati_codelists.organisationidentifier", "pk": "GR-5"}, {"fields": {"abbreviation": null, "codelist_iati_version": "2.01", "name": "Ministry of National Education and Religions", "codelist_successor": null}, "model": "iati_codelists.organisationidentifier", "pk": "GR-6"}, {"fields": {"abbreviation": null, "codelist_iati_version": "2.01", "name": "Ministry of Agriculture", "codelist_successor": null}, "model": "iati_codelists.organisationidentifier", "pk": "GR-7"}, {"fields": {"abbreviation": null, "codelist_iati_version": "2.01", "name": "Ministry of Health - Welfare", "codelist_successor": null}, "model": "iati_codelists.organisationidentifier", "pk": "GR-8"}, {"fields": {"abbreviation": null, "codelist_iati_version": "2.01", "name": "Ministry of Merchant Marine", "codelist_successor": null}, "model": "iati_codelists.organisationidentifier", "pk": "GR-9"}, {"fields": {"abbreviation": null, "codelist_iati_version": "2.01", "name": "Department of Foreign Affairs", "codelist_successor": null}, "model": "iati_codelists.organisationidentifier", "pk": "IE-1"}, {"fields": {"abbreviation": null, "codelist_iati_version": "2.01", "name": "Department of Industry and Commerce", "codelist_successor": null}, "model": "iati_codelists.organisationidentifier", "pk": "IE-71"}, {"fields": {"abbreviation": null, "codelist_iati_version": "2.01", "name": "Agenzia Erogazioni Per l'Agricoltura", "codelist_successor": null}, "model": "iati_codelists.organisationidentifier", "pk": "IT-2"}, {"fields": {"abbreviation": null, "codelist_iati_version": "2.01", "name": "Direzione Generale per la Cooperazione allo Sviluppo", "codelist_successor": null}, "model": "iati_codelists.organisationidentifier", "pk": "IT-4"}, {"fields": {"abbreviation": null, "codelist_iati_version": "2.01", "name": "Not in CRS Directives", "codelist_successor": null}, "model": "iati_codelists.organisationidentifier", "pk": "IT-5"}, {"fields": {"abbreviation": null, "codelist_iati_version": "2.01", "name": "Central administration", "codelist_successor": null}, "model": "iati_codelists.organisationidentifier", "pk": "IT-7"}, {"fields": {"abbreviation": null, "codelist_iati_version": "2.01", "name": "Sezione Speciale per l'Assicurazione del Credito all'Esportazione", "codelist_successor": null}, "model": "iati_codelists.organisationidentifier", "pk": "IT-74"}, {"fields": {"abbreviation": null, "codelist_iati_version": "2.01", "name": "Local administration", "codelist_successor": null}, "model": "iati_codelists.organisationidentifier", "pk": "IT-8"}, {"fields": {"abbreviation": null, "codelist_iati_version": "2.01", "name": "Artigiancassa", "codelist_successor": null}, "model": "iati_codelists.organisationidentifier", "pk": "IT-9"}, {"fields": {"abbreviation": null, "codelist_iati_version": "2.01", "name": "Ministry of Agriculture, Forestry and Fisheries ", "codelist_successor": null}, "model": "iati_codelists.organisationidentifier", "pk": "JP-1"}, {"fields": {"abbreviation": null, "codelist_iati_version": "2.01", "name": "Japan Overseas Development Co-operation", "codelist_successor": null}, "model": "iati_codelists.organisationidentifier", "pk": "JP-10"}, {"fields": {"abbreviation": null, "codelist_iati_version": "2.01", "name": "Japan Bank for International Co-operation", "codelist_successor": null}, "model": "iati_codelists.organisationidentifier", "pk": "JP-11"}, {"fields": {"abbreviation": null, "codelist_iati_version": "2.01", "name": "Other Ministries", "codelist_successor": null}, "model": "iati_codelists.organisationidentifier", "pk": "JP-12"}, {"fields": {"abbreviation": null, "codelist_iati_version": "2.01", "name": "Public Corporations", "codelist_successor": null}, "model": "iati_codelists.organisationidentifier", "pk": "JP-13"}, {"fields": {"abbreviation": null, "codelist_iati_version": "2.01", "name": "Prefectures", "codelist_successor": null}, "model": "iati_codelists.organisationidentifier", "pk": "JP-14"}, {"fields": {"abbreviation": null, "codelist_iati_version": "2.01", "name": "Ordinance-designed Cities", "codelist_successor": null}, "model": "iati_codelists.organisationidentifier", "pk": "JP-15"}, {"fields": {"abbreviation": null, "codelist_iati_version": "2.01", "name": "Ministry of Foreign Affairs", "codelist_successor": null}, "model": "iati_codelists.organisationidentifier", "pk": "JP-2"}, {"fields": {"abbreviation": null, "codelist_iati_version": "2.01", "name": "Overseas Fishery Co-operation Foundation", "codelist_successor": null}, "model": "iati_codelists.organisationidentifier", "pk": "JP-7"}, {"fields": {"abbreviation": null, "codelist_iati_version": "2.01", "name": "Nippon Export and Investment Insurance", "codelist_successor": null}, "model": "iati_codelists.organisationidentifier", "pk": "JP-71"}, {"fields": {"abbreviation": null, "codelist_iati_version": "2.01", "name": "Japanese International Co-operation Agency", "codelist_successor": null}, "model": "iati_codelists.organisationidentifier", "pk": "JP-8"}, {"fields": {"abbreviation": null, "codelist_iati_version": "2.01", "name": "Lux-Development", "codelist_successor": null}, "model": "iati_codelists.organisationidentifier", "pk": "LU-1"}, {"fields": {"abbreviation": null, "codelist_iati_version": "2.01", "name": "Ministry of Foreign Affairs", "codelist_successor": null}, "model": "iati_codelists.organisationidentifier", "pk": "LU-2"}, {"fields": {"abbreviation": null, "codelist_iati_version": "2.01", "name": "Ducroire Office", "codelist_successor": null}, "model": "iati_codelists.organisationidentifier", "pk": "LU-22"}, {"fields": {"abbreviation": null, "codelist_iati_version": "2.01", "name": "Ministry of Foreign Affairs (DGIS)", "codelist_successor": null}, "model": "iati_codelists.organisationidentifier", "pk": "NL-1"}, {"fields": {"abbreviation": null, "codelist_iati_version": "2.01", "name": "NCM Credit Management Worldwide", "codelist_successor": null}, "model": "iati_codelists.organisationidentifier", "pk": "NL-33"}, {"fields": {"abbreviation": null, "codelist_iati_version": "2.01", "name": "Netherlands Gov. through Netherlands Investment Bank for Developing Countries", "codelist_successor": null}, "model": "iati_codelists.organisationidentifier", "pk": "NL-4"}, {"fields": {"abbreviation": null, "codelist_iati_version": "2.01", "name": "Norwegian Agency for Development Co-operation", "codelist_successor": null}, "model": "iati_codelists.organisationidentifier", "pk": "NO-1"}, {"fields": {"abbreviation": null, "codelist_iati_version": "2.01", "name": "Ministry of Foreign Affairs", "codelist_successor": null}, "model": "iati_codelists.organisationidentifier", "pk": "NO-4"}, {"fields": {"abbreviation": null, "codelist_iati_version": "2.01", "name": "Statens N\u00e6rings og Distriksutviklingsfond", "codelist_successor": null}, "model": "iati_codelists.organisationidentifier", "pk": "NO-7"}, {"fields": {"abbreviation": null, "codelist_iati_version": "2.01", "name": "Garantiinstituttet for Eksportkreditt", "codelist_successor": null}, "model": "iati_codelists.organisationidentifier", "pk": "NO-71"}, {"fields": {"abbreviation": null, "codelist_iati_version": "2.01", "name": "Eksport Finans", "codelist_successor": null}, "model": "iati_codelists.organisationidentifier", "pk": "NO-72"}, {"fields": {"abbreviation": null, "codelist_iati_version": "2.01", "name": "NORFUND", "codelist_successor": null}, "model": "iati_codelists.organisationidentifier", "pk": "NO-8"}, {"fields": {"abbreviation": null, "codelist_iati_version": "2.01", "name": "Ministry of Foreign Affairs and Trade", "codelist_successor": null}, "model": "iati_codelists.organisationidentifier", "pk": "NZ-1"}, {"fields": {"abbreviation": null, "codelist_iati_version": "2.01", "name": "New Zealand International Aid and Development Agency", "codelist_successor": null}, "model": "iati_codelists.organisationidentifier", "pk": "NZ-2"}, {"fields": {"abbreviation": null, "codelist_iati_version": "2.01", "name": "Portuguese Government", "codelist_successor": null}, "model": "iati_codelists.organisationidentifier", "pk": "PT-1"}, {"fields": {"abbreviation": null, "codelist_iati_version": "2.01", "name": "Institute for Portuguese Development Aid", "codelist_successor": null}, "model": "iati_codelists.organisationidentifier", "pk": "PT-2"}, {"fields": {"abbreviation": null, "codelist_iati_version": "2.01", "name": "Other", "codelist_successor": null}, "model": "iati_codelists.organisationidentifier", "pk": "PT-3"}, {"fields": {"abbreviation": null, "codelist_iati_version": "2.01", "name": "Conselho de garantias financeiras", "codelist_successor": null}, "model": "iati_codelists.organisationidentifier", "pk": "PT-71"}, {"fields": {"abbreviation": null, "codelist_iati_version": "2.01", "name": "Ministry of Foreign Affairs", "codelist_successor": null}, "model": "iati_codelists.organisationidentifier", "pk": "SE-2"}, {"fields": {"abbreviation": null, "codelist_iati_version": "2.01", "name": "Swedish International Development Authority", "codelist_successor": null}, "model": "iati_codelists.organisationidentifier", "pk": "SE-6"}, {"fields": {"abbreviation": null, "codelist_iati_version": "2.01", "name": "Swedish Export Credits Guarantee Board", "codelist_successor": null}, "model": "iati_codelists.organisationidentifier", "pk": "SE-71"}, {"fields": {"abbreviation": null, "codelist_iati_version": "2.01", "name": "Agency for International Development", "codelist_successor": null}, "model": "iati_codelists.organisationidentifier", "pk": "US-1"}, {"fields": {"abbreviation": null, "codelist_iati_version": "2.01", "name": "Peace Corps", "codelist_successor": null}, "model": "iati_codelists.organisationidentifier", "pk": "US-10"}, {"fields": {"abbreviation": null, "codelist_iati_version": "2.01", "name": "State Department", "codelist_successor": null}, "model": "iati_codelists.organisationidentifier", "pk": "US-11"}, {"fields": {"abbreviation": null, "codelist_iati_version": "2.01", "name": "Trade and Development Agency", "codelist_successor": null}, "model": "iati_codelists.organisationidentifier", "pk": "US-12"}, {"fields": {"abbreviation": null, "codelist_iati_version": "2.01", "name": "African Development Foundation", "codelist_successor": null}, "model": "iati_codelists.organisationidentifier", "pk": "US-13"}, {"fields": {"abbreviation": null, "codelist_iati_version": "2.01", "name": "Centers for Disease Control and Prevention", "codelist_successor": null}, "model": "iati_codelists.organisationidentifier", "pk": "US-15"}, {"fields": {"abbreviation": null, "codelist_iati_version": "2.01", "name": "National Institutes of Health", "codelist_successor": null}, "model": "iati_codelists.organisationidentifier", "pk": "US-16"}, {"fields": {"abbreviation": null, "codelist_iati_version": "2.01", "name": "Department of Labor", "codelist_successor": null}, "model": "iati_codelists.organisationidentifier", "pk": "US-17"}, {"fields": {"abbreviation": null, "codelist_iati_version": "2.01", "name": "Department of Agriculture", "codelist_successor": null}, "model": "iati_codelists.organisationidentifier", "pk": "US-2"}, {"fields": {"abbreviation": null, "codelist_iati_version": "2.01", "name": "Export Import Bank", "codelist_successor": null}, "model": "iati_codelists.organisationidentifier", "pk": "US-31"}, {"fields": {"abbreviation": null, "codelist_iati_version": "2.01", "name": "Department of Transportation", "codelist_successor": null}, "model": "iati_codelists.organisationidentifier", "pk": "US-5"}, {"fields": {"abbreviation": null, "codelist_iati_version": "2.01", "name": "Department of Treasury", "codelist_successor": null}, "model": "iati_codelists.organisationidentifier", "pk": "US-6"}, {"fields": {"abbreviation": null, "codelist_iati_version": "2.01", "name": "Department of Defense", "codelist_successor": null}, "model": "iati_codelists.organisationidentifier", "pk": "US-7"}, {"fields": {"abbreviation": null, "codelist_iati_version": "2.01", "name": "Miscellaneous", "codelist_successor": null}, "model": "iati_codelists.organisationidentifier", "pk": "US-8"}, {"fields": {"abbreviation": null, "codelist_iati_version": "2.01", "name": "Department of Interior", "codelist_successor": null}, "model": "iati_codelists.organisationidentifier", "pk": "US-9"}, {"fields": {"abbreviation": null, "codelist_iati_version": "2.01", "name": "United Mission to Nepal", "codelist_successor": null}, "model": "iati_codelists.organisationidentifier", "pk": "XI-IATI-1002"}, {"fields": {"abbreviation": null, "codelist_iati_version": "2.01", "name": "European Bank for Reconstruction and Development", "codelist_successor": null}, "model": "iati_codelists.organisationidentifier", "pk": "XI-IATI-EBRD"}, {"fields": {"abbreviation": null, "codelist_iati_version": "2.01", "name": "European Commission \u2013 Development and Cooperation", "codelist_successor": null}, "model": "iati_codelists.organisationidentifier", "pk": "XI-IATI-EC_DEVCO"}, {"fields": {"abbreviation": null, "codelist_iati_version": "2.01", "name": "European Commission - Humanitarian Aid & Civil Protection", "codelist_successor": null}, "model": "iati_codelists.organisationidentifier", "pk": "XI-IATI-EC_ECHO"}, {"fields": {"abbreviation": null, "codelist_iati_version": "2.01", "name": "European Commission \u2013 Service for Foreign Policy Instruments", "codelist_successor": null}, "model": "iati_codelists.organisationidentifier", "pk": "XI-IATI-EC_FPI"}, {"fields": {"abbreviation": null, "codelist_iati_version": "2.01", "name": "European Commission - Neighbourhood and Enlargement Negotiations", "codelist_successor": null}, "model": "iati_codelists.organisationidentifier", "pk": "XI-IATI-EC_NEAR"}, {"fields": {"abbreviation": null, "codelist_iati_version": "2.01", "name": "Inter-American Development Bank", "codelist_successor": null}, "model": "iati_codelists.organisationidentifier", "pk": "XI-IATI-IADB"}, {"fields": {"codelist_iati_version": "2.01", "name": "Funding", "codelist_successor": null, "description": "The government or organisation which provides funds to the activity. "}, "model": "iati_codelists.organisationrole", "pk": "1"}, {"fields": {"codelist_iati_version": "2.01", "name": "Accountable", "codelist_successor": null, "description": "An organisation responsible for oversight of the activity and its outcomes"}, "model": "iati_codelists.organisationrole", "pk": "2"}, {"fields": {"codelist_iati_version": "2.01", "name": "Extending", "codelist_successor": null, "description": "An organisation that manages the budget and direction of an activity on behalf of the funding organisation"}, "model": "iati_codelists.organisationrole", "pk": "3"}, {"fields": {"codelist_iati_version": "2.01", "name": "Implementing", "codelist_successor": null, "description": "The organisation that physically carries out the activity or intervention. "}, "model": "iati_codelists.organisationrole", "pk": "4"}, {"fields": {"codelist_iati_version": "2.01", "name": "Government", "codelist_successor": null, "description": ""}, "model": "iati_codelists.organisationtype", "pk": "10"}, {"fields": {"codelist_iati_version": "2.01", "name": "Other Public Sector", "codelist_successor": null, "description": ""}, "model": "iati_codelists.organisationtype", "pk": "15"}, {"fields": {"codelist_iati_version": "2.01", "name": "International NGO", "codelist_successor": null, "description": ""}, "model": "iati_codelists.organisationtype", "pk": "21"}, {"fields": {"codelist_iati_version": "2.01", "name": "National NGO", "codelist_successor": null, "description": ""}, "model": "iati_codelists.organisationtype", "pk": "22"}, {"fields": {"codelist_iati_version": "2.01", "name": "Regional NGO", "codelist_successor": null, "description": ""}, "model": "iati_codelists.organisationtype", "pk": "23"}, {"fields": {"codelist_iati_version": "2.01", "name": "Public Private Partnership", "codelist_successor": null, "description": ""}, "model": "iati_codelists.organisationtype", "pk": "30"}, {"fields": {"codelist_iati_version": "2.01", "name": "Multilateral", "codelist_successor": null, "description": ""}, "model": "iati_codelists.organisationtype", "pk": "40"}, {"fields": {"codelist_iati_version": "2.01", "name": "Foundation", "codelist_successor": null, "description": ""}, "model": "iati_codelists.organisationtype", "pk": "60"}, {"fields": {"codelist_iati_version": "2.01", "name": "Private Sector", "codelist_successor": null, "description": ""}, "model": "iati_codelists.organisationtype", "pk": "70"}, {"fields": {"codelist_iati_version": "2.01", "name": "Academic, Training and Research", "codelist_successor": null, "description": ""}, "model": "iati_codelists.organisationtype", "pk": "80"}, {"fields": {"codelist_iati_version": "2.01", "codelist_successor": null, "name": "Gender Equality", "vocabulary": null, "description": ""}, "model": "iati_codelists.policymarker", "pk": "1"}, {"fields": {"codelist_iati_version": "2.01", "codelist_successor": null, "name": "Aid to Environment", "vocabulary": null, "description": ""}, "model": "iati_codelists.policymarker", "pk": "2"}, {"fields": {"codelist_iati_version": "2.01", "codelist_successor": null, "name": "Participatory Development/Good Governance", "vocabulary": null, "description": ""}, "model": "iati_codelists.policymarker", "pk": "3"}, {"fields": {"codelist_iati_version": "2.01", "codelist_successor": null, "name": "Trade Development", "vocabulary": null, "description": ""}, "model": "iati_codelists.policymarker", "pk": "4"}, {"fields": {"codelist_iati_version": "2.01", "codelist_successor": null, "name": "Aid Targeting the Objectives of the Convention on Biological Diversity", "vocabulary": null, "description": ""}, "model": "iati_codelists.policymarker", "pk": "5"}, {"fields": {"codelist_iati_version": "2.01", "codelist_successor": null, "name": "Aid Targeting the Objectives of the Framework Convention on Climate Change - Mitigation", "vocabulary": null, "description": ""}, "model": "iati_codelists.policymarker", "pk": "6"}, {"fields": {"codelist_iati_version": "2.01", "codelist_successor": null, "name": "Aid Targeting the Objectives of the Framework Convention on Climate Change - Adaptation", "vocabulary": null, "description": ""}, "model": "iati_codelists.policymarker", "pk": "7"}, {"fields": {"codelist_iati_version": "2.01", "codelist_successor": null, "name": "Aid Targeting the Objectives of the Convention to Combat Desertification", "vocabulary": null, "description": ""}, "model": "iati_codelists.policymarker", "pk": "8"}, {"fields": {"codelist_iati_version": "2.01", "codelist_successor": null, "name": "Reproductive, Maternal, Newborn and Child Health (RMNCH)", "vocabulary": null, "description": ""}, "model": "iati_codelists.policymarker", "pk": "9"}, {"fields": {"codelist_iati_version": "2.01", "name": "not targeted", "codelist_successor": null, "description": "The score \"not targeted\" means that the activity was examined but found not to target the policy objective."}, "model": "iati_codelists.policysignificance", "pk": "0"}, {"fields": {"codelist_iati_version": "2.01", "name": "significant objective", "codelist_successor": null, "description": "Significant (secondary) policy objectives are those which, although important, were not the prime motivation for undertaking the activity."}, "model": "iati_codelists.policysignificance", "pk": "1"}, {"fields": {"codelist_iati_version": "2.01", "name": "principal objective", "codelist_successor": null, "description": "Principal (primary) policy objectives are those which can be identified as being fundamental in the design and impact of the activity and which are an explicit objective of the activity. They may be selected by answering the question \"Would the activity have been undertaken without this objective?\""}, "model": "iati_codelists.policysignificance", "pk": "2"}, {"fields": {"codelist_iati_version": "2.01", "name": "principal objective AND in support of an action programme", "codelist_successor": null, "description": "For desertification-related aid only"}, "model": "iati_codelists.policysignificance", "pk": "3"}, {"fields": {"codelist_iati_version": "2.01", "name": "Explicit primary objective", "codelist_successor": null, "description": ""}, "model": "iati_codelists.policysignificance", "pk": "4"}, {"fields": {"codelist_iati_version": "2.01", "name": "Aid Provider", "codelist_successor": null, "description": "A government, organisation, agency or institution that provides aid funds."}, "model": "iati_codelists.publishertype", "pk": "1"}, {"fields": {"codelist_iati_version": "2.01", "name": "Aid Recipient", "codelist_successor": null, "description": "A government, organisation, agency or institution that recieves aid funds."}, "model": "iati_codelists.publishertype", "pk": "2"}, {"fields": {"codelist_iati_version": "2.01", "name": "Aggregator", "codelist_successor": null, "description": "An organisation that collects and reproduces information from other providers or recipients"}, "model": "iati_codelists.publishertype", "pk": "3"}, {"fields": {"codelist_iati_version": "2.01", "name": "Parent", "codelist_successor": null, "description": "An activity that contains sub-activities (sub-components) which are reported separately to IATI"}, "model": "iati_codelists.relatedactivitytype", "pk": "1"}, {"fields": {"codelist_iati_version": "2.01", "name": "Child", "codelist_successor": null, "description": "A sub-activity (or sub-component) that sits within a larger activity (parent) which is also reported to IATI"}, "model": "iati_codelists.relatedactivitytype", "pk": "2"}, {"fields": {"codelist_iati_version": "2.01", "name": "Sibling", "codelist_successor": null, "description": "A sub-activity (or sub-component) that is related to another sub-activity with the same parent "}, "model": "iati_codelists.relatedactivitytype", "pk": "3"}, {"fields": {"codelist_iati_version": "2.01", "name": "Co-funded", "codelist_successor": null, "description": "An activity that receives funding from more than one organisation"}, "model": "iati_codelists.relatedactivitytype", "pk": "4"}, {"fields": {"codelist_iati_version": "2.01", "name": "Third Party", "codelist_successor": null, "description": "A report by another organisation on the same activity you are reporting (excluding activities reported as part of a financial transaction - e.g. provider-activity-id or a co-funded activity, using code 4)"}, "model": "iati_codelists.relatedactivitytype", "pk": "5"}, {"fields": {"codelist_iati_version": "2.01", "name": "Output", "codelist_successor": null, "description": "Results of the activity that came about as a direct effect of your work and specific, what is done, and what communities are reached. For example, X number of individuals "}, "model": "iati_codelists.resulttype", "pk": "1"}, {"fields": {"codelist_iati_version": "2.01", "name": "Outcome", "codelist_successor": null, "description": "Results of the activity that produce an effect on the overall communities or issues you serve. For example lower rate of infection after a vaccination procgramme"}, "model": "iati_codelists.resulttype", "pk": "2"}, {"fields": {"codelist_iati_version": "2.01", "name": "Impact", "codelist_successor": null, "description": "The long term effects of the outcomes, that lead to larger, over arching results, such as improved life-expectancy."}, "model": "iati_codelists.resulttype", "pk": "3"}, {"fields": {"codelist_iati_version": "2.01", "name": "Other", "codelist_successor": null, "description": "Another type of result, not specified above."}, "model": "iati_codelists.resulttype", "pk": "9"}, {"fields": {"name": "Education, level unspecified", "description": "Education sector policy, planning and programmes; aid to education ministries, administration and management systems; institution capacity building and advice; school management and governance; curriculum and materials development; unspecified education activities."}, "model": "iati_codelists.sectorcategory", "pk": "111"}, {"fields": {"name": "Basic education", "description": "Formal and non-formal primary education for children; all elementary and first cycle systematic instruction; provision of learning materials."}, "model": "iati_codelists.sectorcategory", "pk": "112"}, {"fields": {"name": "Secondary education", "description": "Second cycle systematic instruction at both junior and senior levels."}, "model": "iati_codelists.sectorcategory", "pk": "113"}, {"fields": {"name": "Post-secondary education", "description": "Degree and diploma programmes at universities, colleges and polytechnics; scholarships."}, "model": "iati_codelists.sectorcategory", "pk": "114"}, {"fields": {"name": "Health, general", "description": "Health sector policy, planning and programmes; aid to health ministries, public health administration; institution capacity building and advice; medical insurance programmes; unspecified health activities."}, "model": "iati_codelists.sectorcategory", "pk": "121"}, {"fields": {"name": "Basic health", "description": "Basic and primary health care programmes; paramedical and nursing care programmes; supply of drugs, medicines and vaccines related to basic health care."}, "model": "iati_codelists.sectorcategory", "pk": "122"}, {"fields": {"name": "Population policies/programmes and reproductive health", "description": "Population/development policies; census work, vital registration; migration data; demographic research/analysis; reproductive health research; unspecified population activities."}, "model": "iati_codelists.sectorcategory", "pk": "130"}, {"fields": {"name": "Water and sanitation", "description": "Water sector policy, planning and programmes; water legislation and management; institution capacity building and advice; water supply assessments and studies; groundwater, water quality and watershed studies; hydrogeology; excluding agricultural water resources (31140)."}, "model": "iati_codelists.sectorcategory", "pk": "140"}, {"fields": {"name": "Government and civil society, general", "description": "Macro-economic, fiscal and monetary policy and planning; social planning; economic and social analysis and forecasting; development planning and preparation of structural reforms; organisational development; support to ministries involved in aid co-ordination; other ministries and government departments when sector cannot be specified. (Use code 51010 for budget support to macroeconomic reforms.)"}, "model": "iati_codelists.sectorcategory", "pk": "151"}, {"fields": {"name": "Conflict prevention and resolution, peace and security", "description": "Technical co-operation provided to parliament, government ministries, law enforcement agencies and the judiciary to assist review and reform of the security system to improve democratic governance and civilian control; technical co-operation provided to government to improve civilian oversight and democratic control of budgeting, management, accountability and auditing of security expenditure, including military budgets, as part of a public expenditure management programme; assistance to civil society to enhance its competence and capacity to scrutinise the security system so that it is managed in accordance with democratic norms and principles of accountability, transparency and good governance."}, "model": "iati_codelists.sectorcategory", "pk": "152"}, {"fields": {"name": "Other social infrastructure and services", "description": "Social legislation and administration; institution capacity building and advice; social security and other social schemes; special programmes for the elderly, orphans, the disabled, street children; social dimensions of structural adjustment; unspecified social infrastructure and services, including consumer protection."}, "model": "iati_codelists.sectorcategory", "pk": "160"}, {"fields": {"name": "Transport and storage", "description": "Transport sector policy, planning and programmes; aid to transport ministries; institution capacity building and advice; unspecified transport; activities that combine road, rail, water and/or air transport."}, "model": "iati_codelists.sectorcategory", "pk": "210"}, {"fields": {"name": "Communication", "description": "Communications sector policy, planning and programmes; institution capacity building and advice; including postal services development; unspecified communications activities."}, "model": "iati_codelists.sectorcategory", "pk": "220"}, {"fields": {"name": "Energy generation and supply", "description": "Energy sector policy, planning and programmes; aid to energy ministries; institution capacity building and advice; unspecified energy activities including energy conservation."}, "model": "iati_codelists.sectorcategory", "pk": "230"}, {"fields": {"name": "Banking and financial services", "description": "Finance sector policy, planning and programmes; institution capacity building and advice; financial markets and systems."}, "model": "iati_codelists.sectorcategory", "pk": "240"}, {"fields": {"name": "Business and other services", "description": "Support to trade and business associations, chambers of commerce; legal and regulatory reform aimed at improving business and investment climate; private sector institution capacity building and advice; trade information; public-private sector networking including trade fairs; e?commerce. Where sector cannot be specified: general support to private sector enterprises (in particular, use code 32130 for enterprises in the industrial sector)."}, "model": "iati_codelists.sectorcategory", "pk": "250"}, {"fields": {"name": "Agriculture", "description": "Agricultural sector policy, planning and programmes; aid to agricultural ministries; institution capacity building and advice; unspecified agriculture."}, "model": "iati_codelists.sectorcategory", "pk": "311"}, {"fields": {"name": "Forestry", "description": "Forestry sector policy, planning and programmes; institution capacity building and advice; forest surveys; unspecified forestry and agro-forestry activities."}, "model": "iati_codelists.sectorcategory", "pk": "312"}, {"fields": {"name": "Fishing", "description": "Fishing sector policy, planning and programmes; institution capacity building and advice; ocean and coastal fishing; marine and freshwater fish surveys and prospecting; fishing boats/equipment; unspecified fishing activities."}, "model": "iati_codelists.sectorcategory", "pk": "313"}, {"fields": {"name": "Industry", "description": "Industrial sector policy, planning and programmes; institution capacity building and advice; unspecified industrial activities; manufacturing of goods not specified below."}, "model": "iati_codelists.sectorcategory", "pk": "321"}, {"fields": {"name": "Mineral resources and mining", "description": "Mineral and mining sector policy, planning and programmes; mining legislation, mining cadastre, mineral resources inventory, information systems, institution capacity building and advice; unspecified mineral resources exploitation."}, "model": "iati_codelists.sectorcategory", "pk": "322"}, {"fields": {"name": "Construction", "description": "Construction sector policy and planning; excluding construction activities within specific sectors (e.g., hospital or school construction)."}, "model": "iati_codelists.sectorcategory", "pk": "323"}, {"fields": {"name": "Trade policy and regulations and trade-related adjustment", "description": "Trade policy and planning; support to ministries and departments responsible for trade policy; trade-related legislation and regulatory reforms; policy analysis and implementation of multilateral trade agreements e.g. technical barriers to trade and sanitary and phytosanitary measures (TBT/SPS) except at regional level (see 33130); mainstreaming trade in national development strategies (e.g. poverty reduction strategy papers); wholesale/retail trade; unspecified trade and trade promotion activities."}, "model": "iati_codelists.sectorcategory", "pk": "331"}, {"fields": {"name": "Tourism", "description": ""}, "model": "iati_codelists.sectorcategory", "pk": "332"}, {"fields": {"name": "General environmental protection", "description": "Environmental policy, laws, regulations and economic instruments; administrational institutions and practices; environmental and land use planning and decision-making procedures; seminars, meetings; miscellaneous conservation and protection measures not specified below."}, "model": "iati_codelists.sectorcategory", "pk": "410"}, {"fields": {"name": "Other multisector", "description": ""}, "model": "iati_codelists.sectorcategory", "pk": "430"}, {"fields": {"name": "General budget support", "description": "Unearmarked contributions to the government budget; support for the implementation of macroeconomic reforms (structural adjustment programmes, poverty reduction strategies); general programme assistance (when not allocable by sector)."}, "model": "iati_codelists.sectorcategory", "pk": "510"}, {"fields": {"name": "Developmental food aid/food security assistance", "description": "Supply of edible human food under national or international programmes including transport costs; cash payments made for food supplies; project food aid and food aid for market sales when benefiting sector not specified; excluding emergency food aid."}, "model": "iati_codelists.sectorcategory", "pk": "520"}, {"fields": {"name": "Other commodity assistance", "description": "Capital goods and services; lines of credit."}, "model": "iati_codelists.sectorcategory", "pk": "530"}, {"fields": {"name": "Action relating to debt", "description": "Actions falling outside the code headings below; training in debt management."}, "model": "iati_codelists.sectorcategory", "pk": "600"}, {"fields": {"name": "Emergency response", "description": "Shelter, water, sanitation and health services, supply of medicines and other non-food relief items; assistance to refugees and internally displaced people in developing countries other than for food (72040) or protection (72050)."}, "model": "iati_codelists.sectorcategory", "pk": "720"}, {"fields": {"name": "Reconstruction relief and rehabilitation", "description": "Short-term reconstruction work after emergency or conflict limited to restoring pre-existing infrastructure (e.g. repair or construction of roads, bridges and ports, restoration of essential facilities, such as water and sanitation, shelter, health care services); social and economic rehabilitation in the aftermath of emergencies to facilitate transition and enable populations to return to their previous livelihood or develop a new livelihood in the wake of an emergency situation (e.g. trauma counselling and treatment, employment programmes)."}, "model": "iati_codelists.sectorcategory", "pk": "730"}, {"fields": {"name": "Disaster prevention and preparedness", "description": "Disaster risk reduction activities (e.g. developing knowledge, natural risks cartography, legal norms for construction); early warning systems; emergency contingency stocks and contingency planning including preparations for forced displacement."}, "model": "iati_codelists.sectorcategory", "pk": "740"}, {"fields": {"name": "Administrative costs of donors", "description": ""}, "model": "iati_codelists.sectorcategory", "pk": "910"}, {"fields": {"name": "Support to non- governmental organisations (ngos)", "description": "In the donor country."}, "model": "iati_codelists.sectorcategory", "pk": "920"}, {"fields": {"name": "Refugees in donor countries", "description": ""}, "model": "iati_codelists.sectorcategory", "pk": "930"}, {"fields": {"name": "Unallocated/ unspecified", "description": "Contributions to general development of the recipient should be included under programme assistance (51010)."}, "model": "iati_codelists.sectorcategory", "pk": "998"}, {"fields": {"category": "111", "percentage": null, "name": "Education policy and administrative management", "vocabulary": null, "description": "Education sector policy, planning and programmes; aid to education ministries,\n                administration and management systems; institution capacity building and advice; school\n                management and governance; curriculum and materials development; unspecified education\n                activities."}, "model": "iati_codelists.sector", "pk": "11110"}, {"fields": {"category": "111", "percentage": null, "name": "Education facilities and training", "vocabulary": null, "description": "Educational buildings, equipment, materials; subsidiary services to education\n                (boarding facilities, staff housing); language training; colloquia, seminars, lectures,\n                etc."}, "model": "iati_codelists.sector", "pk": "11120"}, {"fields": {"category": "111", "percentage": null, "name": "Teacher training", "vocabulary": null, "description": "Teacher education (where the level of education is unspecified); in-service and\n                pre-service training; materials development."}, "model": "iati_codelists.sector", "pk": "11130"}, {"fields": {"category": "111", "percentage": null, "name": "Educational research", "vocabulary": null, "description": "Research and studies on education effectiveness, relevance and quality;\n                systematic evaluation and monitoring."}, "model": "iati_codelists.sector", "pk": "11182"}, {"fields": {"category": "112", "percentage": null, "name": "Primary education", "vocabulary": null, "description": "Formal and non-formal primary education for children; all elementary and first\n                cycle systematic instruction; provision of learning materials."}, "model": "iati_codelists.sector", "pk": "11220"}, {"fields": {"category": "112", "percentage": null, "name": "Basic life skills for youth and adults", "vocabulary": null, "description": "Formal and non-formal education for basic life skills for young people and\n                adults (adults education); literacy and numeracy training."}, "model": "iati_codelists.sector", "pk": "11230"}, {"fields": {"category": "112", "percentage": null, "name": "Early childhood education", "vocabulary": null, "description": "Formal and non-formal pre-school education."}, "model": "iati_codelists.sector", "pk": "11240"}, {"fields": {"category": "113", "percentage": null, "name": "Secondary education", "vocabulary": null, "description": "Second cycle systematic instruction at both junior and senior\n                levels."}, "model": "iati_codelists.sector", "pk": "11320"}, {"fields": {"category": "113", "percentage": null, "name": "Vocational training", "vocabulary": null, "description": "Elementary vocational training and secondary level technical education; on-the\n                job training; apprenticeships; including informal vocational training."}, "model": "iati_codelists.sector", "pk": "11330"}, {"fields": {"category": "114", "percentage": null, "name": "Higher education", "vocabulary": null, "description": "Degree and diploma programmes at universities, colleges and polytechnics;\n                scholarships."}, "model": "iati_codelists.sector", "pk": "11420"}, {"fields": {"category": "114", "percentage": null, "name": "Advanced technical and managerial training", "vocabulary": null, "description": "Professional-level vocational training programmes and in-service\n                training."}, "model": "iati_codelists.sector", "pk": "11430"}, {"fields": {"category": "121", "percentage": null, "name": "Health policy and administrative management", "vocabulary": null, "description": "Health sector policy, planning and programmes; aid to health ministries, public\n                health administration; institution capacity building and advice; medical insurance\n                programmes; unspecified health activities."}, "model": "iati_codelists.sector", "pk": "12110"}, {"fields": {"category": "121", "percentage": null, "name": "Medical education/training", "vocabulary": null, "description": "Medical education and training for tertiary level services."}, "model": "iati_codelists.sector", "pk": "12181"}, {"fields": {"category": "121", "percentage": null, "name": "Medical research", "vocabulary": null, "description": "General medical research (excluding basic health research)."}, "model": "iati_codelists.sector", "pk": "12182"}, {"fields": {"category": "121", "percentage": null, "name": "Medical services", "vocabulary": null, "description": "Laboratories, specialised clinics and hospitals (including equipment and\n                supplies); ambulances; dental services; mental health care; medical rehabilitation;\n                control of non-infectious diseases; drug and substance abuse control [excluding\n                narcotics traffic control (16063)]."}, "model": "iati_codelists.sector", "pk": "12191"}, {"fields": {"category": "122", "percentage": null, "name": "Basic health care", "vocabulary": null, "description": "Basic and primary health care programmes; paramedical and nursing care\n                programmes; supply of drugs, medicines and vaccines related to basic health\n                care."}, "model": "iati_codelists.sector", "pk": "12220"}, {"fields": {"category": "122", "percentage": null, "name": "Basic health infrastructure", "vocabulary": null, "description": "District-level hospitals, clinics and dispensaries and related medical\n                equipment; excluding specialised hospitals and clinics (12191)."}, "model": "iati_codelists.sector", "pk": "12230"}, {"fields": {"category": "122", "percentage": null, "name": "Basic nutrition", "vocabulary": null, "description": "Direct feeding programmes (maternal feeding, breastfeeding and weaning foods,\n                child feeding, school feeding); determination of micro-nutrient deficiencies; provision\n                of vitamin A, iodine, iron etc.; monitoring of nutritional status; nutrition and food\n                hygiene education; household food security."}, "model": "iati_codelists.sector", "pk": "12240"}, {"fields": {"category": "122", "percentage": null, "name": "Infectious disease control", "vocabulary": null, "description": "Immunisation; prevention and control of infectious and parasite diseases,\n                except malaria (12262), tuberculosis (12263), HIV/AIDS and other STDs (13040). It\n                includes diarrheal diseases, vector-borne diseases (e.g. river blindness and guinea\n                worm), viral diseases, mycosis, helminthiasis, zoonosis, diseases by other bacteria and\n                viruses, pediculosis, etc."}, "model": "iati_codelists.sector", "pk": "12250"}, {"fields": {"category": "122", "percentage": null, "name": "Health education", "vocabulary": null, "description": "Information, education and training of the population for improving health\n                knowledge and practices; public health and awareness campaigns."}, "model": "iati_codelists.sector", "pk": "12261"}, {"fields": {"category": "122", "percentage": null, "name": "Malaria control", "vocabulary": null, "description": "Prevention and control of malaria."}, "model": "iati_codelists.sector", "pk": "12262"}, {"fields": {"category": "122", "percentage": null, "name": "Tuberculosis control", "vocabulary": null, "description": "Immunisation, prevention and control of tuberculosis."}, "model": "iati_codelists.sector", "pk": "12263"}, {"fields": {"category": "122", "percentage": null, "name": "Health personnel development", "vocabulary": null, "description": "Training of health staff for basic health care services."}, "model": "iati_codelists.sector", "pk": "12281"}, {"fields": {"category": "130", "percentage": null, "name": "Population policy and administrative management", "vocabulary": null, "description": "Population/development policies; census work, vital registration; migration\n                data; demographic research/analysis; reproductive health research; unspecified\n                population activities."}, "model": "iati_codelists.sector", "pk": "13010"}, {"fields": {"category": "130", "percentage": null, "name": "Reproductive health care", "vocabulary": null, "description": "Promotion of reproductive health; prenatal and postnatal care including\n                delivery; prevention and treatment of infertility; prevention and management of\n                consequences of abortion; safe motherhood activities."}, "model": "iati_codelists.sector", "pk": "13020"}, {"fields": {"category": "130", "percentage": null, "name": "Family planning", "vocabulary": null, "description": "Family planning services including counselling; information, education and\n                communication (IEC) activities; delivery of contraceptives; capacity building and\n                training."}, "model": "iati_codelists.sector", "pk": "13030"}, {"fields": {"category": "130", "percentage": null, "name": "STD control including HIV/AIDS", "vocabulary": null, "description": "All activities related to sexually transmitted diseases and HIV/AIDS control\n                e.g. information, education and communication; testing; prevention; treatment,\n                care."}, "model": "iati_codelists.sector", "pk": "13040"}, {"fields": {"category": "130", "percentage": null, "name": "Personnel development for population and reproductive health", "vocabulary": null, "description": "Education and training of health staff for population and reproductive health\n                care services."}, "model": "iati_codelists.sector", "pk": "13081"}, {"fields": {"category": "140", "percentage": null, "name": "Water resources policy and administrative management", "vocabulary": null, "description": "Water sector policy, planning and programmes; water legislation and management;\n                institution capacity building and advice; water supply assessments and studies;\n                groundwater, water quality and watershed studies; hydrogeology; excluding agricultural\n                water resources (31140)."}, "model": "iati_codelists.sector", "pk": "14010"}, {"fields": {"category": "140", "percentage": null, "name": "Water resources protection", "vocabulary": null, "description": "Inland surface waters (rivers, lakes, etc.); conservation and rehabilitation of\n                ground water; prevention of water contamination from agro-chemicals, industrial\n                effluents."}, "model": "iati_codelists.sector", "pk": "14015"}, {"fields": {"category": "140", "percentage": null, "name": "Water supply and sanitation - large systems", "vocabulary": null, "description": "Water desalination plants; intakes, storage, treatment, pumping stations,\n                conveyance and distribution systems; sewerage; domestic and industrial waste water\n                treatment plants."}, "model": "iati_codelists.sector", "pk": "14020"}, {"fields": {"category": "140", "percentage": null, "name": "Water supply - large systems ", "vocabulary": null, "description": "Potable water treatment plants; intake works; storage; water supply pumping\n                stations; large scale transmission / conveyance and distribution systems."}, "model": "iati_codelists.sector", "pk": "14021"}, {"fields": {"category": "140", "percentage": null, "name": "Sanitation - large systems", "vocabulary": null, "description": "Large scale sewerage including trunk sewers and sewage pumping stations;\n                domestic and industrial waste water treatment plants."}, "model": "iati_codelists.sector", "pk": "14022"}, {"fields": {"category": "140", "percentage": null, "name": "Basic drinking water supply and basic sanitation", "vocabulary": null, "description": "Water supply and sanitation through low-cost technologies such as handpumps,\n                spring catchment, gravity-fed systems, rain water collection, storage tanks, small\n                distribution systems; latrines, small-bore sewers, on-site disposal (septic\n                tanks)."}, "model": "iati_codelists.sector", "pk": "14030"}, {"fields": {"category": "140", "percentage": null, "name": "Basic drinking water supply", "vocabulary": null, "description": "Rural water supply schemes using handpumps, spring catchments, gravity-fed\n                systems, rainwater collection and fog harvesting, storage tanks, small distribution\n                systems typically with shared connections/points of use. Urban schemes using handpumps\n                and local neighbourhood networks including those with shared connections."}, "model": "iati_codelists.sector", "pk": "14031"}, {"fields": {"category": "140", "percentage": null, "name": "Basic sanitation", "vocabulary": null, "description": "Latrines, on-site disposal and alternative sanitation systems, including the\n                promotion of household and community investments in the construction of these\n                facilities. (Use code 12261 for activities promoting improved personal hygiene\n                practices.)"}, "model": "iati_codelists.sector", "pk": "14032"}, {"fields": {"category": "140", "percentage": null, "name": "River development", "vocabulary": null, "description": "Integrated river basin projects; river flow control; dams and reservoirs\n                [excluding dams primarily for irrigation (31140) and hydropower (23065) and activities\n                related to river transport (21040)]."}, "model": "iati_codelists.sector", "pk": "14040"}, {"fields": {"category": "140", "percentage": null, "name": "Waste management/disposal", "vocabulary": null, "description": "Municipal and industrial solid waste management, including hazardous and toxic\n                waste; collection, disposal and treatment; landfill areas; composting and\n                reuse."}, "model": "iati_codelists.sector", "pk": "14050"}, {"fields": {"category": "140", "percentage": null, "name": "Education and training in water supply and sanitation", "vocabulary": null, "description": ""}, "model": "iati_codelists.sector", "pk": "14081"}, {"fields": {"category": "151", "percentage": null, "name": "Economic and development policy/planning", "vocabulary": null, "description": "Institution-building assistance to strengthen core public sector management\n                systems and capacities. This includes macro-economic and other policy management,\n                co-ordination, planning and reform; human resource management; organisational\n                development; civil service reform; e\u2011government; development planning, monitoring and\n                evaluation; support to ministries involved in aid co-ordination; other ministries and\n                government departments when sector cannot be specified. (Use specific sector codes for\n                development of systems and capacities in sector ministries.) "}, "model": "iati_codelists.sector", "pk": "15110"}, {"fields": {"category": "151", "percentage": null, "name": "Public finance management", "vocabulary": null, "description": "Fiscal policy and planning; support to ministries of finance; strengthening\n                financial and managerial accountability; public expenditure management; improving\n                financial management systems; tax policy and administration; budget drafting;\n                inter-governmental fiscal relations, public audit, public debt. (Use code 33120 for\n                customs.) "}, "model": "iati_codelists.sector", "pk": "15111"}, {"fields": {"category": "151", "percentage": null, "name": "Decentralisation and support to subnational government", "vocabulary": null, "description": "Decentralisation processes (including political, administrative and fiscal\n                dimensions); intergovernmental relations and federalism; strengthening departments of\n                regional and local government, regional and local authorities and their national\n                associations. (Use specific sector codes for decentralisation of sector management and\n                services.) "}, "model": "iati_codelists.sector", "pk": "15112"}, {"fields": {"category": "151", "percentage": null, "name": "Anti-corruption organisations and institutions", "vocabulary": null, "description": "Specialised organisations, institutions and frameworks for the prevention of\n                and combat against corruption, bribery, money-laundering and other aspects of organised\n                crime, with or without law enforcement powers, e.g. anti-corruption commissions and\n                monitoring bodies, special investigation services, institutions and initiatives of\n                integrity and ethics oversight, specialised NGOs, other civil society and citizens\u2019\n                organisations directly concerned with corruption. "}, "model": "iati_codelists.sector", "pk": "15113"}, {"fields": {"category": "151", "percentage": null, "name": "Public sector financial management", "vocabulary": null, "description": "Strengthening financial and managerial accountability; public expenditure\n                management; improving financial management systems; tax assessment procedures; budget\n                drafting; field auditing; measures against waste, fraud and corruption."}, "model": "iati_codelists.sector", "pk": "15120"}, {"fields": {"category": "151", "percentage": null, "name": "Legal and judicial development", "vocabulary": null, "description": "Constitutional development, legal drafting; institutional strengthening of\n                legal and judicial systems; legal training and education; legal advice and services;\n                crime prevention."}, "model": "iati_codelists.sector", "pk": "15130"}, {"fields": {"category": "151", "percentage": null, "name": "Government administration", "vocabulary": null, "description": "Systems of government including parliament, local government, decentralisation;\n                civil service and civil service reform. Including general services by government (or\n                commissioned by government) not elsewhere specified e.g. police, fire protection;\n                cartography, meteorology, legal metrology, aerial surveys and remote sensing;\n                administrative buildings."}, "model": "iati_codelists.sector", "pk": "15140"}, {"fields": {"category": "151", "percentage": null, "name": "Democratic participation and civil society", "vocabulary": null, "description": "Support to the exercise of democracy and diverse forms of participation of\n                citizens beyond elections (15151); direct democracy instruments such as referenda and\n                citizens\u2019 initiatives; support to organisations to represent and advocate for their\n                members, to monitor, engage and hold governments to account, and to help citizens learn\n                to act in the public sphere; curricula and teaching for civic education at various\n                levels. (This purpose code is restricted to activities targeting governance issues. When\n                assistance to civil society is for non-governance purposes use other appropriate purpose\n                codes.)"}, "model": "iati_codelists.sector", "pk": "15150"}, {"fields": {"category": "151", "percentage": null, "name": "Elections", "vocabulary": null, "description": "Electoral management bodies and processes, election observation, voters'\n                education. (Use code 15230 when in the context of an international peacekeeping\n                operation.)"}, "model": "iati_codelists.sector", "pk": "15151"}, {"fields": {"category": "151", "percentage": null, "name": "Legislatures and political parties", "vocabulary": null, "description": "Assistance to strengthen key functions of legislatures/ parliaments including\n                subnational assemblies and councils (representation; oversight; legislation), such as\n                improving the capacity of legislative bodies, improving legislatures\u2019 committees and\n                administrative procedures,; research and information management systems; providing\n                training programmes for legislators and support personnel. Assistance to political\n                parties and strengthening of party systems."}, "model": "iati_codelists.sector", "pk": "15152"}, {"fields": {"category": "151", "percentage": null, "name": "Media and free flow of information", "vocabulary": null, "description": "Activities that support free and uncensored flow of information on public\n                issues; activities that increase the editorial and technical skills and the integrity of\n                the print and broadcast media, e.g. training of journalists. (Use codes 22010-22040 for\n                provision of equipment and capital assistance to media.)"}, "model": "iati_codelists.sector", "pk": "15153"}, {"fields": {"category": "151", "percentage": null, "name": "Human rights", "vocabulary": null, "description": "Measures to support specialised official human rights institutions and\n                mechanisms at universal, regional, national and local levels in their statutory roles to\n                promote and protect civil and political, economic, social and cultural rights as defined\n                in international conventions and covenants; translation of international human rights\n                commitments into national legislation; reporting and follow-up; human rights dialogue.\n                Human rights defenders and human rights NGOs; human rights advocacy, activism,\n                mobilisation; awareness raising and public human rights education. Human rights\n                programming targeting specific groups, e.g. children, persons with disabilities,\n                migrants, ethnic, religious, linguistic and sexual minorities, indigenous people and\n                those suffering from caste discrimination, victims of trafficking, victims of torture.\n                (Use code 15230 when in the context of an international peacekeeping operation) "}, "model": "iati_codelists.sector", "pk": "15160"}, {"fields": {"category": "151", "percentage": null, "name": "Elections", "vocabulary": null, "description": "Electoral assistance and monitoring, voters' education\n            [other than in connection with UN peace building\n            (15230)]."}, "model": "iati_codelists.sector", "pk": "15161"}, {"fields": {"category": "151", "percentage": null, "name": "Human rights", "vocabulary": null, "description": "Monitoring of human rights performance; support for\n            national and regional human rights bodies; protection of ethnic,\n            religious and cultural minorities [other than in connection with un\n            peace building (15230)]."}, "model": "iati_codelists.sector", "pk": "15162"}, {"fields": {"category": "151", "percentage": null, "name": "Free flow of information", "vocabulary": null, "description": "Uncensored flow of information on public issues,\n            including activities that increase the professionalism, skills and\n            integrity of the print and broadcast media (e.g. training of\n            journalists)."}, "model": "iati_codelists.sector", "pk": "15163"}, {"fields": {"category": "151", "percentage": null, "name": "Women's equality organisations and institutions", "vocabulary": null, "description": "Support for institutions and organisations\n            (governmental and non-governmental) working for gender equality and\n            women's empowerment."}, "model": "iati_codelists.sector", "pk": "15164"}, {"fields": {"category": "151", "percentage": null, "name": "Women's equality organisations and institutions *", "vocabulary": null, "description": "\n                Support for institutions and organisations (governmental and non-governmental)\n                working for gender equality and women's empowerment."}, "model": "iati_codelists.sector", "pk": "15170"}, {"fields": {"category": "152", "percentage": null, "name": "Security system management and reform", "vocabulary": null, "description": "Technical co-operation provided to parliament, government ministries, law\n                enforcement agencies and the judiciary to assist review and reform of the security\n                system to improve democratic governance and civilian control; technical co-operation\n                provided to government to improve civilian oversight and democratic control of\n                budgeting, management, accountability and auditing of security expenditure, including\n                military budgets, as part of a public expenditure management programme; assistance to\n                civil society to enhance its competence and capacity to scrutinise the security system\n                so that it is managed in accordance with democratic norms and principles of\n                accountability, transparency and good governance."}, "model": "iati_codelists.sector", "pk": "15210"}, {"fields": {"category": "152", "percentage": null, "name": "Civilian peace-building, conflict prevention and resolution", "vocabulary": null, "description": "Support for civilian activities related to peace building, conflict prevention\n                and resolution, including capacity building, monitoring, dialogue and information\n                exchange."}, "model": "iati_codelists.sector", "pk": "15220"}, {"fields": {"category": "152", "percentage": null, "name": "Post-conflict peace-building (UN)", "vocabulary": null, "description": "Participation in the post-conflict peace-building phase of United Nations peace\n                operations (activities such as human rights and elections monitoring, rehabilitation of\n                demobilised soldiers, rehabilitation of basic national infrastructure, monitoring or\n                retraining of civil administrators and police forces, training in customs and border\n                control procedures, advice or training in fiscal or macroeconomic stabilisation policy,\n                repatriation and demobilisation of armed factions, and disposal of their weapons;\n                support for landmine removal). Direct contributions to the UN peacekeeping budget are\n                excluded from bilateral ODA (they are reportable in part as multilateral\n                ODA)."}, "model": "iati_codelists.sector", "pk": "15230"}, {"fields": {"category": "152", "percentage": null, "name": "Reintegration and SALW control", "vocabulary": null, "description": "Reintegration of demobilised military personnel into the economy; conversion of\n                production facilities from military to civilian outputs; technical co-operation to\n                control, prevent and/or reduce the proliferation of small arms and light weapons (SALW)\n                - see para. 39 of the DAC Statistical Reporting Directives for definition of SALW\n                activities covered. [Other than in connection with UN peace-building (15230) or child\n                soldiers (15261)]."}, "model": "iati_codelists.sector", "pk": "15240"}, {"fields": {"category": "152", "percentage": null, "name": "Land mine clearance", "vocabulary": null, "description": "Explosive mine removal for developmental purposes [other than in connection\n                with UN peace-building (15230)]."}, "model": "iati_codelists.sector", "pk": "15250"}, {"fields": {"category": "152", "percentage": null, "name": "Child soldiers (Prevention and demobilisation)", "vocabulary": null, "description": "Technical co-operation provided to government and assistance to civil society\n                organisations to support and apply legislation designed to prevent the recruitment of\n                child soldiers, and to demobilise, disarm, reintegrate, repatriate and resettle (DDR)\n                child soldiers."}, "model": "iati_codelists.sector", "pk": "15261"}, {"fields": {"category": "160", "percentage": null, "name": "Social/ welfare services", "vocabulary": null, "description": "Social legislation and administration; institution capacity building and\n                advice; social security and other social schemes; special programmes for the elderly,\n                orphans, the disabled, street children; social dimensions of structural adjustment;\n                unspecified social infrastructure and services, including consumer\n                protection."}, "model": "iati_codelists.sector", "pk": "16010"}, {"fields": {"category": "160", "percentage": null, "name": "Employment policy and administrative management", "vocabulary": null, "description": "Employment policy and planning; labour law; labour unions; institution capacity\n                building and advice; support programmes for unemployed; employment creation and income\n                generation programmes; occupational safety and health; combating child\n                labour."}, "model": "iati_codelists.sector", "pk": "16020"}, {"fields": {"category": "160", "percentage": null, "name": "Housing policy and administrative management", "vocabulary": null, "description": "Housing sector policy, planning and programmes; excluding low-cost housing and\n                slum clearance (16040)."}, "model": "iati_codelists.sector", "pk": "16030"}, {"fields": {"category": "160", "percentage": null, "name": "Low-cost housing", "vocabulary": null, "description": "Including slum clearance."}, "model": "iati_codelists.sector", "pk": "16040"}, {"fields": {"category": "160", "percentage": null, "name": "Multisector aid for basic social services", "vocabulary": null, "description": "Basic social services are defined to include basic education, basic health,\n                basic nutrition, population/reproductive health and basic drinking water supply and\n                basic sanitation."}, "model": "iati_codelists.sector", "pk": "16050"}, {"fields": {"category": "160", "percentage": null, "name": "Culture and recreation", "vocabulary": null, "description": "Including libraries and museums."}, "model": "iati_codelists.sector", "pk": "16061"}, {"fields": {"category": "160", "percentage": null, "name": "Statistical capacity building", "vocabulary": null, "description": "Both in national statistical offices and any other government\n                ministries."}, "model": "iati_codelists.sector", "pk": "16062"}, {"fields": {"category": "160", "percentage": null, "name": "Narcotics control", "vocabulary": null, "description": "In-country and customs controls including training of the police; educational\n                programmes and awareness campaigns to restrict narcotics traffic and in-country\n                distribution."}, "model": "iati_codelists.sector", "pk": "16063"}, {"fields": {"category": "160", "percentage": null, "name": "Social mitigation of HIV/AIDS", "vocabulary": null, "description": "Special programmes to address the consequences of HIV/AIDS, e.g. social, legal\n                and economic assistance to people living with HIV/AIDS including food security and\n                employment; support to vulnerable groups and children orphaned by HIV/AIDS; human rights\n                of HIV/AIDS affected people."}, "model": "iati_codelists.sector", "pk": "16064"}, {"fields": {"category": "210", "percentage": null, "name": "Transport policy and administrative management", "vocabulary": null, "description": "Transport sector policy, planning and programmes; aid to transport ministries;\n                institution capacity building and advice; unspecified transport; activities that combine\n                road, rail, water and/or air transport."}, "model": "iati_codelists.sector", "pk": "21010"}, {"fields": {"category": "210", "percentage": null, "name": "Road transport", "vocabulary": null, "description": "Road infrastructure, road vehicles; passenger road transport, motor passenger\n                cars."}, "model": "iati_codelists.sector", "pk": "21020"}, {"fields": {"category": "210", "percentage": null, "name": "Rail transport", "vocabulary": null, "description": "Rail infrastructure, rail equipment, locomotives, other rolling stock;\n                including light rail (tram) and underground systems."}, "model": "iati_codelists.sector", "pk": "21030"}, {"fields": {"category": "210", "percentage": null, "name": "Water transport", "vocabulary": null, "description": "Harbours and docks, harbour guidance systems, ships and boats; river and other\n                inland water transport, inland barges and vessels."}, "model": "iati_codelists.sector", "pk": "21040"}, {"fields": {"category": "210", "percentage": null, "name": "Air transport", "vocabulary": null, "description": "Airports, airport guidance systems, aeroplanes, aeroplane maintenance\n                equipment."}, "model": "iati_codelists.sector", "pk": "21050"}, {"fields": {"category": "210", "percentage": null, "name": "Storage", "vocabulary": null, "description": "Whether or not related to transportation."}, "model": "iati_codelists.sector", "pk": "21061"}, {"fields": {"category": "210", "percentage": null, "name": "Education and training in transport and storage", "vocabulary": null, "description": ""}, "model": "iati_codelists.sector", "pk": "21081"}, {"fields": {"category": "220", "percentage": null, "name": "Communications policy and administrative management", "vocabulary": null, "description": "Communications sector policy, planning and programmes; institution capacity\n                building and advice; including postal services development; unspecified communications\n                activities."}, "model": "iati_codelists.sector", "pk": "22010"}, {"fields": {"category": "220", "percentage": null, "name": "Telecommunications", "vocabulary": null, "description": "Telephone networks, telecommunication satellites, earth stations."}, "model": "iati_codelists.sector", "pk": "22020"}, {"fields": {"category": "220", "percentage": null, "name": "Radio/television/print media", "vocabulary": null, "description": "Radio and TV links, equipment; newspapers; printing and\n                publishing."}, "model": "iati_codelists.sector", "pk": "22030"}, {"fields": {"category": "220", "percentage": null, "name": "Information and communication technology (ICT)", "vocabulary": null, "description": "Computer hardware and software; internet access; IT training. When sector\n                cannot be specified."}, "model": "iati_codelists.sector", "pk": "22040"}, {"fields": {"category": "230", "percentage": null, "name": "Energy policy and administrative management", "vocabulary": null, "description": "Energy sector policy, planning and programmes; aid to energy ministries;\n                institution capacity building and advice; unspecified energy activities including energy\n                conservation."}, "model": "iati_codelists.sector", "pk": "23010"}, {"fields": {"category": "230", "percentage": null, "name": "Power generation/non-renewable sources", "vocabulary": null, "description": "Thermal power plants including when heat source cannot be determined; combined\n                gas-coal power plants."}, "model": "iati_codelists.sector", "pk": "23020"}, {"fields": {"category": "230", "percentage": null, "name": "Power generation/renewable sources", "vocabulary": null, "description": "Including policy, planning, development programmes, surveys and incentives.\n                Fuelwood/ charcoal production should be included under forestry (31261)."}, "model": "iati_codelists.sector", "pk": "23030"}, {"fields": {"category": "230", "percentage": null, "name": "Electrical transmission/ distribution", "vocabulary": null, "description": "Distribution from power source to end user; transmission lines."}, "model": "iati_codelists.sector", "pk": "23040"}, {"fields": {"category": "230", "percentage": null, "name": "Gas distribution", "vocabulary": null, "description": "Delivery for use by ultimate consumer."}, "model": "iati_codelists.sector", "pk": "23050"}, {"fields": {"category": "230", "percentage": null, "name": "Oil-fired power plants", "vocabulary": null, "description": "Including diesel power plants."}, "model": "iati_codelists.sector", "pk": "23061"}, {"fields": {"category": "230", "percentage": null, "name": "Gas-fired power plants", "vocabulary": null, "description": ""}, "model": "iati_codelists.sector", "pk": "23062"}, {"fields": {"category": "230", "percentage": null, "name": "Coal-fired power plants", "vocabulary": null, "description": ""}, "model": "iati_codelists.sector", "pk": "23063"}, {"fields": {"category": "230", "percentage": null, "name": "Nuclear power plants", "vocabulary": null, "description": "Including nuclear safety."}, "model": "iati_codelists.sector", "pk": "23064"}, {"fields": {"category": "230", "percentage": null, "name": "Hydro-electric power plants", "vocabulary": null, "description": "Including power-generating river barges."}, "model": "iati_codelists.sector", "pk": "23065"}, {"fields": {"category": "230", "percentage": null, "name": "Geothermal energy", "vocabulary": null, "description": ""}, "model": "iati_codelists.sector", "pk": "23066"}, {"fields": {"category": "230", "percentage": null, "name": "Solar energy", "vocabulary": null, "description": "Including photo-voltaic cells, solar thermal applications and solar\n                heating."}, "model": "iati_codelists.sector", "pk": "23067"}, {"fields": {"category": "230", "percentage": null, "name": "Wind power", "vocabulary": null, "description": "Wind energy for water lifting and electric power generation."}, "model": "iati_codelists.sector", "pk": "23068"}, {"fields": {"category": "230", "percentage": null, "name": "Ocean power", "vocabulary": null, "description": "Including ocean thermal energy conversion, tidal and wave power."}, "model": "iati_codelists.sector", "pk": "23069"}, {"fields": {"category": "230", "percentage": null, "name": "Biomass", "vocabulary": null, "description": "Densification technologies and use of biomass for direct power generation\n                including biogas, gas obtained from sugar cane and other plant residues, anaerobic\n                digesters."}, "model": "iati_codelists.sector", "pk": "23070"}, {"fields": {"category": "230", "percentage": null, "name": "Energy education/training", "vocabulary": null, "description": "Applies to all energy sub-sectors; all levels of training."}, "model": "iati_codelists.sector", "pk": "23081"}, {"fields": {"category": "230", "percentage": null, "name": "Energy research", "vocabulary": null, "description": "Including general inventories, surveys."}, "model": "iati_codelists.sector", "pk": "23082"}, {"fields": {"category": "240", "percentage": null, "name": "Financial policy and administrative management", "vocabulary": null, "description": "Finance sector policy, planning and programmes; institution capacity building\n                and advice; financial markets and systems."}, "model": "iati_codelists.sector", "pk": "24010"}, {"fields": {"category": "240", "percentage": null, "name": "Monetary institutions", "vocabulary": null, "description": "Central banks."}, "model": "iati_codelists.sector", "pk": "24020"}, {"fields": {"category": "240", "percentage": null, "name": "Formal sector financial intermediaries", "vocabulary": null, "description": "All formal sector financial intermediaries; credit lines; insurance, leasing,\n                venture capital, etc. (except when focused on only one sector)."}, "model": "iati_codelists.sector", "pk": "24030"}, {"fields": {"category": "240", "percentage": null, "name": "Informal/semi-formal financial intermediaries", "vocabulary": null, "description": "Micro credit, savings and credit co-operatives etc."}, "model": "iati_codelists.sector", "pk": "24040"}, {"fields": {"category": "240", "percentage": null, "name": "Education/training in banking and financial services", "vocabulary": null, "description": ""}, "model": "iati_codelists.sector", "pk": "24081"}, {"fields": {"category": "250", "percentage": null, "name": "Business support services and institutions", "vocabulary": null, "description": "Support to trade and business associations, chambers of commerce; legal and\n                regulatory reform aimed at improving business and investment climate; private sector\n                institution capacity building and advice; trade information; public-private sector\n                networking including trade fairs; e?commerce. Where sector cannot be specified: general\n                support to private sector enterprises (in particular, use code 32130 for enterprises in\n                the industrial sector)."}, "model": "iati_codelists.sector", "pk": "25010"}, {"fields": {"category": "250", "percentage": null, "name": "Privatisation", "vocabulary": null, "description": "When sector cannot be specified. Including general state enterprise\n                restructuring or demonopolisation programmes; planning, programming,\n                advice."}, "model": "iati_codelists.sector", "pk": "25020"}, {"fields": {"category": "311", "percentage": null, "name": "Agricultural policy and administrative management", "vocabulary": null, "description": "Agricultural sector policy, planning and programmes; aid to agricultural\n                ministries; institution capacity building and advice; unspecified\n                agriculture."}, "model": "iati_codelists.sector", "pk": "31110"}, {"fields": {"category": "311", "percentage": null, "name": "Agricultural development", "vocabulary": null, "description": "Integrated projects; farm development."}, "model": "iati_codelists.sector", "pk": "31120"}, {"fields": {"category": "311", "percentage": null, "name": "Agricultural land resources", "vocabulary": null, "description": "Including soil degradation control; soil improvement; drainage of water logged\n                areas; soil desalination; agricultural land surveys; land reclamation; erosion control,\n                desertification control."}, "model": "iati_codelists.sector", "pk": "31130"}, {"fields": {"category": "311", "percentage": null, "name": "Agricultural water resources", "vocabulary": null, "description": "Irrigation, reservoirs, hydraulic structures, ground water exploitation for\n                agricultural use."}, "model": "iati_codelists.sector", "pk": "31140"}, {"fields": {"category": "311", "percentage": null, "name": "Agricultural inputs", "vocabulary": null, "description": "Supply of seeds, fertilizers, agricultural machinery/equipment."}, "model": "iati_codelists.sector", "pk": "31150"}, {"fields": {"category": "311", "percentage": null, "name": "Food crop production", "vocabulary": null, "description": "Including grains (wheat, rice, barley, maize, rye, oats, millet, sorghum);\n                horticulture; vegetables; fruit and berries; other annual and perennial crops. [Use code\n                32161 for agro-industries.]"}, "model": "iati_codelists.sector", "pk": "31161"}, {"fields": {"category": "311", "percentage": null, "name": "Industrial crops/export crops", "vocabulary": null, "description": "Including sugar; coffee, cocoa, tea; oil seeds, nuts, kernels; fibre crops;\n                tobacco; rubber. [Use code 32161 for agro-industries.]"}, "model": "iati_codelists.sector", "pk": "31162"}, {"fields": {"category": "311", "percentage": null, "name": "Livestock", "vocabulary": null, "description": "Animal husbandry; animal feed aid."}, "model": "iati_codelists.sector", "pk": "31163"}, {"fields": {"category": "311", "percentage": null, "name": "Agrarian reform", "vocabulary": null, "description": "Including agricultural sector adjustment."}, "model": "iati_codelists.sector", "pk": "31164"}, {"fields": {"category": "311", "percentage": null, "name": "Agricultural alternative development", "vocabulary": null, "description": "Projects to reduce illicit drug cultivation through other agricultural\n                marketing and production opportunities (see code 43050 for non-agricultural alternative\n                development)."}, "model": "iati_codelists.sector", "pk": "31165"}, {"fields": {"category": "311", "percentage": null, "name": "Agricultural extension", "vocabulary": null, "description": "Non-formal training in agriculture."}, "model": "iati_codelists.sector", "pk": "31166"}, {"fields": {"category": "311", "percentage": null, "name": "Agricultural education/training", "vocabulary": null, "description": ""}, "model": "iati_codelists.sector", "pk": "31181"}, {"fields": {"category": "311", "percentage": null, "name": "Agricultural research", "vocabulary": null, "description": "Plant breeding, physiology, genetic resources, ecology, taxonomy, disease\n                control, agricultural bio-technology; including livestock research (animal health,\n                breeding and genetics, nutrition, physiology)."}, "model": "iati_codelists.sector", "pk": "31182"}, {"fields": {"category": "311", "percentage": null, "name": "Agricultural services", "vocabulary": null, "description": "Marketing policies and organisation; storage and transportation, creation of\n                strategic reserves."}, "model": "iati_codelists.sector", "pk": "31191"}, {"fields": {"category": "311", "percentage": null, "name": "Plant and post-harvest protection and pest control", "vocabulary": null, "description": "Including integrated plant protection, biological plant protection activities,\n                supply and management of agrochemicals, supply of pesticides, plant protection policy\n                and legislation."}, "model": "iati_codelists.sector", "pk": "31192"}, {"fields": {"category": "311", "percentage": null, "name": "Agricultural financial services", "vocabulary": null, "description": "Financial intermediaries for the agricultural sector including credit schemes;\n                crop insurance."}, "model": "iati_codelists.sector", "pk": "31193"}, {"fields": {"category": "311", "percentage": null, "name": "Agricultural co-operatives", "vocabulary": null, "description": "Including farmers\u00c2\u2019 organisations."}, "model": "iati_codelists.sector", "pk": "31194"}, {"fields": {"category": "311", "percentage": null, "name": "Livestock/veterinary services", "vocabulary": null, "description": "Animal health and management, genetic resources, feed resources."}, "model": "iati_codelists.sector", "pk": "31195"}, {"fields": {"category": "312", "percentage": null, "name": "Forestry policy and administrative management", "vocabulary": null, "description": "Forestry sector policy, planning and programmes; institution capacity building\n                and advice; forest surveys; unspecified forestry and agro-forestry\n                activities."}, "model": "iati_codelists.sector", "pk": "31210"}, {"fields": {"category": "312", "percentage": null, "name": "Forestry development", "vocabulary": null, "description": "Afforestation for industrial and rural consumption; exploitation and\n                utilisation; erosion control, desertification control; integrated forestry\n                projects."}, "model": "iati_codelists.sector", "pk": "31220"}, {"fields": {"category": "312", "percentage": null, "name": "Fuelwood/charcoal", "vocabulary": null, "description": "Forestry development whose primary purpose is production of fuelwood and\n                charcoal."}, "model": "iati_codelists.sector", "pk": "31261"}, {"fields": {"category": "312", "percentage": null, "name": "Forestry education/training", "vocabulary": null, "description": ""}, "model": "iati_codelists.sector", "pk": "31281"}, {"fields": {"category": "312", "percentage": null, "name": "Forestry research", "vocabulary": null, "description": "Including artificial regeneration, genetic improvement, production methods,\n                fertilizer, harvesting."}, "model": "iati_codelists.sector", "pk": "31282"}, {"fields": {"category": "312", "percentage": null, "name": "Forestry services", "vocabulary": null, "description": ""}, "model": "iati_codelists.sector", "pk": "31291"}, {"fields": {"category": "313", "percentage": null, "name": "Fishing policy and administrative management", "vocabulary": null, "description": "Fishing sector policy, planning and programmes; institution capacity building\n                and advice; ocean and coastal fishing; marine and freshwater fish surveys and\n                prospecting; fishing boats/equipment; unspecified fishing activities."}, "model": "iati_codelists.sector", "pk": "31310"}, {"fields": {"category": "313", "percentage": null, "name": "Fishery development", "vocabulary": null, "description": "Exploitation and utilisation of fisheries; fish stock protection; aquaculture;\n                integrated fishery projects."}, "model": "iati_codelists.sector", "pk": "31320"}, {"fields": {"category": "313", "percentage": null, "name": "Fishery education/training", "vocabulary": null, "description": ""}, "model": "iati_codelists.sector", "pk": "31381"}, {"fields": {"category": "313", "percentage": null, "name": "Fishery research", "vocabulary": null, "description": "Pilot fish culture; marine/freshwater biological research."}, "model": "iati_codelists.sector", "pk": "31382"}, {"fields": {"category": "313", "percentage": null, "name": "Fishery services", "vocabulary": null, "description": "Fishing harbours; fish markets; fishery transport and cold\n                storage."}, "model": "iati_codelists.sector", "pk": "31391"}, {"fields": {"category": "321", "percentage": null, "name": "Industrial policy and administrative management", "vocabulary": null, "description": "Industrial sector policy, planning and programmes; institution capacity\n                building and advice; unspecified industrial activities; manufacturing of goods not\n                specified below."}, "model": "iati_codelists.sector", "pk": "32110"}, {"fields": {"category": "321", "percentage": null, "name": "Industrial development", "vocabulary": null, "description": ""}, "model": "iati_codelists.sector", "pk": "32120"}, {"fields": {"category": "321", "percentage": null, "name": "Small and medium-sized enterprises (SME) development", "vocabulary": null, "description": "Direct support to the development of small and medium-sized enterprises in the\n                industrial sector, including accounting, auditing and advisory services."}, "model": "iati_codelists.sector", "pk": "32130"}, {"fields": {"category": "321", "percentage": null, "name": "Cottage industries and handicraft", "vocabulary": null, "description": ""}, "model": "iati_codelists.sector", "pk": "32140"}, {"fields": {"category": "321", "percentage": null, "name": "Agro-industries", "vocabulary": null, "description": "Staple food processing, dairy products, slaughter houses and equipment, meat\n                and fish processing and preserving, oils/fats, sugar refineries, beverages/tobacco,\n                animal feeds production."}, "model": "iati_codelists.sector", "pk": "32161"}, {"fields": {"category": "321", "percentage": null, "name": "Forest industries", "vocabulary": null, "description": "Wood production, pulp/paper production."}, "model": "iati_codelists.sector", "pk": "32162"}, {"fields": {"category": "321", "percentage": null, "name": "Textiles, leather and substitutes", "vocabulary": null, "description": "Including knitting factories."}, "model": "iati_codelists.sector", "pk": "32163"}, {"fields": {"category": "321", "percentage": null, "name": "Chemicals", "vocabulary": null, "description": "Industrial and non-industrial production facilities; includes pesticides\n                production."}, "model": "iati_codelists.sector", "pk": "32164"}, {"fields": {"category": "321", "percentage": null, "name": "Fertilizer plants", "vocabulary": null, "description": ""}, "model": "iati_codelists.sector", "pk": "32165"}, {"fields": {"category": "321", "percentage": null, "name": "Cement/lime/plaster", "vocabulary": null, "description": ""}, "model": "iati_codelists.sector", "pk": "32166"}, {"fields": {"category": "321", "percentage": null, "name": "Energy manufacturing", "vocabulary": null, "description": "Including gas liquefaction; petroleum refineries."}, "model": "iati_codelists.sector", "pk": "32167"}, {"fields": {"category": "321", "percentage": null, "name": "Pharmaceutical production", "vocabulary": null, "description": "Medical equipment/supplies; drugs, medicines, vaccines; hygienic\n                products."}, "model": "iati_codelists.sector", "pk": "32168"}, {"fields": {"category": "321", "percentage": null, "name": "Basic metal industries", "vocabulary": null, "description": "Iron and steel, structural metal production."}, "model": "iati_codelists.sector", "pk": "32169"}, {"fields": {"category": "321", "percentage": null, "name": "Non-ferrous metal industries", "vocabulary": null, "description": ""}, "model": "iati_codelists.sector", "pk": "32170"}, {"fields": {"category": "321", "percentage": null, "name": "Engineering", "vocabulary": null, "description": "Manufacturing of electrical and non-electrical machinery,\n                engines/turbines."}, "model": "iati_codelists.sector", "pk": "32171"}, {"fields": {"category": "321", "percentage": null, "name": "Transport equipment industry", "vocabulary": null, "description": "Shipbuilding, fishing boats building; railroad equipment; motor vehicles and\n                motor passenger cars; aircraft; navigation/guidance systems."}, "model": "iati_codelists.sector", "pk": "32172"}, {"fields": {"category": "321", "percentage": null, "name": "Technological research and development", "vocabulary": null, "description": "Including industrial standards; quality management; metrology; testing;\n                accreditation; certification."}, "model": "iati_codelists.sector", "pk": "32182"}, {"fields": {"category": "322", "percentage": null, "name": "Mineral/mining policy and administrative management", "vocabulary": null, "description": "Mineral and mining sector policy, planning and programmes; mining legislation,\n                mining cadastre, mineral resources inventory, information systems, institution capacity\n                building and advice; unspecified mineral resources exploitation."}, "model": "iati_codelists.sector", "pk": "32210"}, {"fields": {"category": "322", "percentage": null, "name": "Mineral prospection and exploration", "vocabulary": null, "description": "Geology, geophysics, geochemistry; excluding hydrogeology (14010) and\n                environmental geology (41010), mineral extraction and processing, infrastructure,\n                technology, economics, safety and environment management."}, "model": "iati_codelists.sector", "pk": "32220"}, {"fields": {"category": "322", "percentage": null, "name": "Coal", "vocabulary": null, "description": "Including lignite and peat."}, "model": "iati_codelists.sector", "pk": "32261"}, {"fields": {"category": "322", "percentage": null, "name": "Oil and gas", "vocabulary": null, "description": "Petroleum, natural gas, condensates, liquefied petroleum gas (LPG), liquefied\n                natural gas (LNG); including drilling and production."}, "model": "iati_codelists.sector", "pk": "32262"}, {"fields": {"category": "322", "percentage": null, "name": "Ferrous metals", "vocabulary": null, "description": "Iron and ferro-alloy metals."}, "model": "iati_codelists.sector", "pk": "32263"}, {"fields": {"category": "322", "percentage": null, "name": "Nonferrous metals", "vocabulary": null, "description": "Aluminium, copper, lead, nickel, tin, zinc."}, "model": "iati_codelists.sector", "pk": "32264"}, {"fields": {"category": "322", "percentage": null, "name": "Precious metals/materials", "vocabulary": null, "description": "Gold, silver, platinum, diamonds, gemstones."}, "model": "iati_codelists.sector", "pk": "32265"}, {"fields": {"category": "322", "percentage": null, "name": "Industrial minerals", "vocabulary": null, "description": "Baryte, limestone, feldspar, kaolin, sand, gypsym, gravel, ornamental\n                stones."}, "model": "iati_codelists.sector", "pk": "32266"}, {"fields": {"category": "322", "percentage": null, "name": "Fertilizer minerals", "vocabulary": null, "description": "Phosphates, potash."}, "model": "iati_codelists.sector", "pk": "32267"}, {"fields": {"category": "322", "percentage": null, "name": "Offshore minerals", "vocabulary": null, "description": "Polymetallic nodules, phosphorites, marine placer deposits."}, "model": "iati_codelists.sector", "pk": "32268"}, {"fields": {"category": "323", "percentage": null, "name": "Construction policy and administrative management", "vocabulary": null, "description": "Construction sector policy and planning; excluding construction activities\n                within specific sectors (e.g., hospital or school construction)."}, "model": "iati_codelists.sector", "pk": "32310"}, {"fields": {"category": "331", "percentage": null, "name": "Trade policy and administrative management", "vocabulary": null, "description": "Trade policy and planning; support to ministries and departments responsible\n                for trade policy; trade-related legislation and regulatory reforms; policy analysis and\n                implementation of multilateral trade agreements e.g. technical barriers to trade and\n                sanitary and phytosanitary measures (TBT/SPS) except at regional level (see 33130);\n                mainstreaming trade in national development strategies (e.g. poverty reduction strategy\n                papers); wholesale/retail trade; unspecified trade and trade promotion\n                activities."}, "model": "iati_codelists.sector", "pk": "33110"}, {"fields": {"category": "331", "percentage": null, "name": "Trade facilitation", "vocabulary": null, "description": "Simplification and harmonisation of international import and export procedures\n                (e.g. customs valuation, licensing procedures, transport formalities, payments,\n                insurance); support to customs departments; tariff reforms."}, "model": "iati_codelists.sector", "pk": "33120"}, {"fields": {"category": "331", "percentage": null, "name": "Regional trade agreements (RTAs)", "vocabulary": null, "description": "Support to regional trade arrangements [e.g. Southern African Development\n                Community (SADC), Association of Southeast Asian Nations (ASEAN), Free Trade Area of the\n                Americas (FTAA), African Caribbean Pacific/European Union (ACP/EU)], including work on\n                technical barriers to trade and sanitary and phytosanitary measures (TBT/SPS) at\n                regional level; elaboration of rules of origin and introduction of special and\n                differential treatment in RTAs."}, "model": "iati_codelists.sector", "pk": "33130"}, {"fields": {"category": "331", "percentage": null, "name": "Multilateral trade negotiations", "vocabulary": null, "description": "Support developing countries' effective participation in multilateral trade\n                negotiations, including training of negotiators, assessing impacts of negotiations;\n                accession to the World Trade Organisation (WTO) and other multilateral trade-related\n                organisations."}, "model": "iati_codelists.sector", "pk": "33140"}, {"fields": {"category": "331", "percentage": null, "name": "Trade-related adjustment", "vocabulary": null, "description": "Contributions to the government budget to assist the implementation of\n                recipients' own trade reforms and adjustments to trade policy measures by other\n                countries; assistance to manage shortfalls in the balance of payments due to changes in\n                the world trading environment."}, "model": "iati_codelists.sector", "pk": "33150"}, {"fields": {"category": "331", "percentage": null, "name": "Trade education/training", "vocabulary": null, "description": "Human resources development in trade not included under any of the above codes.\n                Includes university programmes in trade."}, "model": "iati_codelists.sector", "pk": "33181"}, {"fields": {"category": "332", "percentage": null, "name": "Tourism policy and administrative management", "vocabulary": null, "description": ""}, "model": "iati_codelists.sector", "pk": "33210"}, {"fields": {"category": "410", "percentage": null, "name": "Environmental policy and administrative management", "vocabulary": null, "description": "Environmental policy, laws, regulations and economic instruments;\n                administrational institutions and practices; environmental and land use planning and\n                decision-making procedures; seminars, meetings; miscellaneous conservation and\n                protection measures not specified below."}, "model": "iati_codelists.sector", "pk": "41010"}, {"fields": {"category": "410", "percentage": null, "name": "Biosphere protection", "vocabulary": null, "description": "Air pollution control, ozone layer preservation; marine pollution\n                control."}, "model": "iati_codelists.sector", "pk": "41020"}, {"fields": {"category": "410", "percentage": null, "name": "Bio-diversity", "vocabulary": null, "description": "Including natural reserves and actions in the surrounding areas; other measures\n                to protect endangered or vulnerable species and their habitats (e.g. wetlands\n                preservation)."}, "model": "iati_codelists.sector", "pk": "41030"}, {"fields": {"category": "410", "percentage": null, "name": "Site preservation", "vocabulary": null, "description": "Applies to unique cultural landscape; including sites/objects of historical,\n                archeological, aesthetic, scientific or educational value."}, "model": "iati_codelists.sector", "pk": "41040"}, {"fields": {"category": "410", "percentage": null, "name": "Flood prevention/control", "vocabulary": null, "description": "Floods from rivers or the sea; including sea water intrusion control and sea\n                level rise related activities."}, "model": "iati_codelists.sector", "pk": "41050"}, {"fields": {"category": "410", "percentage": null, "name": "Environmental education/ training", "vocabulary": null, "description": ""}, "model": "iati_codelists.sector", "pk": "41081"}, {"fields": {"category": "410", "percentage": null, "name": "Environmental research", "vocabulary": null, "description": "Including establishment of databases, inventories/accounts of physical and\n                natural resources; environmental profiles and impact studies if not sector\n                specific."}, "model": "iati_codelists.sector", "pk": "41082"}, {"fields": {"category": "430", "percentage": null, "name": "Multisector aid", "vocabulary": null, "description": ""}, "model": "iati_codelists.sector", "pk": "43010"}, {"fields": {"category": "430", "percentage": null, "name": "Urban development and management", "vocabulary": null, "description": "Integrated urban development projects; local development and urban management;\n                urban infrastructure and services; municipal finances; urban environmental management;\n                urban development and planning; urban renewal and urban housing; land information\n                systems."}, "model": "iati_codelists.sector", "pk": "43030"}, {"fields": {"category": "430", "percentage": null, "name": "Rural development", "vocabulary": null, "description": "Integrated rural development projects; e.g. regional development planning;\n                promotion of decentralised and multi-sectoral competence for planning, co-ordination and\n                management; implementation of regional development and measures (including natural\n                reserve management); land management; land use planning; land settlement and\n                resettlement activities [excluding resettlement of refugees and internally displaced\n                persons (72010)]; functional integration of rural and urban areas; geographical\n                information systems."}, "model": "iati_codelists.sector", "pk": "43040"}, {"fields": {"category": "430", "percentage": null, "name": "Non-agricultural alternative development", "vocabulary": null, "description": "Projects to reduce illicit drug cultivation through, for example,\n                non-agricultural income opportunities, social and physical infrastructure (see code\n                31165 for agricultural alternative development)."}, "model": "iati_codelists.sector", "pk": "43050"}, {"fields": {"category": "430", "percentage": null, "name": "Multisector education/training", "vocabulary": null, "description": "Including scholarships."}, "model": "iati_codelists.sector", "pk": "43081"}, {"fields": {"category": "430", "percentage": null, "name": "Research/scientific institutions", "vocabulary": null, "description": "When sector cannot be identified."}, "model": "iati_codelists.sector", "pk": "43082"}, {"fields": {"category": "510", "percentage": null, "name": "General budget support", "vocabulary": null, "description": "Unearmarked contributions to the government budget; support for the\n                implementation of macroeconomic reforms (structural adjustment programmes, poverty\n                reduction strategies); general programme assistance (when not allocable by\n                sector)."}, "model": "iati_codelists.sector", "pk": "51010"}, {"fields": {"category": "520", "percentage": null, "name": "Food aid/Food security programmes", "vocabulary": null, "description": "Supply of edible human food under national or international programmes\n                including transport costs; cash payments made for food supplies; project food aid and\n                food aid for market sales when benefiting sector not specified; excluding emergency food\n                aid."}, "model": "iati_codelists.sector", "pk": "52010"}, {"fields": {"category": "530", "percentage": null, "name": "Import support (capital goods)", "vocabulary": null, "description": "Capital goods and services; lines of credit."}, "model": "iati_codelists.sector", "pk": "53030"}, {"fields": {"category": "530", "percentage": null, "name": "Import support (commodities)", "vocabulary": null, "description": "Commodities, general goods and services, oil imports."}, "model": "iati_codelists.sector", "pk": "53040"}, {"fields": {"category": "600", "percentage": null, "name": "Action relating to debt", "vocabulary": null, "description": "Actions falling outside the code headings below; training in debt\n                management."}, "model": "iati_codelists.sector", "pk": "60010"}, {"fields": {"category": "600", "percentage": null, "name": "Debt forgiveness", "vocabulary": null, "description": ""}, "model": "iati_codelists.sector", "pk": "60020"}, {"fields": {"category": "600", "percentage": null, "name": "Relief of multilateral debt", "vocabulary": null, "description": "Grants or credits to cover debt owed to multilateral financial institutions;\n                including contributions to Heavily Indebted Poor Countries (HIPC) Trust\n                Fund."}, "model": "iati_codelists.sector", "pk": "60030"}, {"fields": {"category": "600", "percentage": null, "name": "Rescheduling and refinancing", "vocabulary": null, "description": ""}, "model": "iati_codelists.sector", "pk": "60040"}, {"fields": {"category": "600", "percentage": null, "name": "Debt for development swap", "vocabulary": null, "description": "Allocation of debt claims to use for development (e.g., debt for education,\n                debt for environment)."}, "model": "iati_codelists.sector", "pk": "60061"}, {"fields": {"category": "600", "percentage": null, "name": "Other debt swap", "vocabulary": null, "description": "Where the debt swap benefits an external agent i.e. is not specifically for\n                development purposes."}, "model": "iati_codelists.sector", "pk": "60062"}, {"fields": {"category": "600", "percentage": null, "name": "Debt buy-back", "vocabulary": null, "description": "Purchase of debt for the purpose of cancellation."}, "model": "iati_codelists.sector", "pk": "60063"}, {"fields": {"category": "720", "percentage": null, "name": "Material relief assistance and services", "vocabulary": null, "description": "Shelter, water, sanitation and health services, supply of medicines and other\n                non-food relief items; assistance to refugees and internally displaced people in\n                developing countries other than for food (72040) or protection (72050)."}, "model": "iati_codelists.sector", "pk": "72010"}, {"fields": {"category": "720", "percentage": null, "name": "Emergency food aid", "vocabulary": null, "description": "Food aid normally for general free distribution or special supplementary\n                feeding programmes; short-term relief to targeted population groups affected by\n                emergency situations. Excludes non-emergency food security assistance programmes/food\n                aid (52010)."}, "model": "iati_codelists.sector", "pk": "72040"}, {"fields": {"category": "720", "percentage": null, "name": "Relief co-ordination; protection and support services", "vocabulary": null, "description": "Measures to co-ordinate delivery of humanitarian aid, including logistics and\n                communications systems; measures to promote and protect the safety, well-being, dignity\n                and integrity of civilians and those no longer taking part in hostilities. (Activities\n                designed to protect the security of persons or property through the use or display of\n                force are not reportable as ODA.)"}, "model": "iati_codelists.sector", "pk": "72050"}, {"fields": {"category": "730", "percentage": null, "name": "Reconstruction relief and rehabilitation", "vocabulary": null, "description": "Short-term reconstruction work after emergency or conflict limited to restoring\n                pre-existing infrastructure (e.g. repair or construction of roads, bridges and ports,\n                restoration of essential facilities, such as water and sanitation, shelter, health care\n                services); social and economic rehabilitation in the aftermath of emergencies to\n                facilitate transition and enable populations to return to their previous livelihood or\n                develop a new livelihood in the wake of an emergency situation (e.g. trauma counselling\n                and treatment, employment programmes)."}, "model": "iati_codelists.sector", "pk": "73010"}, {"fields": {"category": "740", "percentage": null, "name": "Disaster prevention and preparedness", "vocabulary": null, "description": "Disaster risk reduction activities (e.g. developing knowledge, natural risks\n                cartography, legal norms for construction); early warning systems; emergency contingency\n                stocks and contingency planning including preparations for forced\n                displacement."}, "model": "iati_codelists.sector", "pk": "74010"}, {"fields": {"category": "910", "percentage": null, "name": "Administrative costs", "vocabulary": null, "description": ""}, "model": "iati_codelists.sector", "pk": "91010"}, {"fields": {"category": "920", "percentage": null, "name": "Support to national NGOs", "vocabulary": null, "description": "In the donor country."}, "model": "iati_codelists.sector", "pk": "92010"}, {"fields": {"category": "920", "percentage": null, "name": "Support to international NGOs", "vocabulary": null, "description": ""}, "model": "iati_codelists.sector", "pk": "92020"}, {"fields": {"category": "920", "percentage": null, "name": "Support to local and regional NGOs", "vocabulary": null, "description": "In the recipient country or region."}, "model": "iati_codelists.sector", "pk": "92030"}, {"fields": {"category": "930", "percentage": null, "name": "Refugees in donor countries", "vocabulary": null, "description": ""}, "model": "iati_codelists.sector", "pk": "93010"}, {"fields": {"category": "998", "percentage": null, "name": "Sectors not specified", "vocabulary": null, "description": "Contributions to general development of the recipient should be included under\n                programme assistance (51010)."}, "model": "iati_codelists.sector", "pk": "99810"}, {"fields": {"category": "998", "percentage": null, "name": "Promotion of development awareness", "vocabulary": null, "description": "Spending in donor country for heightened awareness/interest in development\n                co-operation (brochures, lectures, special research projects, etc.)."}, "model": "iati_codelists.sector", "pk": "99820"}, {"fields": {"codelist_iati_version": "2.01", "name": "Partially tied", "codelist_successor": null, "description": "Official Development Assistance for which the associated goods and services must be procured from a restricted number of countries, which must however include substantially all aid recipient countries and can include the donor country."}, "model": "iati_codelists.tiedstatus", "pk": "3"}, {"fields": {"codelist_iati_version": "2.01", "name": "Tied", "codelist_successor": null, "description": "Official grants or loans where procurement of the goods or services involved is limited to the donor country or to a group of countries which does not include substantially all aid recipient countries."}, "model": "iati_codelists.tiedstatus", "pk": "4"}, {"fields": {"codelist_iati_version": "2.01", "name": "Untied", "codelist_successor": null, "description": "Untied aid is defined as loans and grants whose proceeds are fully and freely available to finance procurement from all OECD countries and substantially all developing countries."}, "model": "iati_codelists.tiedstatus", "pk": "5"}, {"fields": {"codelist_iati_version": "2.01", "name": "Not verified", "codelist_successor": null, "description": "The data published for the activity has not been verified"}, "model": "iati_codelists.verificationstatus", "pk": "0"}, {"fields": {"codelist_iati_version": "2.01", "name": "Verified", "codelist_successor": null, "description": "The data published for the activity has been verified. "}, "model": "iati_codelists.verificationstatus", "pk": "1"}, {"fields": {"codelist_iati_version": "2.01", "name": "Global", "codelist_successor": null, "description": "The activity scope is global"}, "model": "iati_codelists.activityscope", "pk": "1"}, {"fields": {"codelist_iati_version": "2.01", "name": "Regional", "codelist_successor": null, "description": "The activity scope is a supranational region"}, "model": "iati_codelists.activityscope", "pk": "2"}, {"fields": {"codelist_iati_version": "2.01", "name": "Multi-national", "codelist_successor": null, "description": "The activity scope covers multiple countries, that don't constitute a region"}, "model": "iati_codelists.activityscope", "pk": "3"}, {"fields": {"codelist_iati_version": "2.01", "name": "National", "codelist_successor": null, "description": "The activity scope covers one country"}, "model": "iati_codelists.activityscope", "pk": "4"}, {"fields": {"codelist_iati_version": "2.01", "name": "Sub-national: Multi-first-level administrative areas", "codelist_successor": null, "description": "The activity scope covers more than one first-level subnational administrative areas (e.g. counties, provinces, states)"}, "model": "iati_codelists.activityscope", "pk": "5"}, {"fields": {"codelist_iati_version": "2.01", "name": "Sub-national: Single first-level administrative area", "codelist_successor": null, "description": "The activity scope covers one first-level subnational administrative area (e.g. country, province, state)"}, "model": "iati_codelists.activityscope", "pk": "6"}, {"fields": {"codelist_iati_version": "2.01", "name": "Sub-national: Single second-level administrative area", "codelist_successor": null, "description": "The activity scope covers one second-level subnational administrative area (e.g. municipality or district)"}, "model": "iati_codelists.activityscope", "pk": "7"}, {"fields": {"codelist_iati_version": "2.01", "name": "Single location", "codelist_successor": null, "description": "The activity scope covers one single location (e.g. town, village, farm)"}, "model": "iati_codelists.activityscope", "pk": "8"}, {"fields": {"codelist_iati_version": "2.01", "name": "General Public Service", "codelist_successor": null, "description": ""}, "model": "iati_codelists.budgetidentifiersectorcategory", "pk": "1"}, {"fields": {"codelist_iati_version": "2.01", "name": "Justice, Law, Order and Security", "codelist_successor": null, "description": ""}, "model": "iati_codelists.budgetidentifiersectorcategory", "pk": "2"}, {"fields": {"codelist_iati_version": "2.01", "name": "Economic Affairs", "codelist_successor": null, "description": ""}, "model": "iati_codelists.budgetidentifiersectorcategory", "pk": "3"}, {"fields": {"codelist_iati_version": "2.01", "name": "Water, Natural Resource Management and Environment", "codelist_successor": null, "description": ""}, "model": "iati_codelists.budgetidentifiersectorcategory", "pk": "4"}, {"fields": {"codelist_iati_version": "2.01", "name": "Social Affairs", "codelist_successor": null, "description": ""}, "model": "iati_codelists.budgetidentifiersectorcategory", "pk": "5"}, {"fields": {"codelist_iati_version": "2.01", "name": "Development Partner Affairs", "codelist_successor": null, "description": ""}, "model": "iati_codelists.budgetidentifiersectorcategory", "pk": "6"}, {"fields": {"codelist_iati_version": "2.01", "name": "General Budget Support and Aid support external to General Government Sector", "codelist_successor": null, "description": ""}, "model": "iati_codelists.budgetidentifiersectorcategory", "pk": "7"}, {"fields": {"category": "1", "codelist_iati_version": "2.01", "name": "Executive", "codelist_successor": null, "description": ""}, "model": "iati_codelists.budgetidentifiersector", "pk": "1.1"}, {"fields": {"category": "1", "codelist_iati_version": "2.01", "name": "Legislative", "codelist_successor": null, "description": ""}, "model": "iati_codelists.budgetidentifiersector", "pk": "1.2"}, {"fields": {"category": "1", "codelist_iati_version": "2.01", "name": "Accountability", "codelist_successor": null, "description": ""}, "model": "iati_codelists.budgetidentifiersector", "pk": "1.3"}, {"fields": {"category": "1", "codelist_iati_version": "2.01", "name": "External Affairs", "codelist_successor": null, "description": ""}, "model": "iati_codelists.budgetidentifiersector", "pk": "1.4"}, {"fields": {"category": "1", "codelist_iati_version": "2.01", "name": "General Personnel Services", "codelist_successor": null, "description": ""}, "model": "iati_codelists.budgetidentifiersector", "pk": "1.5"}, {"fields": {"category": "1", "codelist_iati_version": "2.01", "name": "Statistics", "codelist_successor": null, "description": ""}, "model": "iati_codelists.budgetidentifiersector", "pk": "1.6"}, {"fields": {"category": "1", "codelist_iati_version": "2.01", "name": "Other General Services", "codelist_successor": null, "description": ""}, "model": "iati_codelists.budgetidentifiersector", "pk": "1.7"}, {"fields": {"category": "1", "codelist_iati_version": "2.01", "name": "Elections", "codelist_successor": null, "description": ""}, "model": "iati_codelists.budgetidentifiersector", "pk": "1.8"}, {"fields": {"category": "2", "codelist_iati_version": "2.01", "name": "Justice, Law and Order", "codelist_successor": null, "description": ""}, "model": "iati_codelists.budgetidentifiersector", "pk": "2.1"}, {"fields": {"category": "2", "codelist_iati_version": "2.01", "name": "Defence", "codelist_successor": null, "description": ""}, "model": "iati_codelists.budgetidentifiersector", "pk": "2.2"}, {"fields": {"category": "3", "codelist_iati_version": "2.01", "name": "General Economic, Commercial and Labour Affairs", "codelist_successor": null, "description": ""}, "model": "iati_codelists.budgetidentifiersector", "pk": "3.1"}, {"fields": {"category": "3", "codelist_iati_version": "2.01", "name": "Communications", "codelist_successor": null, "description": ""}, "model": "iati_codelists.budgetidentifiersector", "pk": "3.10"}, {"fields": {"category": "3", "codelist_iati_version": "2.01", "name": "Tourism", "codelist_successor": null, "description": ""}, "model": "iati_codelists.budgetidentifiersector", "pk": "3.11"}, {"fields": {"category": "3", "codelist_iati_version": "2.01", "name": "Microfinance and financial services", "codelist_successor": null, "description": ""}, "model": "iati_codelists.budgetidentifiersector", "pk": "3.12"}, {"fields": {"category": "3", "codelist_iati_version": "2.01", "name": "Public Works", "codelist_successor": null, "description": ""}, "model": "iati_codelists.budgetidentifiersector", "pk": "3.2"}, {"fields": {"category": "3", "codelist_iati_version": "2.01", "name": "Agriculture", "codelist_successor": null, "description": ""}, "model": "iati_codelists.budgetidentifiersector", "pk": "3.3"}, {"fields": {"category": "3", "codelist_iati_version": "2.01", "name": "Forestry", "codelist_successor": null, "description": ""}, "model": "iati_codelists.budgetidentifiersector", "pk": "3.4"}, {"fields": {"category": "3", "codelist_iati_version": "2.01", "name": "Fishing and Hunting", "codelist_successor": null, "description": ""}, "model": "iati_codelists.budgetidentifiersector", "pk": "3.5"}, {"fields": {"category": "3", "codelist_iati_version": "2.01", "name": "Energy", "codelist_successor": null, "description": ""}, "model": "iati_codelists.budgetidentifiersector", "pk": "3.6"}, {"fields": {"category": "3", "codelist_iati_version": "2.01", "name": "Mining and Mineral Development", "codelist_successor": null, "description": ""}, "model": "iati_codelists.budgetidentifiersector", "pk": "3.7"}, {"fields": {"category": "3", "codelist_iati_version": "2.01", "name": "Transport", "codelist_successor": null, "description": ""}, "model": "iati_codelists.budgetidentifiersector", "pk": "3.8"}, {"fields": {"category": "3", "codelist_iati_version": "2.01", "name": "Industry", "codelist_successor": null, "description": ""}, "model": "iati_codelists.budgetidentifiersector", "pk": "3.9"}, {"fields": {"category": "4", "codelist_iati_version": "2.01", "name": "Water supply and Sanitation", "codelist_successor": null, "description": ""}, "model": "iati_codelists.budgetidentifiersector", "pk": "4.1"}, {"fields": {"category": "4", "codelist_iati_version": "2.01", "name": "Environment", "codelist_successor": null, "description": ""}, "model": "iati_codelists.budgetidentifiersector", "pk": "4.2"}, {"fields": {"category": "5", "codelist_iati_version": "2.01", "name": "Health", "codelist_successor": null, "description": ""}, "model": "iati_codelists.budgetidentifiersector", "pk": "5.1"}, {"fields": {"category": "5", "codelist_iati_version": "2.01", "name": "Recreation, Culture and Religion", "codelist_successor": null, "description": ""}, "model": "iati_codelists.budgetidentifiersector", "pk": "5.2"}, {"fields": {"category": "5", "codelist_iati_version": "2.01", "name": "Education", "codelist_successor": null, "description": ""}, "model": "iati_codelists.budgetidentifiersector", "pk": "5.3"}, {"fields": {"category": "5", "codelist_iati_version": "2.01", "name": "Social Protection, Land Housing and Community Amenities", "codelist_successor": null, "description": ""}, "model": "iati_codelists.budgetidentifiersector", "pk": "5.4"}, {"fields": {"category": "6", "codelist_iati_version": "2.01", "name": "Development Partner affairs", "codelist_successor": null, "description": ""}, "model": "iati_codelists.budgetidentifiersector", "pk": "6.1"}, {"fields": {"category": "7", "codelist_iati_version": "2.01", "name": "External to government sector", "codelist_successor": null, "description": ""}, "model": "iati_codelists.budgetidentifiersector", "pk": "7.1"}, {"fields": {"category": "7", "codelist_iati_version": "2.01", "name": "General Budget Support", "codelist_successor": null, "description": ""}, "model": "iati_codelists.budgetidentifiersector", "pk": "7.2"}, {"fields": {"category": "1.1", "name": "Executive - executive", "codelist_successor": null, "codelist_iati_version": "2.01", "vocabulary": null, "description": ""}, "model": "iati_codelists.budgetidentifier", "pk": "1.1.1"}, {"fields": {"category": "1.2", "name": "Legislative - legislative", "codelist_successor": null, "codelist_iati_version": "2.01", "vocabulary": null, "description": ""}, "model": "iati_codelists.budgetidentifier", "pk": "1.2.1"}, {"fields": {"category": "1.3", "name": "Accountability - macroeconomic policy", "codelist_successor": null, "codelist_iati_version": "2.01", "vocabulary": null, "description": ""}, "model": "iati_codelists.budgetidentifier", "pk": "1.3.1"}, {"fields": {"category": "1.3", "name": "Accountability - national audit", "codelist_successor": null, "codelist_iati_version": "2.01", "vocabulary": null, "description": ""}, "model": "iati_codelists.budgetidentifier", "pk": "1.3.10"}, {"fields": {"category": "1.3", "name": "Accountability - national monitoring and evaluation", "codelist_successor": null, "codelist_iati_version": "2.01", "vocabulary": null, "description": ""}, "model": "iati_codelists.budgetidentifier", "pk": "1.3.11"}, {"fields": {"category": "1.3", "name": "Accountability - monetary institutions", "codelist_successor": null, "codelist_iati_version": "2.01", "vocabulary": null, "description": ""}, "model": "iati_codelists.budgetidentifier", "pk": "1.3.12"}, {"fields": {"category": "1.3", "name": "Accountability - financial sector policy and regulation", "codelist_successor": null, "codelist_iati_version": "2.01", "vocabulary": null, "description": ""}, "model": "iati_codelists.budgetidentifier", "pk": "1.3.13"}, {"fields": {"category": "1.3", "name": "Accountability - budgeting", "codelist_successor": null, "codelist_iati_version": "2.01", "vocabulary": null, "description": ""}, "model": "iati_codelists.budgetidentifier", "pk": "1.3.2"}, {"fields": {"category": "1.3", "name": "Accountability - planning", "codelist_successor": null, "codelist_iati_version": "2.01", "vocabulary": null, "description": ""}, "model": "iati_codelists.budgetidentifier", "pk": "1.3.3"}, {"fields": {"category": "1.3", "name": "Accountability - Treasury/Accounts", "codelist_successor": null, "codelist_iati_version": "2.01", "vocabulary": null, "description": ""}, "model": "iati_codelists.budgetidentifier", "pk": "1.3.4"}, {"fields": {"category": "1.3", "name": "Accountability - debt and aid management", "codelist_successor": null, "codelist_iati_version": "2.01", "vocabulary": null, "description": ""}, "model": "iati_codelists.budgetidentifier", "pk": "1.3.5"}, {"fields": {"category": "1.3", "name": "Accountability - tax policy", "codelist_successor": null, "codelist_iati_version": "2.01", "vocabulary": null, "description": ""}, "model": "iati_codelists.budgetidentifier", "pk": "1.3.6"}, {"fields": {"category": "1.3", "name": "Accountability - tax collection", "codelist_successor": null, "codelist_iati_version": "2.01", "vocabulary": null, "description": ""}, "model": "iati_codelists.budgetidentifier", "pk": "1.3.7"}, {"fields": {"category": "1.3", "name": "Accountability - local government finance", "codelist_successor": null, "codelist_iati_version": "2.01", "vocabulary": null, "description": ""}, "model": "iati_codelists.budgetidentifier", "pk": "1.3.8"}, {"fields": {"category": "1.3", "name": "Accountability - other central transfers to institutions ", "codelist_successor": null, "codelist_iati_version": "2.01", "vocabulary": null, "description": ""}, "model": "iati_codelists.budgetidentifier", "pk": "1.3.9"}, {"fields": {"category": "1.4", "name": "External Affairs - foreign affairs ", "codelist_successor": null, "codelist_iati_version": "2.01", "vocabulary": null, "description": ""}, "model": "iati_codelists.budgetidentifier", "pk": "1.4.1"}, {"fields": {"category": "1.4", "name": "External Affairs - diplomatic missions", "codelist_successor": null, "codelist_iati_version": "2.01", "vocabulary": null, "description": ""}, "model": "iati_codelists.budgetidentifier", "pk": "1.4.2"}, {"fields": {"category": "1.4", "name": "External Affairs - official development assistance", "codelist_successor": null, "codelist_iati_version": "2.01", "vocabulary": null, "description": ""}, "model": "iati_codelists.budgetidentifier", "pk": "1.4.3"}, {"fields": {"category": "1.5", "name": "General Personnel Services - general personnel services", "codelist_successor": null, "codelist_iati_version": "2.01", "vocabulary": null, "description": ""}, "model": "iati_codelists.budgetidentifier", "pk": "1.5.1"}, {"fields": {"category": "1.6", "name": "Statistics - statistics", "codelist_successor": null, "codelist_iati_version": "2.01", "vocabulary": null, "description": ""}, "model": "iati_codelists.budgetidentifier", "pk": "1.6.1"}, {"fields": {"category": "1.7", "name": "Other General Services - support to civil society ", "codelist_successor": null, "codelist_iati_version": "2.01", "vocabulary": null, "description": ""}, "model": "iati_codelists.budgetidentifier", "pk": "1.7.1"}, {"fields": {"category": "1.7", "name": "Other General Services - central procurement", "codelist_successor": null, "codelist_iati_version": "2.01", "vocabulary": null, "description": ""}, "model": "iati_codelists.budgetidentifier", "pk": "1.7.2"}, {"fields": {"category": "1.7", "name": "Other General Services - Local Government Administration", "codelist_successor": null, "codelist_iati_version": "2.01", "vocabulary": null, "description": ""}, "model": "iati_codelists.budgetidentifier", "pk": "1.7.3"}, {"fields": {"category": "1.7", "name": "Other General Services - other general services", "codelist_successor": null, "codelist_iati_version": "2.01", "vocabulary": null, "description": ""}, "model": "iati_codelists.budgetidentifier", "pk": "1.7.4"}, {"fields": {"category": "1.8", "name": "Elections - elections", "codelist_successor": null, "codelist_iati_version": "2.01", "vocabulary": null, "description": ""}, "model": "iati_codelists.budgetidentifier", "pk": "1.8.1"}, {"fields": {"category": "2.1", "name": "Justice, Law and Order - policy, planning and administration", "codelist_successor": null, "codelist_iati_version": "2.01", "vocabulary": null, "description": ""}, "model": "iati_codelists.budgetidentifier", "pk": "2.1.1"}, {"fields": {"category": "2.1", "name": "Justice, Law and Order - demobilisation", "codelist_successor": null, "codelist_iati_version": "2.01", "vocabulary": null, "description": ""}, "model": "iati_codelists.budgetidentifier", "pk": "2.1.10"}, {"fields": {"category": "2.1", "name": "Justice, Law and Order - police", "codelist_successor": null, "codelist_iati_version": "2.01", "vocabulary": null, "description": ""}, "model": "iati_codelists.budgetidentifier", "pk": "2.1.2"}, {"fields": {"category": "2.1", "name": "Justice, Law and Order - judicial affairs", "codelist_successor": null, "codelist_iati_version": "2.01", "vocabulary": null, "description": ""}, "model": "iati_codelists.budgetidentifier", "pk": "2.1.3"}, {"fields": {"category": "2.1", "name": "Justice, Law and Order - Ombudsman", "codelist_successor": null, "codelist_iati_version": "2.01", "vocabulary": null, "description": ""}, "model": "iati_codelists.budgetidentifier", "pk": "2.1.4"}, {"fields": {"category": "2.1", "name": "Justice, Law and Order - human rights affairs", "codelist_successor": null, "codelist_iati_version": "2.01", "vocabulary": null, "description": ""}, "model": "iati_codelists.budgetidentifier", "pk": "2.1.5"}, {"fields": {"category": "2.1", "name": "Justice, Law and Order - immigration", "codelist_successor": null, "codelist_iati_version": "2.01", "vocabulary": null, "description": ""}, "model": "iati_codelists.budgetidentifier", "pk": "2.1.6"}, {"fields": {"category": "2.1", "name": "Justice, Law and Order - anti corruption", "codelist_successor": null, "codelist_iati_version": "2.01", "vocabulary": null, "description": ""}, "model": "iati_codelists.budgetidentifier", "pk": "2.1.7"}, {"fields": {"category": "2.1", "name": "Justice, Law and Order - prisons", "codelist_successor": null, "codelist_iati_version": "2.01", "vocabulary": null, "description": ""}, "model": "iati_codelists.budgetidentifier", "pk": "2.1.8"}, {"fields": {"category": "2.1", "name": "Justice, Law and Order - peace building", "codelist_successor": null, "codelist_iati_version": "2.01", "vocabulary": null, "description": ""}, "model": "iati_codelists.budgetidentifier", "pk": "2.1.9"}, {"fields": {"category": "2.2", "name": "Defence - policy, planning and administration", "codelist_successor": null, "codelist_iati_version": "2.01", "vocabulary": null, "description": ""}, "model": "iati_codelists.budgetidentifier", "pk": "2.2.1"}, {"fields": {"category": "2.2", "name": "Defence - military", "codelist_successor": null, "codelist_iati_version": "2.01", "vocabulary": null, "description": ""}, "model": "iati_codelists.budgetidentifier", "pk": "2.2.2"}, {"fields": {"category": "2.2", "name": "Defence - civil defence", "codelist_successor": null, "codelist_iati_version": "2.01", "vocabulary": null, "description": ""}, "model": "iati_codelists.budgetidentifier", "pk": "2.2.3"}, {"fields": {"category": "2.2", "name": "Defence - foreign military aid", "codelist_successor": null, "codelist_iati_version": "2.01", "vocabulary": null, "description": ""}, "model": "iati_codelists.budgetidentifier", "pk": "2.2.4"}, {"fields": {"category": "3.10", "name": "Communications - policy, planning and administration", "codelist_successor": null, "codelist_iati_version": "2.01", "vocabulary": null, "description": ""}, "model": "iati_codelists.budgetidentifier", "pk": "3.10.1"}, {"fields": {"category": "3.10", "name": "Communications - ICT Infrastructure", "codelist_successor": null, "codelist_iati_version": "2.01", "vocabulary": null, "description": ""}, "model": "iati_codelists.budgetidentifier", "pk": "3.10.2"}, {"fields": {"category": "3.10", "name": "Communications - telecoms and postal services", "codelist_successor": null, "codelist_iati_version": "2.01", "vocabulary": null, "description": ""}, "model": "iati_codelists.budgetidentifier", "pk": "3.10.3"}, {"fields": {"category": "3.10", "name": "Communications - information services", "codelist_successor": null, "codelist_iati_version": "2.01", "vocabulary": null, "description": ""}, "model": "iati_codelists.budgetidentifier", "pk": "3.10.4"}, {"fields": {"category": "3.1", "name": "General Economic, Commercial and Labour Affairs - policy, planning and administration", "codelist_successor": null, "codelist_iati_version": "2.01", "vocabulary": null, "description": ""}, "model": "iati_codelists.budgetidentifier", "pk": "3.1.1"}, {"fields": {"category": "3.11", "name": "Tourism - policy, planning and administration", "codelist_successor": null, "codelist_iati_version": "2.01", "vocabulary": null, "description": ""}, "model": "iati_codelists.budgetidentifier", "pk": "3.11.1"}, {"fields": {"category": "3.11", "name": "Tourism - services", "codelist_successor": null, "codelist_iati_version": "2.01", "vocabulary": null, "description": ""}, "model": "iati_codelists.budgetidentifier", "pk": "3.11.2"}, {"fields": {"category": "3.1", "name": "General Economic, Commercial and Labour Affairs - general economic affairs", "codelist_successor": null, "codelist_iati_version": "2.01", "vocabulary": null, "description": ""}, "model": "iati_codelists.budgetidentifier", "pk": "3.1.2"}, {"fields": {"category": "3.12", "name": "Microfinance and financial services - Microfinance and financial services", "codelist_successor": null, "codelist_iati_version": "2.01", "vocabulary": null, "description": ""}, "model": "iati_codelists.budgetidentifier", "pk": "3.12.1"}, {"fields": {"category": "3.1", "name": "General Economic, Commercial and Labour Affairs - investment promotion", "codelist_successor": null, "codelist_iati_version": "2.01", "vocabulary": null, "description": ""}, "model": "iati_codelists.budgetidentifier", "pk": "3.1.3"}, {"fields": {"category": "3.1", "name": "General Economic, Commercial and Labour Affairs - privatisation", "codelist_successor": null, "codelist_iati_version": "2.01", "vocabulary": null, "description": ""}, "model": "iati_codelists.budgetidentifier", "pk": "3.1.4"}, {"fields": {"category": "3.1", "name": "General Economic, Commercial and Labour Affairs - trade", "codelist_successor": null, "codelist_iati_version": "2.01", "vocabulary": null, "description": ""}, "model": "iati_codelists.budgetidentifier", "pk": "3.1.5"}, {"fields": {"category": "3.1", "name": "General Economic, Commercial and Labour Affairs - labour", "codelist_successor": null, "codelist_iati_version": "2.01", "vocabulary": null, "description": ""}, "model": "iati_codelists.budgetidentifier", "pk": "3.1.6"}, {"fields": {"category": "3.1", "name": "General Economic, Commercial and Labour Affairs - national standards development", "codelist_successor": null, "codelist_iati_version": "2.01", "vocabulary": null, "description": ""}, "model": "iati_codelists.budgetidentifier", "pk": "3.1.7"}, {"fields": {"category": "3.2", "name": "Public Works - policy, planning and administration", "codelist_successor": null, "codelist_iati_version": "2.01", "vocabulary": null, "description": ""}, "model": "iati_codelists.budgetidentifier", "pk": "3.2.1"}, {"fields": {"category": "3.2", "name": "Public Works - construction regulation", "codelist_successor": null, "codelist_iati_version": "2.01", "vocabulary": null, "description": ""}, "model": "iati_codelists.budgetidentifier", "pk": "3.2.2"}, {"fields": {"category": "3.2", "name": "Public Works - mechanical services", "codelist_successor": null, "codelist_iati_version": "2.01", "vocabulary": null, "description": ""}, "model": "iati_codelists.budgetidentifier", "pk": "3.2.3"}, {"fields": {"category": "3.3", "name": "Agriculture - policy, planning and administration", "codelist_successor": null, "codelist_iati_version": "2.01", "vocabulary": null, "description": ""}, "model": "iati_codelists.budgetidentifier", "pk": "3.3.1"}, {"fields": {"category": "3.3", "name": "Agriculture - irrigation", "codelist_successor": null, "codelist_iati_version": "2.01", "vocabulary": null, "description": ""}, "model": "iati_codelists.budgetidentifier", "pk": "3.3.2"}, {"fields": {"category": "3.3", "name": "Agriculture - inputs", "codelist_successor": null, "codelist_iati_version": "2.01", "vocabulary": null, "description": ""}, "model": "iati_codelists.budgetidentifier", "pk": "3.3.3"}, {"fields": {"category": "3.3", "name": "Agriculture - food crop", "codelist_successor": null, "codelist_iati_version": "2.01", "vocabulary": null, "description": ""}, "model": "iati_codelists.budgetidentifier", "pk": "3.3.4"}, {"fields": {"category": "3.3", "name": "Agriculture - industrial crop", "codelist_successor": null, "codelist_iati_version": "2.01", "vocabulary": null, "description": ""}, "model": "iati_codelists.budgetidentifier", "pk": "3.3.5"}, {"fields": {"category": "3.3", "name": "Agriculture - livestock", "codelist_successor": null, "codelist_iati_version": "2.01", "vocabulary": null, "description": ""}, "model": "iati_codelists.budgetidentifier", "pk": "3.3.6"}, {"fields": {"category": "3.3", "name": "Agriculture - agricultural training and extension", "codelist_successor": null, "codelist_iati_version": "2.01", "vocabulary": null, "description": ""}, "model": "iati_codelists.budgetidentifier", "pk": "3.3.7"}, {"fields": {"category": "3.3", "name": "Agriculture - research", "codelist_successor": null, "codelist_iati_version": "2.01", "vocabulary": null, "description": ""}, "model": "iati_codelists.budgetidentifier", "pk": "3.3.8"}, {"fields": {"category": "3.3", "name": "Agriculture - other services", "codelist_successor": null, "codelist_iati_version": "2.01", "vocabulary": null, "description": ""}, "model": "iati_codelists.budgetidentifier", "pk": "3.3.9"}, {"fields": {"category": "3.4", "name": "Forestry - policy, planning and administration", "codelist_successor": null, "codelist_iati_version": "2.01", "vocabulary": null, "description": ""}, "model": "iati_codelists.budgetidentifier", "pk": "3.4.1"}, {"fields": {"category": "3.4", "name": "Forestry - development and services", "codelist_successor": null, "codelist_iati_version": "2.01", "vocabulary": null, "description": ""}, "model": "iati_codelists.budgetidentifier", "pk": "3.4.2"}, {"fields": {"category": "3.4", "name": "Forestry - education/training", "codelist_successor": null, "codelist_iati_version": "2.01", "vocabulary": null, "description": ""}, "model": "iati_codelists.budgetidentifier", "pk": "3.4.3"}, {"fields": {"category": "3.4", "name": "Forestry - research", "codelist_successor": null, "codelist_iati_version": "2.01", "vocabulary": null, "description": ""}, "model": "iati_codelists.budgetidentifier", "pk": "3.4.4"}, {"fields": {"category": "3.5", "name": "Fishing and Hunting - policy, planning and administration", "codelist_successor": null, "codelist_iati_version": "2.01", "vocabulary": null, "description": ""}, "model": "iati_codelists.budgetidentifier", "pk": "3.5.1"}, {"fields": {"category": "3.5", "name": "Fishing and Hunting - development and services", "codelist_successor": null, "codelist_iati_version": "2.01", "vocabulary": null, "description": ""}, "model": "iati_codelists.budgetidentifier", "pk": "3.5.2"}, {"fields": {"category": "3.5", "name": "Fishing and Hunting - education and training", "codelist_successor": null, "codelist_iati_version": "2.01", "vocabulary": null, "description": ""}, "model": "iati_codelists.budgetidentifier", "pk": "3.5.3"}, {"fields": {"category": "3.5", "name": "Fishing and Hunting - research", "codelist_successor": null, "codelist_iati_version": "2.01", "vocabulary": null, "description": ""}, "model": "iati_codelists.budgetidentifier", "pk": "3.5.4"}, {"fields": {"category": "3.6", "name": "Energy - policy, planning and administration", "codelist_successor": null, "codelist_iati_version": "2.01", "vocabulary": null, "description": ""}, "model": "iati_codelists.budgetidentifier", "pk": "3.6.1"}, {"fields": {"category": "3.6", "name": "Energy - education and training", "codelist_successor": null, "codelist_iati_version": "2.01", "vocabulary": null, "description": ""}, "model": "iati_codelists.budgetidentifier", "pk": "3.6.2"}, {"fields": {"category": "3.6", "name": "Energy - energy regulation", "codelist_successor": null, "codelist_iati_version": "2.01", "vocabulary": null, "description": ""}, "model": "iati_codelists.budgetidentifier", "pk": "3.6.3"}, {"fields": {"category": "3.6", "name": "Energy - electricity transmission", "codelist_successor": null, "codelist_iati_version": "2.01", "vocabulary": null, "description": ""}, "model": "iati_codelists.budgetidentifier", "pk": "3.6.4"}, {"fields": {"category": "3.6", "name": "Energy - nuclear", "codelist_successor": null, "codelist_iati_version": "2.01", "vocabulary": null, "description": ""}, "model": "iati_codelists.budgetidentifier", "pk": "3.6.5"}, {"fields": {"category": "3.6", "name": "Energy - power generation", "codelist_successor": null, "codelist_iati_version": "2.01", "vocabulary": null, "description": ""}, "model": "iati_codelists.budgetidentifier", "pk": "3.6.6"}, {"fields": {"category": "3.6", "name": "Energy - gas ", "codelist_successor": null, "codelist_iati_version": "2.01", "vocabulary": null, "description": ""}, "model": "iati_codelists.budgetidentifier", "pk": "3.6.7"}, {"fields": {"category": "3.7", "name": "Mining and Mineral Development - policy, planning and administration", "codelist_successor": null, "codelist_iati_version": "2.01", "vocabulary": null, "description": ""}, "model": "iati_codelists.budgetidentifier", "pk": "3.7.1"}, {"fields": {"category": "3.7", "name": "Mining and Mineral Development - prospection and exploration", "codelist_successor": null, "codelist_iati_version": "2.01", "vocabulary": null, "description": ""}, "model": "iati_codelists.budgetidentifier", "pk": "3.7.2"}, {"fields": {"category": "3.7", "name": "Mining and Mineral Development - coal and other solid mineral fuels", "codelist_successor": null, "codelist_iati_version": "2.01", "vocabulary": null, "description": ""}, "model": "iati_codelists.budgetidentifier", "pk": "3.7.3"}, {"fields": {"category": "3.7", "name": "Mining and Mineral Development - petroleum and gas", "codelist_successor": null, "codelist_iati_version": "2.01", "vocabulary": null, "description": ""}, "model": "iati_codelists.budgetidentifier", "pk": "3.7.4"}, {"fields": {"category": "3.7", "name": "Mining and Mineral Development - other fuel", "codelist_successor": null, "codelist_iati_version": "2.01", "vocabulary": null, "description": ""}, "model": "iati_codelists.budgetidentifier", "pk": "3.7.6"}, {"fields": {"category": "3.7", "name": "Mining and Mineral Development - non fuel minerals", "codelist_successor": null, "codelist_iati_version": "2.01", "vocabulary": null, "description": ""}, "model": "iati_codelists.budgetidentifier", "pk": "3.7.7"}, {"fields": {"category": "3.8", "name": "Transport - policy, planning and administration", "codelist_successor": null, "codelist_iati_version": "2.01", "vocabulary": null, "description": ""}, "model": "iati_codelists.budgetidentifier", "pk": "3.8.1"}, {"fields": {"category": "3.8", "name": "Transport - pipeline", "codelist_successor": null, "codelist_iati_version": "2.01", "vocabulary": null, "description": ""}, "model": "iati_codelists.budgetidentifier", "pk": "3.8.10"}, {"fields": {"category": "3.8", "name": "Transport - storage and distribution", "codelist_successor": null, "codelist_iati_version": "2.01", "vocabulary": null, "description": ""}, "model": "iati_codelists.budgetidentifier", "pk": "3.8.11"}, {"fields": {"category": "3.8", "name": "Transport - public transport services", "codelist_successor": null, "codelist_iati_version": "2.01", "vocabulary": null, "description": ""}, "model": "iati_codelists.budgetidentifier", "pk": "3.8.12"}, {"fields": {"category": "3.8", "name": "Transport - meteorological services", "codelist_successor": null, "codelist_iati_version": "2.01", "vocabulary": null, "description": ""}, "model": "iati_codelists.budgetidentifier", "pk": "3.8.13"}, {"fields": {"category": "3.8", "name": "Transport - education and training", "codelist_successor": null, "codelist_iati_version": "2.01", "vocabulary": null, "description": ""}, "model": "iati_codelists.budgetidentifier", "pk": "3.8.14"}, {"fields": {"category": "3.8", "name": "Transport - transport regulation", "codelist_successor": null, "codelist_iati_version": "2.01", "vocabulary": null, "description": ""}, "model": "iati_codelists.budgetidentifier", "pk": "3.8.2"}, {"fields": {"category": "3.8", "name": "Transport - feeder road construction", "codelist_successor": null, "codelist_iati_version": "2.01", "vocabulary": null, "description": ""}, "model": "iati_codelists.budgetidentifier", "pk": "3.8.3"}, {"fields": {"category": "3.8", "name": "Transport - feeder road maintenance", "codelist_successor": null, "codelist_iati_version": "2.01", "vocabulary": null, "description": ""}, "model": "iati_codelists.budgetidentifier", "pk": "3.8.4"}, {"fields": {"category": "3.8", "name": "Transport - national road construction", "codelist_successor": null, "codelist_iati_version": "2.01", "vocabulary": null, "description": ""}, "model": "iati_codelists.budgetidentifier", "pk": "3.8.5"}, {"fields": {"category": "3.8", "name": "Transport - national road maintenance", "codelist_successor": null, "codelist_iati_version": "2.01", "vocabulary": null, "description": ""}, "model": "iati_codelists.budgetidentifier", "pk": "3.8.6"}, {"fields": {"category": "3.8", "name": "Transport - rail", "codelist_successor": null, "codelist_iati_version": "2.01", "vocabulary": null, "description": ""}, "model": "iati_codelists.budgetidentifier", "pk": "3.8.7"}, {"fields": {"category": "3.8", "name": "Transport - water", "codelist_successor": null, "codelist_iati_version": "2.01", "vocabulary": null, "description": ""}, "model": "iati_codelists.budgetidentifier", "pk": "3.8.8"}, {"fields": {"category": "3.8", "name": "Transport - air", "codelist_successor": null, "codelist_iati_version": "2.01", "vocabulary": null, "description": ""}, "model": "iati_codelists.budgetidentifier", "pk": "3.8.9"}, {"fields": {"category": "3.9", "name": "Industry - policy, planning and administration", "codelist_successor": null, "codelist_iati_version": "2.01", "vocabulary": null, "description": ""}, "model": "iati_codelists.budgetidentifier", "pk": "3.9.1"}, {"fields": {"category": "3.9", "name": "Industry - development and services", "codelist_successor": null, "codelist_iati_version": "2.01", "vocabulary": null, "description": ""}, "model": "iati_codelists.budgetidentifier", "pk": "3.9.2"}, {"fields": {"category": "3.9", "name": "Industry - industrial research", "codelist_successor": null, "codelist_iati_version": "2.01", "vocabulary": null, "description": ""}, "model": "iati_codelists.budgetidentifier", "pk": "3.9.3"}, {"fields": {"category": "3.9", "name": "Industry - (investment in industry)", "codelist_successor": null, "codelist_iati_version": "2.01", "vocabulary": null, "description": ""}, "model": "iati_codelists.budgetidentifier", "pk": "3.9.4"}, {"fields": {"category": "4.1", "name": "Water supply and Sanitation - policy, planning and administration", "codelist_successor": null, "codelist_iati_version": "2.01", "vocabulary": null, "description": ""}, "model": "iati_codelists.budgetidentifier", "pk": "4.1.1"}, {"fields": {"category": "4.1", "name": "Water supply and Sanitation - education/training", "codelist_successor": null, "codelist_iati_version": "2.01", "vocabulary": null, "description": ""}, "model": "iati_codelists.budgetidentifier", "pk": "4.1.2"}, {"fields": {"category": "4.1", "name": "Water supply and Sanitation - rural water supply and sanitation", "codelist_successor": null, "codelist_iati_version": "2.01", "vocabulary": null, "description": ""}, "model": "iati_codelists.budgetidentifier", "pk": "4.1.3"}, {"fields": {"category": "4.1", "name": "Water supply and Sanitation - urban water supply and sanitation", "codelist_successor": null, "codelist_iati_version": "2.01", "vocabulary": null, "description": ""}, "model": "iati_codelists.budgetidentifier", "pk": "4.1.4"}, {"fields": {"category": "4.1", "name": "Water supply and Sanitation - rural water supply", "codelist_successor": null, "codelist_iati_version": "2.01", "vocabulary": null, "description": ""}, "model": "iati_codelists.budgetidentifier", "pk": "4.1.5"}, {"fields": {"category": "4.1", "name": "Water supply and Sanitation - urban water supply", "codelist_successor": null, "codelist_iati_version": "2.01", "vocabulary": null, "description": ""}, "model": "iati_codelists.budgetidentifier", "pk": "4.1.6"}, {"fields": {"category": "4.1", "name": "Water supply and Sanitation - rural sanitation", "codelist_successor": null, "codelist_iati_version": "2.01", "vocabulary": null, "description": ""}, "model": "iati_codelists.budgetidentifier", "pk": "4.1.7"}, {"fields": {"category": "4.1", "name": "Water supply and Sanitation - urban sanitation", "codelist_successor": null, "codelist_iati_version": "2.01", "vocabulary": null, "description": ""}, "model": "iati_codelists.budgetidentifier", "pk": "4.1.8"}, {"fields": {"category": "4.1", "name": "Water supply and Sanitation - sewage and waste management", "codelist_successor": null, "codelist_iati_version": "2.01", "vocabulary": null, "description": ""}, "model": "iati_codelists.budgetidentifier", "pk": "4.1.9"}, {"fields": {"category": "4.2", "name": "Environment - policy, planning and administration", "codelist_successor": null, "codelist_iati_version": "2.01", "vocabulary": null, "description": ""}, "model": "iati_codelists.budgetidentifier", "pk": "4.2.1"}, {"fields": {"category": "4.2", "name": "Environment - research/ education and training", "codelist_successor": null, "codelist_iati_version": "2.01", "vocabulary": null, "description": ""}, "model": "iati_codelists.budgetidentifier", "pk": "4.2.2"}, {"fields": {"category": "4.2", "name": "Environment - natural resource management", "codelist_successor": null, "codelist_iati_version": "2.01", "vocabulary": null, "description": ""}, "model": "iati_codelists.budgetidentifier", "pk": "4.2.3"}, {"fields": {"category": "4.2", "name": "Environment - water resources management", "codelist_successor": null, "codelist_iati_version": "2.01", "vocabulary": null, "description": ""}, "model": "iati_codelists.budgetidentifier", "pk": "4.2.4"}, {"fields": {"category": "4.2", "name": "Environment - wildlife protection, parks and site preservation", "codelist_successor": null, "codelist_iati_version": "2.01", "vocabulary": null, "description": ""}, "model": "iati_codelists.budgetidentifier", "pk": "4.2.5"}, {"fields": {"category": "5.1", "name": "Health - policy, planning and administration", "codelist_successor": null, "codelist_iati_version": "2.01", "vocabulary": null, "description": ""}, "model": "iati_codelists.budgetidentifier", "pk": "5.1.1"}, {"fields": {"category": "5.2", "name": "Recreation, Culture and Religion - recreation and sport", "codelist_successor": null, "codelist_iati_version": "2.01", "vocabulary": null, "description": ""}, "model": "iati_codelists.budgetidentifier", "pk": "5.2.1"}, {"fields": {"category": "5.2", "name": "Recreation, Culture and Religion - culture", "codelist_successor": null, "codelist_iati_version": "2.01", "vocabulary": null, "description": ""}, "model": "iati_codelists.budgetidentifier", "pk": "5.2.2"}, {"fields": {"category": "5.2", "name": "Recreation, Culture and Religion - broadcasting and publishing", "codelist_successor": null, "codelist_iati_version": "2.01", "vocabulary": null, "description": ""}, "model": "iati_codelists.budgetidentifier", "pk": "5.2.3"}, {"fields": {"category": "5.2", "name": "Recreation, Culture and Religion - religion", "codelist_successor": null, "codelist_iati_version": "2.01", "vocabulary": null, "description": ""}, "model": "iati_codelists.budgetidentifier", "pk": "5.2.4"}, {"fields": {"category": "5.3", "name": "Education - administration, policy and planning", "codelist_successor": null, "codelist_iati_version": "2.01", "vocabulary": null, "description": ""}, "model": "iati_codelists.budgetidentifier", "pk": "5.3.1"}, {"fields": {"category": "5.3", "name": "Education - advanced technical and managerial training", "codelist_successor": null, "codelist_iati_version": "2.01", "vocabulary": null, "description": ""}, "model": "iati_codelists.budgetidentifier", "pk": "5.3.10"}, {"fields": {"category": "5.3", "name": "Education - basic adult education", "codelist_successor": null, "codelist_iati_version": "2.01", "vocabulary": null, "description": ""}, "model": "iati_codelists.budgetidentifier", "pk": "5.3.11"}, {"fields": {"category": "5.3", "name": "Education - teacher training", "codelist_successor": null, "codelist_iati_version": "2.01", "vocabulary": null, "description": ""}, "model": "iati_codelists.budgetidentifier", "pk": "5.3.12"}, {"fields": {"category": "5.3", "name": "Education - subsidiary services", "codelist_successor": null, "codelist_iati_version": "2.01", "vocabulary": null, "description": ""}, "model": "iati_codelists.budgetidentifier", "pk": "5.3.13"}, {"fields": {"category": "5.3", "name": "Education - research", "codelist_successor": null, "codelist_iati_version": "2.01", "vocabulary": null, "description": ""}, "model": "iati_codelists.budgetidentifier", "pk": "5.3.2"}, {"fields": {"category": "5.3", "name": "Education - pre-primary", "codelist_successor": null, "codelist_iati_version": "2.01", "vocabulary": null, "description": ""}, "model": "iati_codelists.budgetidentifier", "pk": "5.3.3"}, {"fields": {"category": "5.3", "name": "Education - primary", "codelist_successor": null, "codelist_iati_version": "2.01", "vocabulary": null, "description": ""}, "model": "iati_codelists.budgetidentifier", "pk": "5.3.4"}, {"fields": {"category": "5.3", "name": "Education - lower secondary", "codelist_successor": null, "codelist_iati_version": "2.01", "vocabulary": null, "description": ""}, "model": "iati_codelists.budgetidentifier", "pk": "5.3.5"}, {"fields": {"category": "5.3", "name": "Education - upper secondary", "codelist_successor": null, "codelist_iati_version": "2.01", "vocabulary": null, "description": ""}, "model": "iati_codelists.budgetidentifier", "pk": "5.3.6"}, {"fields": {"category": "5.3", "name": "Education - post secondary non tertiary ", "codelist_successor": null, "codelist_iati_version": "2.01", "vocabulary": null, "description": ""}, "model": "iati_codelists.budgetidentifier", "pk": "5.3.7"}, {"fields": {"category": "5.3", "name": "Education - tertiary", "codelist_successor": null, "codelist_iati_version": "2.01", "vocabulary": null, "description": ""}, "model": "iati_codelists.budgetidentifier", "pk": "5.3.8"}, {"fields": {"category": "5.3", "name": "Education - vocational training", "codelist_successor": null, "codelist_iati_version": "2.01", "vocabulary": null, "description": ""}, "model": "iati_codelists.budgetidentifier", "pk": "5.3.9"}, {"fields": {"category": "5.4", "name": "Social Protection, Land Housing and Community Amenities - policy, planning and administration", "codelist_successor": null, "codelist_iati_version": "2.01", "vocabulary": null, "description": ""}, "model": "iati_codelists.budgetidentifier", "pk": "5.4.1"}, {"fields": {"category": "5.4", "name": "Social Protection, Land Housing and Community Amenities - emergency relief", "codelist_successor": null, "codelist_iati_version": "2.01", "vocabulary": null, "description": ""}, "model": "iati_codelists.budgetidentifier", "pk": "5.4.10"}, {"fields": {"category": "5.4", "name": "Social Protection, Land Housing and Community Amenities - disaster prevention and preparedness", "codelist_successor": null, "codelist_iati_version": "2.01", "vocabulary": null, "description": ""}, "model": "iati_codelists.budgetidentifier", "pk": "5.4.11"}, {"fields": {"category": "5.4", "name": "Social Protection, Land Housing and Community Amenities - support to refugees and internally displaced persons", "codelist_successor": null, "codelist_iati_version": "2.01", "vocabulary": null, "description": ""}, "model": "iati_codelists.budgetidentifier", "pk": "5.4.12"}, {"fields": {"category": "5.4", "name": "Social Protection, Land Housing and Community Amenities - social security (excl pensions)", "codelist_successor": null, "codelist_iati_version": "2.01", "vocabulary": null, "description": ""}, "model": "iati_codelists.budgetidentifier", "pk": "5.4.2"}, {"fields": {"category": "5.4", "name": "Social Protection, Land Housing and Community Amenities - general pensions", "codelist_successor": null, "codelist_iati_version": "2.01", "vocabulary": null, "description": ""}, "model": "iati_codelists.budgetidentifier", "pk": "5.4.3"}, {"fields": {"category": "5.4", "name": "Social Protection, Land Housing and Community Amenities - civil service and military pensions", "codelist_successor": null, "codelist_iati_version": "2.01", "vocabulary": null, "description": ""}, "model": "iati_codelists.budgetidentifier", "pk": "5.4.4"}, {"fields": {"category": "5.4", "name": "Social Protection, Land Housing and Community Amenities - social services (incl youth development and women+ children)", "codelist_successor": null, "codelist_iati_version": "2.01", "vocabulary": null, "description": ""}, "model": "iati_codelists.budgetidentifier", "pk": "5.4.5"}, {"fields": {"category": "5.4", "name": "Social Protection, Land Housing and Community Amenities - land policy and management", "codelist_successor": null, "codelist_iati_version": "2.01", "vocabulary": null, "description": ""}, "model": "iati_codelists.budgetidentifier", "pk": "5.4.6"}, {"fields": {"category": "5.4", "name": "Social Protection, Land Housing and Community Amenities - rural devt", "codelist_successor": null, "codelist_iati_version": "2.01", "vocabulary": null, "description": ""}, "model": "iati_codelists.budgetidentifier", "pk": "5.4.7"}, {"fields": {"category": "5.4", "name": "Social Protection, Land Housing and Community Amenities - urban devt", "codelist_successor": null, "codelist_iati_version": "2.01", "vocabulary": null, "description": ""}, "model": "iati_codelists.budgetidentifier", "pk": "5.4.8"}, {"fields": {"category": "5.4", "name": "Social Protection, Land Housing and Community Amenities - housing and community amenities", "codelist_successor": null, "codelist_iati_version": "2.01", "vocabulary": null, "description": ""}, "model": "iati_codelists.budgetidentifier", "pk": "5.4.9"}, {"fields": {"category": "6.1", "name": "Development Partner affairs - policy planning and administration", "codelist_successor": null, "codelist_iati_version": "2.01", "vocabulary": null, "description": ""}, "model": "iati_codelists.budgetidentifier", "pk": "6.1.1"}, {"fields": {"category": "6.1", "name": "Development Partner affairs - Technical staff services", "codelist_successor": null, "codelist_iati_version": "2.01", "vocabulary": null, "description": ""}, "model": "iati_codelists.budgetidentifier", "pk": "6.1.2"}, {"fields": {"category": "7.1", "name": "External to government sector - External to general government sector", "codelist_successor": null, "codelist_iati_version": "2.01", "vocabulary": null, "description": ""}, "model": "iati_codelists.budgetidentifier", "pk": "7.1.1"}, {"fields": {"category": "7.2", "name": "General Budget Support - General Budget Support", "codelist_successor": null, "codelist_iati_version": "2.01", "vocabulary": null, "description": ""}, "model": "iati_codelists.budgetidentifier", "pk": "7.2.1"}, {"fields": {"codelist_iati_version": "2.01", "name": "General Enquiries", "codelist_successor": null, "description": "General Enquiries"}, "model": "iati_codelists.contacttype", "pk": "1"}, {"fields": {"codelist_iati_version": "2.01", "name": "Project Management", "codelist_successor": null, "description": "Project Management"}, "model": "iati_codelists.contacttype", "pk": "2"}, {"fields": {"codelist_iati_version": "2.01", "name": "Financial Management", "codelist_successor": null, "description": "Financial Management"}, "model": "iati_codelists.contacttype", "pk": "3"}, {"fields": {"codelist_iati_version": "2.01", "name": "Communications", "codelist_successor": null, "description": "Communications"}, "model": "iati_codelists.contacttype", "pk": "4"}, {"fields": {"codelist_iati_version": "2.01", "name": "Annual", "codelist_successor": null, "description": "The loan has 1 repayment per year"}, "model": "iati_codelists.loanrepaymentperiod", "pk": "1"}, {"fields": {"codelist_iati_version": "2.01", "name": "Monthly", "codelist_successor": null, "description": "The loan has 12, monthly repayments per year"}, "model": "iati_codelists.loanrepaymentperiod", "pk": "12"}, {"fields": {"codelist_iati_version": "2.01", "name": "Semi-annual", "codelist_successor": null, "description": "The loan has 2 repayments per year"}, "model": "iati_codelists.loanrepaymentperiod", "pk": "2"}, {"fields": {"codelist_iati_version": "2.01", "name": "Quarterly", "codelist_successor": null, "description": "The loan has 4 repayments per year "}, "model": "iati_codelists.loanrepaymentperiod", "pk": "4"}, {"fields": {"codelist_iati_version": "2.01", "name": "Equal Principal Payments (EPP)", "codelist_successor": null, "description": "As required and defined by CRS++ reporting format Column 44"}, "model": "iati_codelists.loanrepaymenttype", "pk": "1"}, {"fields": {"codelist_iati_version": "2.01", "name": "Annuity", "codelist_successor": null, "description": "As required and defined by CRS++ reporting format Column 44"}, "model": "iati_codelists.loanrepaymenttype", "pk": "2"}, {"fields": {"codelist_iati_version": "2.01", "name": "Lump sum", "codelist_successor": null, "description": "As required and defined by CRS++ reporting format Column 44"}, "model": "iati_codelists.loanrepaymenttype", "pk": "3"}, {"fields": {"codelist_iati_version": "2.01", "name": "Other", "codelist_successor": null, "description": "As required and defined by CRS++ reporting format Column 44"}, "model": "iati_codelists.loanrepaymenttype", "pk": "5"}, {"fields": {"url": " ", "codelist_iati_version": "2.01", "name": "1.01", "codelist_successor": null, "description": ""}, "model": "iati_codelists.version", "pk": "1.01"}, {"fields": {"url": " ", "codelist_iati_version": "2.01", "name": "1.02", "codelist_successor": null, "description": ""}, "model": "iati_codelists.version", "pk": "1.02"}, {"fields": {"url": " ", "codelist_iati_version": "2.01", "name": "1.03", "codelist_successor": null, "description": ""}, "model": "iati_codelists.version", "pk": "1.03"}, {"fields": {"url": " ", "codelist_iati_version": "2.01", "name": "1.04", "codelist_successor": null, "description": ""}, "model": "iati_codelists.version", "pk": "1.04"}, {"fields": {"url": " ", "codelist_iati_version": "2.01", "name": "1.05", "codelist_successor": null, "description": ""}, "model": "iati_codelists.version", "pk": "1.05"}, {"fields": {"url": " ", "codelist_iati_version": "2.01", "name": "2.01", "codelist_successor": null, "description": ""}, "model": "iati_codelists.version", "pk": "2.01"}, {"fields": {"codelist_iati_version": "2.01", "name": "Reporting Organisation's internal activity identifier", "codelist_successor": null, "description": ""}, "model": "iati_codelists.otheridentifiertype", "pk": "A1"}, {"fields": {"codelist_iati_version": "2.01", "name": "CRS Activity identifier", "codelist_successor": null, "description": ""}, "model": "iati_codelists.otheridentifiertype", "pk": "A2"}, {"fields": {"codelist_iati_version": "2.01", "name": "Previous Activity Identifier", "codelist_successor": null, "description": "The standard insists that once an activity has been reported to IATI its identifier MUST NOT be changed, even if the reporting organisation changes its organisation identifier. There may be exceptional circumstances in which this rule cannot be followed, in which case the previous identifier should be reported using this code."}, "model": "iati_codelists.otheridentifiertype", "pk": "A3"}, {"fields": {"codelist_iati_version": "2.01", "name": "Other Activity Identifier", "codelist_successor": null, "description": ""}, "model": "iati_codelists.otheridentifiertype", "pk": "A9"}, {"fields": {"codelist_iati_version": "2.01", "name": "Previous Reporting Organisation Identifier", "codelist_successor": null, "description": ""}, "model": "iati_codelists.otheridentifiertype", "pk": "B1"}, {"fields": {"codelist_iati_version": "2.01", "name": "Other Organisation Identifier", "codelist_successor": null, "description": ""}, "model": "iati_codelists.otheridentifiertype", "pk": "B9"}, {"fields": {"codelist_iati_version": "2.01", "name": "Unit", "codelist_successor": null, "description": "The indicator is measured in units."}, "model": "iati_codelists.indicatormeasure", "pk": "1"}, {"fields": {"codelist_iati_version": "2.01", "name": "Percentage", "codelist_successor": null, "description": "The indicator is measured in percentages"}, "model": "iati_codelists.indicatormeasure", "pk": "2"}, {"fields": {"category": "", "name": "Afghanistan Central Business Registry", "codelist_successor": null, "url": " ", "codelist_iati_version": "2.01", "public_database": false, "description": "Website not yet searchable "}, "model": "iati_codelists.organisationregistrationagency", "pk": "AF-CBR"}, {"fields": {"category": "", "name": "Ministry of Economy", "codelist_successor": null, "url": " ", "codelist_iati_version": "2.01", "public_database": false, "description": ""}, "model": "iati_codelists.organisationregistrationagency", "pk": "AF-MOE"}, {"fields": {"category": "", "name": "Australian Business Register", "codelist_successor": null, "url": " ", "codelist_iati_version": "2.01", "public_database": false, "description": ""}, "model": "iati_codelists.organisationregistrationagency", "pk": "AU-ABN"}, {"fields": {"category": "", "name": "Australian Charities and Not-for-profits Commission", "codelist_successor": null, "url": " ", "codelist_iati_version": "2.01", "public_database": false, "description": ""}, "model": "iati_codelists.organisationregistrationagency", "pk": "AU-ACNC"}, {"fields": {"category": "", "name": "Bangladesh NGO Affairs Bureau", "codelist_successor": null, "url": " ", "codelist_iati_version": "2.01", "public_database": false, "description": ""}, "model": "iati_codelists.organisationregistrationagency", "pk": "BD-NAB"}, {"fields": {"category": "", "name": "Banque Carrefour des entreprises / Kruispuntbank van ondernemingen", "codelist_successor": null, "url": " ", "codelist_iati_version": "2.01", "public_database": false, "description": ""}, "model": "iati_codelists.organisationregistrationagency", "pk": "BE-BCE_KBO"}, {"fields": {"category": "", "name": "Canadian Revenue Agency / Agence du revenu du Canada", "codelist_successor": null, "url": " ", "codelist_iati_version": "2.01", "public_database": false, "description": "CRA_ACR is legal requirement for bilingual use"}, "model": "iati_codelists.organisationregistrationagency", "pk": "CA-CRA_ACR"}, {"fields": {"category": "", "name": "Common Directory of Organizational Units and Offices - DIR3", "codelist_successor": null, "url": " ", "codelist_iati_version": "2.01", "public_database": false, "description": "EXCEL Tables: http://administracionelectronica.gob.es/ctt/resources/Soluciones/238/Area%20descargas/Listado%20Oficinas%20AGE.xlsx?idIniciativa=238&idElemento=2745"}, "model": "iati_codelists.organisationregistrationagency", "pk": "ES-DIR3"}, {"fields": {"category": "", "name": "Ministry of Foreign Affairs", "codelist_successor": null, "url": " ", "codelist_iati_version": "2.01", "public_database": false, "description": "Charities are registered but no openly searchable database yet available. "}, "model": "iati_codelists.organisationregistrationagency", "pk": "ET-MFA"}, {"fields": {"category": "", "name": "Finnish Patent and Registration office", "codelist_successor": null, "url": " ", "codelist_iati_version": "2.01", "public_database": false, "description": ""}, "model": "iati_codelists.organisationregistrationagency", "pk": "FI-PRO"}, {"fields": {"category": "", "name": "Registre de Commerce et des Societies /Trade and Companies Register - Commercial Court Registry", "codelist_successor": null, "url": " ", "codelist_iati_version": "2.01", "public_database": false, "description": ""}, "model": "iati_codelists.organisationregistrationagency", "pk": "FR-RCS"}, {"fields": {"category": "", "name": "Charity Commission", "codelist_successor": null, "url": " ", "codelist_iati_version": "2.01", "public_database": false, "description": ""}, "model": "iati_codelists.organisationregistrationagency", "pk": "GB-CHC"}, {"fields": {"category": "", "name": "Companies House", "codelist_successor": null, "url": " ", "codelist_iati_version": "2.01", "public_database": false, "description": ""}, "model": "iati_codelists.organisationregistrationagency", "pk": "GB-COH"}, {"fields": {"category": "", "name": "UK Government Departments Reference Numbers", "codelist_successor": null, "url": " ", "codelist_iati_version": "2.01", "public_database": false, "description": "Codes for use by IATI for UK Government Departments."}, "model": "iati_codelists.organisationregistrationagency", "pk": "GB-GOV"}, {"fields": {"category": "", "name": "UK Government Departments, Agencies & Public Bodies", "codelist_successor": null, "url": " ", "codelist_iati_version": "2.01", "public_database": false, "description": "Use the final segment of the url (below /organisations) as the \"registration number\", converting all \"-\" to \"_\". Keep \"registration number\" portion all lowercase. "}, "model": "iati_codelists.organisationregistrationagency", "pk": "GB-GOVUK"}, {"fields": {"category": "", "name": "The Charity Commission for Northern Ireland", "codelist_successor": null, "url": " ", "codelist_iati_version": "2.01", "public_database": false, "description": ""}, "model": "iati_codelists.organisationregistrationagency", "pk": "GB-NIC"}, {"fields": {"category": "", "name": "HM Revenue and Customs", "codelist_successor": null, "url": " ", "codelist_iati_version": "2.01", "public_database": false, "description": ""}, "model": "iati_codelists.organisationregistrationagency", "pk": "GB-REV"}, {"fields": {"category": "", "name": "Scottish Charity Register", "codelist_successor": null, "url": " ", "codelist_iati_version": "2.01", "public_database": false, "description": ""}, "model": "iati_codelists.organisationregistrationagency", "pk": "GB-SC"}, {"fields": {"category": "", "name": "UK Register of Learning Providers", "codelist_successor": null, "url": " ", "codelist_iati_version": "2.01", "public_database": false, "description": ""}, "model": "iati_codelists.organisationregistrationagency", "pk": "GB-UKPRN"}, {"fields": {"category": "", "name": "Department of Social Welfare", "codelist_successor": null, "url": " ", "codelist_iati_version": "2.01", "public_database": false, "description": ""}, "model": "iati_codelists.organisationregistrationagency", "pk": "GH-DSW"}, {"fields": {"category": "", "name": "Ministry Home affairs/ Kementerian Dalam Negeri", "codelist_successor": null, "url": " ", "codelist_iati_version": "2.01", "public_database": false, "description": "NGO registration can also be done through Ministry Home affairs/ Kementerian Dalam Negeri"}, "model": "iati_codelists.organisationregistrationagency", "pk": "ID-KDN"}, {"fields": {"category": "", "name": "Ministry of Justice & Human Rights/ Kementerian Hukum Dan Hak", "codelist_successor": null, "url": " ", "codelist_iati_version": "2.01", "public_database": false, "description": "Company registration is done through Ministry of Justice & Human Rights/ Kementerian Hukum Dan Hak"}, "model": "iati_codelists.organisationregistrationagency", "pk": "ID-KHH"}, {"fields": {"category": "", "name": "Ministry of Foreign affairs/ Kementerian Luar Negeri", "codelist_successor": null, "url": " ", "codelist_iati_version": "2.01", "public_database": false, "description": "International NGO registration is done through Ministry of Foreign affairs/ Kementerian Luar Negeri"}, "model": "iati_codelists.organisationregistrationagency", "pk": "ID-KLN"}, {"fields": {"category": "", "name": "NGOs registered at Provinicial Level", "codelist_successor": null, "url": " ", "codelist_iati_version": "2.01", "public_database": false, "description": "Registration for NGO in Indonesia can be done at the provincial level. Because there is regional autonomy, each provincial has different requirements. Website is just one example"}, "model": "iati_codelists.organisationregistrationagency", "pk": "ID-PRO"}, {"fields": {"category": "", "name": "Irish Register of Charities", "codelist_successor": null, "url": " ", "codelist_iati_version": "2.01", "public_database": false, "description": ""}, "model": "iati_codelists.organisationregistrationagency", "pk": "IE-CHY"}, {"fields": {"category": "", "name": "Irish CompaniesRegistration Office", "codelist_successor": null, "url": " ", "codelist_iati_version": "2.01", "public_database": false, "description": ""}, "model": "iati_codelists.organisationregistrationagency", "pk": "IE-CRO"}, {"fields": {"category": "", "name": "Isle of Man Companies Registry", "codelist_successor": null, "url": " ", "codelist_iati_version": "2.01", "public_database": false, "description": ""}, "model": "iati_codelists.organisationregistrationagency", "pk": "IM-CR"}, {"fields": {"category": "", "name": "Isle of Man Index of Registered Charities", "codelist_successor": null, "url": " ", "codelist_iati_version": "2.01", "public_database": false, "description": ""}, "model": "iati_codelists.organisationregistrationagency", "pk": "IM-GR"}, {"fields": {"category": "", "name": "Government of India, Minstry of Corporate Affairs", "codelist_successor": null, "url": " ", "codelist_iati_version": "2.01", "public_database": false, "description": "MCA regulates corporate affairs in India through the Companies Act, 1956, 2013 and other allied Acts, Bills and Rules."}, "model": "iati_codelists.organisationregistrationagency", "pk": "IN-MCA"}, {"fields": {"category": "", "name": "NGO's Coordination Board", "codelist_successor": null, "url": " ", "codelist_iati_version": "2.01", "public_database": false, "description": ""}, "model": "iati_codelists.organisationregistrationagency", "pk": "KE-NCB"}, {"fields": {"category": "", "name": "Registar of Companies", "codelist_successor": null, "url": " ", "codelist_iati_version": "2.01", "public_database": false, "description": ""}, "model": "iati_codelists.organisationregistrationagency", "pk": "KE-RCO"}, {"fields": {"category": "", "name": "Registrar of Societies", "codelist_successor": null, "url": " ", "codelist_iati_version": "2.01", "public_database": false, "description": ""}, "model": "iati_codelists.organisationregistrationagency", "pk": "KE-RSO"}, {"fields": {"category": "", "name": "Lesotho Council of Non Governmental Organisations", "codelist_successor": null, "url": " ", "codelist_iati_version": "2.01", "public_database": false, "description": ""}, "model": "iati_codelists.organisationregistrationagency", "pk": "LS-LCN"}, {"fields": {"category": "", "name": "Ministry of Home Affairs - Central Committee for the Registration and Supervision of Organisations", "codelist_successor": null, "url": " ", "codelist_iati_version": "2.01", "public_database": false, "description": "The MHA assigns a registration number to each NGO - this number is time limited, for example 4 years, after which the registration is reviewed."}, "model": "iati_codelists.organisationregistrationagency", "pk": "MM-MHA"}, {"fields": {"category": "", "name": "The Council for Non Governmental Organisations in Malawi", "codelist_successor": null, "url": " ", "codelist_iati_version": "2.01", "public_database": false, "description": ""}, "model": "iati_codelists.organisationregistrationagency", "pk": "MW-CNM"}, {"fields": {"category": "", "name": "Malawi Revenue Authority", "codelist_successor": null, "url": " ", "codelist_iati_version": "2.01", "public_database": false, "description": ""}, "model": "iati_codelists.organisationregistrationagency", "pk": "MW-MRA"}, {"fields": {"category": "", "name": "NGO Board of Malawi", "codelist_successor": null, "url": " ", "codelist_iati_version": "2.01", "public_database": false, "description": "There is a pdf file with a list of registered NGOs, but these do not appear to be registration numbers. New database is planned"}, "model": "iati_codelists.organisationregistrationagency", "pk": "MW-NBM"}, {"fields": {"category": "", "name": "Registrar General, Department of Justice", "codelist_successor": null, "url": " ", "codelist_iati_version": "2.01", "public_database": false, "description": ""}, "model": "iati_codelists.organisationregistrationagency", "pk": "MW-RG"}, {"fields": {"category": "", "name": "Mozambique Ministry of Justice", "codelist_successor": null, "url": " ", "codelist_iati_version": "2.01", "public_database": false, "description": ""}, "model": "iati_codelists.organisationregistrationagency", "pk": "MZ-MOJ"}, {"fields": {"category": "", "name": "Kamer van Koophandel", "codelist_successor": null, "url": " ", "codelist_iati_version": "2.01", "public_database": false, "description": ""}, "model": "iati_codelists.organisationregistrationagency", "pk": "NL-KVK"}, {"fields": {"category": "", "name": "Br\u00f8nn\u00f8ysundregistrene", "codelist_successor": null, "url": " ", "codelist_iati_version": "2.01", "public_database": false, "description": ""}, "model": "iati_codelists.organisationregistrationagency", "pk": "NO-BRC"}, {"fields": {"category": "", "name": "Company Registrar Office", "codelist_successor": null, "url": " ", "codelist_iati_version": "2.01", "public_database": false, "description": ""}, "model": "iati_codelists.organisationregistrationagency", "pk": "NP-CRO"}, {"fields": {"category": "", "name": "NGO registration", "codelist_successor": null, "url": " ", "codelist_iati_version": "2.01", "public_database": false, "description": ""}, "model": "iati_codelists.organisationregistrationagency", "pk": "NP-SWC"}, {"fields": {"category": "", "name": "Pakistan Centre for Philanthropy", "codelist_successor": null, "url": " ", "codelist_iati_version": "2.01", "public_database": false, "description": "The PCP Certification Programme seeks to bring transparency, accountability and good governance in the nonprofit sector in Pakistan. The first initiative of its kind in South Asia; it involves the evaluation of a nonprofit organisation on standardised parameters of internal governance, financial management and programme delivery."}, "model": "iati_codelists.organisationregistrationagency", "pk": "PK-PCP"}, {"fields": {"category": "", "name": "Bolagsverket / Swedish Companies Registration Office", "codelist_successor": null, "url": " ", "codelist_iati_version": "2.01", "public_database": false, "description": ""}, "model": "iati_codelists.organisationregistrationagency", "pk": "SE-BLV"}, {"fields": {"category": "", "name": "Slovakia Ministry Of Interior Trade Register", "codelist_successor": null, "url": " ", "codelist_iati_version": "2.01", "public_database": false, "description": "Most organisations (including NGOs) have to be registered with the Ministry of Interior for the Trade Register Of The Slovak Republic (\u017divnostensky Register Slovenskej Republiky) and are allocated a unique registration number"}, "model": "iati_codelists.organisationregistrationagency", "pk": "SK-ZRSR"}, {"fields": {"category": "", "name": "United State Register, Ukraine", "codelist_successor": null, "url": " ", "codelist_iati_version": "2.01", "public_database": false, "description": ""}, "model": "iati_codelists.organisationregistrationagency", "pk": "UA-EDR"}, {"fields": {"category": "", "name": "NGO Board, Ministry of Internal Affairs", "codelist_successor": null, "url": " ", "codelist_iati_version": "2.01", "public_database": false, "description": ""}, "model": "iati_codelists.organisationregistrationagency", "pk": "UG-NGB"}, {"fields": {"category": "", "name": "Registration Services Bureau", "codelist_successor": null, "url": " ", "codelist_iati_version": "2.01", "public_database": false, "description": ""}, "model": "iati_codelists.organisationregistrationagency", "pk": "UG-RSB"}, {"fields": {"category": "", "name": "Corporation registration is the responsibility of each state (see link)", "codelist_successor": null, "url": " ", "codelist_iati_version": "2.01", "public_database": false, "description": ""}, "model": "iati_codelists.organisationregistrationagency", "pk": "US-DOS"}, {"fields": {"category": "", "name": "Internal Revenue Service / Employer Identification Number", "codelist_successor": null, "url": " ", "codelist_iati_version": "2.01", "public_database": false, "description": ""}, "model": "iati_codelists.organisationregistrationagency", "pk": "US-EIN"}, {"fields": {"category": "", "name": "Index of U.S. Government Departments and Agencies", "codelist_successor": null, "url": " ", "codelist_iati_version": "2.01", "public_database": false, "description": "Use the final segment of the url (below /federal and excluding the extension) as the \"registration number\", converting all \"-\" to \"_\". Keep \"registration number\" portion all lowercase. "}, "model": "iati_codelists.organisationregistrationagency", "pk": "US-USAGOV"}, {"fields": {"category": "", "name": "International Aid Transparency Initiative Organisation Identifier", "codelist_successor": null, "url": " ", "codelist_iati_version": "2.01", "public_database": false, "description": "XI-IATI is a list of organisation identifiers that is maintained by the IATI Secretariat. Any publisher may apply to the IATI Technical Team for an identifier to be generated."}, "model": "iati_codelists.organisationregistrationagency", "pk": "XI-IATI"}, {"fields": {"category": "", "name": "OECD Development Assistance Committee", "codelist_successor": null, "url": " ", "codelist_iati_version": "2.01", "public_database": false, "description": "See Donor, Agency, and Delivery Channel codes"}, "model": "iati_codelists.organisationregistrationagency", "pk": "XM-DAC"}, {"fields": {"category": "", "name": "United Nations Office for the Coordination of Humanitarian Affairs", "codelist_successor": null, "url": " ", "codelist_iati_version": "2.01", "public_database": false, "description": "OCHA is the part of the United Nations Secretariat responsible for bringing together humanitarian actors to ensure a coherent response to emergencies."}, "model": "iati_codelists.organisationregistrationagency", "pk": "XM-OCHA"}, {"fields": {"category": "", "name": "Companies and Intellectual Property Commission (CIPC)", "codelist_successor": null, "url": " ", "codelist_iati_version": "2.01", "public_database": false, "description": ""}, "model": "iati_codelists.organisationregistrationagency", "pk": "ZA-CIP"}, {"fields": {"category": "", "name": "Association for Non-Profit Organisations", "codelist_successor": null, "url": " ", "codelist_iati_version": "2.01", "public_database": false, "description": ""}, "model": "iati_codelists.organisationregistrationagency", "pk": "ZA-NPO"}, {"fields": {"category": "", "name": "SA Revenue Service Tax Exemption Unit / Public Benefit Organisations", "codelist_successor": null, "url": " ", "codelist_iati_version": "2.01", "public_database": false, "description": ""}, "model": "iati_codelists.organisationregistrationagency", "pk": "ZA-PBO"}, {"fields": {"category": "", "name": "Non Governmental Organisation Registration Board", "codelist_successor": null, "url": " ", "codelist_iati_version": "2.01", "public_database": false, "description": ""}, "model": "iati_codelists.organisationregistrationagency", "pk": "ZM-NRB"}, {"fields": {"category": "", "name": "Patents and Companies Registration Agency", "codelist_successor": null, "url": " ", "codelist_iati_version": "2.01", "public_database": false, "description": ""}, "model": "iati_codelists.organisationregistrationagency", "pk": "ZM-PCR"}, {"fields": {"category": "", "name": "Private Voluntary Organisations Council", "codelist_successor": null, "url": " ", "codelist_iati_version": "2.01", "public_database": false, "description": ""}, "model": "iati_codelists.organisationregistrationagency", "pk": "ZW-PVO"}, {"fields": {"category": "", "name": "Registrar of Deeds", "codelist_successor": null, "url": " ", "codelist_iati_version": "2.01", "public_database": false, "description": ""}, "model": "iati_codelists.organisationregistrationagency", "pk": "ZW-ROD"}, {"fields": {"codelist_iati_version": "2.01", "name": "Free standing technical cooperation", "codelist_successor": null, "description": "Free standing technical cooperation (Col 24 in CRS++ Reporting format)"}, "model": "iati_codelists.otherflags", "pk": "1"}, {"fields": {"codelist_iati_version": "2.01", "name": "Programme-based approach", "codelist_successor": null, "description": "Programme-based approach (Col 25 in CRS++ Reporting format)"}, "model": "iati_codelists.otherflags", "pk": "2"}, {"fields": {"codelist_iati_version": "2.01", "name": "Investment project", "codelist_successor": null, "description": "Investment project (Col 26 in CRS++ Reporting format)"}, "model": "iati_codelists.otherflags", "pk": "3"}, {"fields": {"codelist_iati_version": "2.01", "name": "Associated financing", "codelist_successor": null, "description": "Associated financing (Col 27 in CRS++ Reporting format)"}, "model": "iati_codelists.otherflags", "pk": "4"}, {"fields": {"codelist_iati_version": "2.01", "name": "Incoming Funds", "codelist_successor": "", "description": "Funds recieved for use on the activity, which can be from an external or internal source. "}, "model": "iati_codelists.transactiontype", "pk": "1"}, {"fields": {"codelist_iati_version": "2.01", "name": "Credit Guarantee", "codelist_successor": "", "description": "A commitment made by a funding organisation to underwrite a loan or line of credit entered into by a third party. "}, "model": "iati_codelists.transactiontype", "pk": "10"}, {"fields": {"codelist_iati_version": "2.01", "name": "Commitment", "codelist_successor": "", "description": "A firm, written obligation from a donor or provider to provide a specified amount of funds, under particular terms and conditions, for specific purposes, for the benefit of the recipient. "}, "model": "iati_codelists.transactiontype", "pk": "2"}, {"fields": {"codelist_iati_version": "2.01", "name": "Disbursement", "codelist_successor": "", "description": "Outgoing funds that are placed at the disposal of a recipient government or organisation, or funds transferred between two separately reported activities.Under IATI traceability standards the recipient of a disbursement should also be required to report their activities to IATI."}, "model": "iati_codelists.transactiontype", "pk": "3"}, {"fields": {"codelist_iati_version": "2.01", "name": "Expenditure", "codelist_successor": "", "description": "Outgoing funds that are spent on goods and services for the activity. The recipients of expenditures fall outside of IATI traceability standards."}, "model": "iati_codelists.transactiontype", "pk": "4"}, {"fields": {"codelist_iati_version": "2.01", "name": "Interest Repayment", "codelist_successor": "", "description": "The actual amount of interest paid on a loan or line of credit, including fees."}, "model": "iati_codelists.transactiontype", "pk": "5"}, {"fields": {"codelist_iati_version": "2.01", "name": "Loan Repayment", "codelist_successor": "", "description": "The actual amount of principal (amortisation) repaid, including any arrears. "}, "model": "iati_codelists.transactiontype", "pk": "6"}, {"fields": {"codelist_iati_version": "2.01", "name": "Reimbursement", "codelist_successor": "", "description": "A type of disbursement that covers funds that have already been spent by the recipient, as agreed in the terms of the grant or loan"}, "model": "iati_codelists.transactiontype", "pk": "7"}, {"fields": {"codelist_iati_version": "2.01", "name": "Purchase of Equity", "codelist_successor": "", "description": "Outgoing funds that are used to purchase equity in a business"}, "model": "iati_codelists.transactiontype", "pk": "8"}, {"fields": {"codelist_iati_version": "2.01", "name": "Sale of Equity", "codelist_successor": "", "description": "Incoming funds from the sale of equity. "}, "model": "iati_codelists.transactiontype", "pk": "9"}]